/*
Navicat MySQL Data Transfer

Source Server         : 47.243.114.191
Source Server Version : 50737
Source Host           : 47.243.114.191:3306
Source Database       : source-vue

Target Server Type    : MYSQL
Target Server Version : 50737
File Encoding         : 65001

Date: 2022-03-14 19:23:55
*/

SET FOREIGN_KEY_CHECKS=0;

-- ----------------------------
-- Table structure for cms_article
-- ----------------------------
DROP TABLE IF EXISTS `cms_article`;
CREATE TABLE `cms_article` (
  `id` bigint(20) NOT NULL AUTO_INCREMENT COMMENT 'id',
  `article_type` varchar(50) NOT NULL COMMENT '类型',
  `small_title` varchar(100) NOT NULL COMMENT '简短标题',
  `big_title` varchar(200) DEFAULT NULL COMMENT '完整标题',
  `face_url` varchar(200) DEFAULT NULL COMMENT '封面图',
  `face_thum` varchar(200) DEFAULT NULL COMMENT '缩略图',
  `article_content` mediumtext COMMENT '内容',
  `article_source` varchar(50) DEFAULT NULL COMMENT '来源',
  `sort_no` int(4) DEFAULT NULL COMMENT '排序号',
  `star_Num` int(10) DEFAULT NULL,
  `create_time` datetime DEFAULT NULL COMMENT '创建时间',
  `create_by` varchar(50) DEFAULT NULL COMMENT '创建人',
  `update_time` datetime DEFAULT NULL COMMENT '修改时间',
  `update_by` varchar(50) DEFAULT NULL COMMENT '修改人',
  `remark` varchar(100) DEFAULT NULL COMMENT '备注',
  PRIMARY KEY (`id`)
) ENGINE=InnoDB AUTO_INCREMENT=73 DEFAULT CHARSET=utf8 COMMENT='内容管理';

-- ----------------------------
-- Records of cms_article
-- ----------------------------
INSERT INTO `cms_article` VALUES ('59', '开源项目', '租房小程序', '我们拥有敏捷的互联网产品思维，不断的去发现和创造更符合社会需要的产品，为了开源，理想和自由不懈努力。', '/profile/upload/2022/03/04/c3557078-2c19-49ca-a92d-d33a909274a1.jpg', null, '<p>多端适用的租房小程序，带管理员后台。是一个完整的项目，可以直接使用。</p><p>1、使用Uniapp开发的前台，基于 Vue.js 开发所有前端应用的框架，开发者编写一套代码，可发布到iOS、Android、Web（响应式）、以及各种小程序</p><p>2、使用若依开发的后台，基于SpringBoot的权限管理系统 易读易懂、界面简洁美观。 核心技术采用Spring、MyBatis、Shiro，系统功能完善，代码结构清晰</p><p>项目地址：<a href=\"https://gitee.com/link?target=http%3A%2F%2F8.136.213.245%3A8080%2Fh5%2F\" rel=\"noopener noreferrer\" target=\"_blank\">http://8.136.213.245:8080/h5/</a></p><blockquote>发现有问题？欢迎加我微信（手机同号）一起探讨，或者直接提Issues</blockquote><p><strong>温馨提醒</strong></p><p>1、本项目仅适用于学习交流，并且不提供无偿的、 不提供无偿的、 不提供无偿的 维护修改服务（但可提issue）***</p><p>2、本项目不在任何平台出售,如有发现请积极举报！</p><p>3、为了更好的体验，友情提示此项目是一个全栈项目，熟练掌握后你就比大多数人牛掰了，认真刻苦的掌握它，累觉不爱ღ( ´･ᴗ･` )比心</p><p><strong>优质项目</strong></p><p>1. 开源字节(传播开源的理念) https://gitee.com/open-source-byte</p><p>2. 开源字节低代码开发平台(追求极致用户体验) https://gitee.com/cookieBoy/source-byte</p><p><strong>项目简介</strong></p><p>本项目是2021年9月份左右的产物，花了大概一年时间做完。</p><blockquote>项目虽然没有做的很完整，但是整体的数据架构还算是可以的，可以很容易进行功能完善和添加新功能。里面还有很多可以完善的地方，比如 实名认证 页面可以做的更加精细一些，房子详情页 可以添加地图之类的内容等。</blockquote><p>原本是别人找我帮一家中介小店写的一个租房小程序，对方没给设计图、也没有提具体需求，只是让我凭感觉来做。在项目快完成的时候，介绍的那个人跑路了，所以就没有后续了，想着与其直接删除还不如开源分享给大家一起讨论学习。</p><blockquote>本程序已经经过测试，可以直接使用,界面可以自己进行修改。本人热爱全栈，热爱vue，热爱java，热爱编程。由于本人的精力有限，还有很多地方没法完善，望指正！</blockquote><p>欢迎一起探讨，如果你觉得还可以，您可以给我点一个star</p>', '开源字节', '4', '6', '2022-03-01 21:12:01', null, '2022-03-09 22:20:05', null, null);
INSERT INTO `cms_article` VALUES ('60', '小程序开发', '做一个小程序到底要多少钱？都有哪些费用？', '做一个小程序到底要多少钱？都有哪些费用？', '/profile/upload/2022/03/04/cc91968b-1f29-420c-83d5-2123264c4a68.png', null, '<p>做一个小程序到底要多少钱？都有哪些费用？创业到现在，这个问题应该是被问的最多的了，今天我再跟大家做系统的讲一讲：</p><p><strong>第一、认证费用</strong></p><p>认证费用是微信官方收取的一个费用。不管你是认证公众号还是认证小程序，这300块钱肯定是要给到微信的。</p><p><strong>第二、开发费用</strong></p><p>开发费用就是给到我们这边，作为第三方服务商给你开发小程序的费用。这个小程序定制开发费用是根据功能的复杂程度，所需的能源成本决定的。</p><p>另一种就是模板开发，大概在3000块钱左右。</p><p>第三个费用就是交易的手续费，这个费用是微信官方收取的。常规的话都是在千分之六。</p><p>第四个部分费用就是每年的系统维护费用，这个费用就是服务器的技术支持，以及程序的升级费用，小程序开发无非就是这四部分组成，关注我，你需要一个懂技术的伙伴。</p>', '开源字节', '2', null, '2022-03-02 14:01:44', null, '2022-03-04 15:59:33', null, null);
INSERT INTO `cms_article` VALUES ('61', '小程序开发', '小程序大未来', '小程序未来发展趋势怎样？小程序未来是否还有发展空间？小程序最新趋势怎么样？', '/profile/upload/2022/03/02/ca148e7b-3642-4ca0-9383-2c0c1274d7d3.jpg', null, '<p>小程序未来发展趋势怎样？小程序未来是否还有发展空间？小程序最新趋势怎么样？诸如此类的问题，经常有朋友和客户问到。今天这篇文章，就针对这些问题，跟大家做下深度分享与解答！</p><p>在谈微信小程序未来发展趋势之前，我们不妨简单回顾下，微信小程序的发展历程：</p><p>2016年9月，微信小程序正式开启内测。在微信生态下，触手可及、用完即走的微信小程序引起广泛关注。</p><p>2017年1月，万众瞩目的微信第一批小程序正式低调上线，用户可以体验到各种各样小程序提供的服务。</p><p>2017年12月，微信更新的 6.6.1 版本开放了小游戏，微信启动页面还重点推荐了小游戏“跳一跳”。</p><p>2018年1月，微信提供了电子化的侵权投诉渠道，用户或者企业可以在微信公众平台以及微信客户端入口进行投诉。</p><p>2018年3月，微信正式宣布小程序广告组件启动内测，内容还包括第三方可以快速创建并认证小程序、新增小程序插件管理接口和更新基础能力，开发者可以通过小程序来赚取广告收入。</p><p>2020年3月，微信小程序直播组件发布上线，开发者只需简单配置开发，即可快速完成小程序直播功能，轻松实现小程序直播卖货。</p><p>2020年8月，“小商店助手”微信小程序正式全量开放，个人可以一键拥有自己的卖货小程序、线上商店，商家可以享受0元开店、免服务费，还能直播带货。</p><p>以上只是微信小程序一些，具有代表性的重大事件。从中，我们不难看出，微信小程序发展速度很快，功能越来越强大，也越来越方便易用。</p><p>除了微信小程序的快速发展，紧跟其后的支付宝小程序、百度小程序、头条小程序以及轻应用等都在不断更新版本、丰富开发能力，这样就促使整个小程序的生态越来越枝繁叶茂，小程序也越来越被更多的人所了解，并成为日常生活中的高频应用。</p><p>随着5G和物联网的快速发展，逐渐普及，会有更多小程序应用场景，小程序的应用将会更加普遍和广泛，小程序开发需求也将可能迎来新一轮的爆发。<strong>试想一下，我们扫一下二维码，或者是直接打开一个小程序，就可以很方便地控制，远在家里的空调或电饭煲，这是一个很顺畅的体验。而不是需要下载、安装APP，经历比较繁琐的操作</strong>。简而言之，小程序具有明显优势，这些优势让其更有发展前景，也更有生命力！</p>', '开源字节', '0', null, '2022-03-02 14:03:52', null, '2022-03-04 15:58:12', null, null);
INSERT INTO `cms_article` VALUES ('62', '开源项目', '智慧党建', '立足“四个聚焦” 打造“智慧党建“', '/profile/upload/2022/03/04/071cf53c-5091-4d9f-bf9b-c9db8d17bccd.jpg', null, '<p>要办好党建网站、建立全国党员信息库、推进基层党组织工作信息化、加强农村党员干部现代远程教育网络一体化建设、健全反腐倡廉网络举报和受理机制、网络信息收集和处置机制等，目的就是要运用信息网络技术来加强和改进党的建设，提高党建工作效率。通过手机短信互动，实现了党委组织部与基层党组织书记、大学生\"村官\"之间快捷、及时、双向、安全的联系沟通，体现了\"开放式\"党建的鲜明特征，也初步凸显出党建工作信息化、党建体系扁平化、党建动力民主化的发展趋势。</p><h2>预期效益</h2><p>1.将传统的党员管理信息模式与移动通信网络连接起来，形成高效率、低成本的移动办公新模式；</p><p>2.进行有效的信息统计和管理；</p><p>3.通过信息化加强广大党员基层干部教育管理；</p><p>4.提高各级党组织的工作效率和服务水平；</p><p>5.构建和谐社会，提升政府服务形象；</p><p><strong>项目案例 智慧党建 · 最美岗度</strong></p><p>“智慧党建”是新时代党建工作提出的新要求，要答好新时代党建工作答卷，必须坚持创新思维和改革思维，敢于探索新技术、新方法、新思路，推动“智慧党建”朝着高质量方向发展。为进一步推动岗度镇高质量党建新发展，形成高质量党建引领乡村振兴迈入新阶段、取得新成效，岗度镇紧密贴合党建工作新形势，立足“四个聚焦”，打造智慧党建平台，推动党建工作进入“云端”，全方位、立体化、多角度展示“最美岗度”风采。</p><p>聚焦“时代最强音”。一是高举习近平新时代中国特色社会主义思想伟大旗帜，全面传达学习习近平总书记重要讲话精神。“智慧党建”首页设置习近平总书记重要讲话模块，及时动态更新习近平总书记重要讲话，有效拓宽传达习近平总书记重要讲话精神传达渠道；向以习近平总书记为核心的党中央高度看齐，有效贯彻落实习近平总书记重要指示批示精神。二是坚持以发挥党员先锋模范作用为着力点，营造“百舸争流，千帆竞发”的干事创业良好氛围。首页设置五个比一比·党员争先锋模块，动态展示政治担当硬、能力提升强、工作业绩好、创新发展优和群众满意的镇域优秀党员干部，有效宣传优秀党员干部事迹，正向激励广大党员干部干事创业、争优评先的热情。</p><p>聚焦“岗度好声音”。凝聚12个行政村村情，汇聚岗度镇特色，着力建设“智慧党建”平台为岗度镇新宣传窗口。一是“智慧党建”岗度镇简介模块，文字和数字对比全方位展示岗度镇15个方面基本情况。二是视频简介模块，航拍视频嵌入其中，立体化展示岗度镇域地理与自然风貌特色。三是工作动态模块，动态发布更新镇域新闻，及时向广大党员、群众传递岗度镇各项工作开展最新情况。四是龙塘山下的红马甲模块，汇集岗度镇脱贫攻坚每一位参与者的故事，一方面，对岗度镇脱贫攻坚时期奋力拼搏“战士”们表达敬意；另一方面，鼓舞建设岗度镇的“后来者”继承和弘扬伟大脱贫攻坚精神，紧紧围绕巩固拓展脱贫攻坚成果同乡村振兴有效衔接接续奋斗。五是岗度镇行政区划图、山地特色产业新发展格局和自然与人文特色模块构图精巧、图文并茂，多角度展示岗度镇产业规划、新发展格局与自然人文特色。</p><p>聚焦“支部建设好”。党的一切工作到支部，党的一切工作靠支部。“智慧党建”探索党支部数字化建设，坚持把党的政治建设摆在首位，突出政治功能，强化对村党员干部的监督教育和管理，开拓党建引领基层治理新实践。“智慧党建”核心模块——智慧党建模块以村为单位，分别设立12个行政村模块，一是各村模块下设村情简介、村组织架构、村党建情况。有效拓宽了广大党员、群众了解村情、党支部建设情况渠道；有效推动各村党建工作更接地气、更有吸引力；有效吸引广大党员、群众参与村居治理。二是各村模块下设一中心一张网十联户模块。全面推动“一中心一张网十联户”宣传工作走进“云端”，大大提升了群众理解和参与度，有效强化了“一中心一张网十联户”贯彻落实成效。</p><p>聚焦“便民服务优”。响应“我为群众办实事”号召，着力提升便民服务“温度”。“智慧党建”办事指南模块，根据惠水县级办事指南更新完善，将繁琐的政策指南制作成一张张清晰而具体的办事流程。一是阅览便利，只需手机扫一扫二维码，滑动手机即可阅览办事流程。二是便民利民，避免群众“跑腿”咨询和惠民政策传达中信息“失真”。</p><p><strong>“智慧党建”的建设是一个长期过程，不可能一蹴而就。下一步，将始终坚持“建强基层党组织，增强党支部活力，推动党建工作高质量发展”的原则，逐步完善平台功能，把党建工作完全搬到“云端”，系统性提高党务工作者便捷性和高效性，显著提高基层党建工作质量和组织运行效率</strong>。</p>', '开源字节', '3', null, '2022-03-02 14:16:44', null, '2022-03-09 13:32:18', null, null);
INSERT INTO `cms_article` VALUES ('63', '技术博客', 'Vue3 企业级网站建设', 'vue不论针对web项目开发，网站制作，还是app，小程序开发，都越来越流行。', '/profile/upload/2022/03/04/7bbca30a-df53-4314-802f-82f27501fd41.jpeg', null, '<p>项目地址：<a href=\"http://8.136.213.245\" rel=\"noopener noreferrer\" target=\"_blank\">http://8.136.213.245</a></p><p><strong><em>温馨提醒</em></strong></p><h3>什么是vue？</h3><p>Vue.js是一套构建用户界面的渐进式框架，Vue 采用自下向上增量开发的设计，其核心库只关注视图层，易于上手，同时vue完全有能力驱动采用单文件组件和 Vue 生态系统支持的库开发的复杂单页应用。</p><blockquote>抛开官方的一些不知所云的说法，简单来说，在web开发，网站制作传统工作中，我们搭建项目都以html结构为基础，然后通过jquery或者js来添加各种特效功能，需要去选中每一个元素进行命令，这些内容在简单的项目中或者不变的项目中还能应付得来，一旦项目改动或者项目工程较大，代码的修改将是复杂繁琐的，而这时候用了vue，这些问题都不复存在。在比如一些单网页制作成的应用程序，一般涉及到数据交互的内容都很多，而应用了vue之后将大大缩减工作量。</blockquote><h3>vue在网站制作，项目开发中有哪些显著优势？</h3><p>1.数据绑定。</p><p>vue会根据对应的元素，进行设置元素数据，通过输入框，以及get获取数据等多种方式进行数据的实时绑定，进行网页及应用的数据渲染 。</p><p>2.组件式开发</p><p>通过vue的模块封装，它可以将一个web开发中设计的各种模块进行拆分，变成单独的组件，然后通过数据绑定，调用对应模版组件，同时传入参数，即可完成对整个项目的开发。</p><p>3.对于前端开发者来说为什么要学习vue？</p><p>由于近两年前端技术变革速度太快，vue不论针对web项目开发，网站制作，还是app，小程序开发，都越来越流行，其便捷性及易用程度都让你不得不考虑去学习。如果仅仅还是传统的各种cms开源代码建站仿站，显然你的技术已经跟不上了，如果你开发的项目数据交互较多，并且前后端分离明显，那么vue将会使你未来技术长足成长的不二选择。</p><h3>软件架构</h3><p>这个项目，采用了vue3 组合式API，写的非常基础，简单易维护。</p><p>PC端：vue3+element plus+vite+ts</p><p>移动端：uniapp</p><p>后端：spring boot+mybatis plus+redis</p>', '开源字节', null, null, '2022-03-03 09:49:18', null, '2022-03-08 22:01:32', null, null);
INSERT INTO `cms_article` VALUES ('64', '解决方案', 'WMS仓储管理系统解决方案', '系统将现场实时收集的资料，以及监督控制的状况都立即存入数据库中，不但有新的状况也有长期储存的历史资料，利用数据库强大的查询、分析、报表功能，使得传统人工方式无法达到的管理功能得以实现，亦使现场管理达到Just-In Time (JIT)的境界', '/profile/upload/2022/03/07/31cc7165-401b-450f-8ecf-48a9141cd6f7.png', null, '<p><strong>1、仓库管理概述</strong></p><p>&nbsp;&nbsp;&nbsp;&nbsp;&nbsp;&nbsp; 仓储在企业的整个供应链中起着至关重要的作用，如果不能保证正确的进货和库存控制及发货，将会导致管理费用的增加，服务质量难以得到保证，从而影响企业的竞争力。传统简单、静态的仓库管理已无法保证企业资源的高效利用。如今的仓库作业和库存控制作业已十分复杂多样化，仅靠人工记忆和手工录入，不但费时费力，而且容易出错，给企业带来巨大损失。</p><p>&nbsp;&nbsp;&nbsp;&nbsp;&nbsp;&nbsp; 开源字节<span style=\"color: rgb(229, 102, 0);\">仓储管理系统解决方案</span>在仓库管理中引入条码技术，对仓库的到货检验、入库、出库、调拨、移库移位、库存盘点等各个作业环节的数据进行自动化的数据采集，保证仓库管理各个作业环节数据输入的效率和准确性，确保企业及时准确地掌握库存的真实数据，合理保持和控制企业库存。通过科学的编码，还可方便地进行物品的批次、保质期等进行管理。</p><p><strong>2、条码技术在仓储管理系统中的重要性</strong></p><p><strong>&nbsp;&nbsp;&nbsp;&nbsp;&nbsp;</strong>库存（Inventory）的成本在企业总成本当中占了相当大的比例，因此作为企业仓库管理的关键问题之一，在企业运作中扮演了重要的角色。企业的库存管理要以尽可能低的金融资产维持存货，存货管理的基本目的是要在对顾客承担义务的同时实现流通量，将条码技术应用于企业的仓库管理中，把条码系统和仓库管理系统融合，将有效提高仓库管理的作业效率， </p><p>实现库存精细化管理。 </p><p>1) 传统的仓库系统内部,一般依赖于一个非自动化的、以纸张文件为基础的系统来记录、追踪进出的货物，以人为记忆实施仓库内部的管理。对于整个仓储区而言，人为因素的不确定性，导致劳动效率低下，人力资源严重浪费。 </p><p>2) 随着库存品种及数量的增加以及出入库频率的剧增，传统的仓库作业模式严重影响正常的运行工作效率。而现有已经建立的计算机管理的仓库管理系统，随着商品流通的加剧，也难以满足仓库管理快速准确实时的要求。&nbsp; </p><p>3) 条码<span style=\"color: rgb(0, 0, 0);\">仓库管理系统</span>在解决了仓库作业人员的数据输入的自动化的同时，实现了数据的准确传输，确保仓库作业效率有利于充分利用有限的仓库空间。&nbsp;&nbsp;</p><p><strong style=\"color: rgb(229, 102, 0);\">仓储管理系统解决方案</strong> </p><p>	<strong>1． 解决思路</strong> </p><p>	<strong>（1）生产计划和采购计划</strong> </p><p>	生产部门根据销售订单制定生产计划, 采购部门根据生产计划和库存情况产生采购计划, 并下达给供应商。</p><p><br></p><p><img src=\"http://www.biaoling.net/data/upload/image/201607/734caa054eac16bbec1398b703e4563d.png\"></p><p>	<strong>（2）供应商标签</strong> </p><p>	我们建议供应商在其产品的外包装上粘贴条码标签，标识类别和批次。 </p><p>	可有几种方式产生： </p><p>	A．供应商购买条码打印机自行打印、粘贴； </p><p>	B． 采购计划下达时，打印标签后与订购单一同发往零部件供应商处（可要求供应商购买）。</p><p><img src=\"http://www.biaoling.net/data/upload/image/201607/92a0b38bca995acbe49427588094bbdf.png\"></p><p>	<strong>（3）原材料收货</strong> </p><p>	物料送达，如已有规定的条码标签, 仓管人员即扫描条码, 确认型号数量即可收货; 如没有条码标签, 根据送货单录入系统（含包装数量），系统按记录和相应规则生成批次号，打印标签后粘贴。</p><p><img src=\"http://www.biaoling.net/data/upload/image/201607/62379f79421e816ae9792382ce13c4f3.png\"></p><p>	<strong>（4）原材料入库、上架</strong> </p><p>	从系统获取收料通知单，扫描包装条码和对应的堆放货位，作业完毕后上传系统，产生入库单据。<img src=\"http://www.biaoling.net/data/upload/image/201607/bffefd7dad1181a198f7340bb9bbc2d2.png\"> </p><p>	<strong>（5）生产领料</strong> </p><p>	生产作业开始前，计划人员按生产计划确定成品批号，并以成品批号为单位在系统中录入生产投料单，领料作业人员将投料单下载到数据采集器，发料人员在作业现场按包装领用物料，使用数据采集器扫描物料包装标签上的条码，扫描或输入发出货位，同时采集器根据投料单进行作业提示，作业完成后在系统中导入采集数据，产生生产领料单。在系统中对单据进行审核。 </p><p><strong><img src=\"http://www.biaoling.net/data/upload/image/201607/1a565b582ef4c61feecfcb94bcb65dc5.png\"></strong></p><p>	<strong>（6）数据查询和报表</strong> </p><p>	对此系统的数据进行数据分析，产生各类相关报表，如：库存报表、产品库龄报表、在途货品报表、退货情况表、盘点差异表等。对相关数据进行统计、查询及分析。系统可根据产品条码、型号、时间、计划号、仓库、往来单位等关键字查询产品出库、收货、发出接收方向和地点等追踪信息，提供出入库数量、在库数量、领料数量等统计信息, 方便财务和供应商结算货款。 </p><p>	<strong>（7）数据采集程序</strong> </p><p>	数据采集器可根据条码编制规则, 扫描条码信息, 并显示品名、型号、批号、仓库库位等信息, 方便原材料的收货、领料、盘点等工作。 </p><p>	<strong>（8）库存盘点</strong> </p><p>	作业前，选择盘点物料（原材料或成品等信息，生成盘点单据，作业人员将盘点单下载数据采集器后，扫描物料包装上的条码及货位，进行数据采集，作业完成后，将采集的数据导入系统，系统将导入的盘点数据汇总后与系统原有库存报表进行核对，生成调整凭证及调整报表。					<img src=\"http://www.biaoling.net/data/upload/image/201607/40e026950e29add541a19177b4bc09bc.png\"> </p><p><strong>2、仓储管理系统功能</strong> </p><p>	<strong>追踪功能：</strong></p><p>仓库管理系统利用条码技术，搜集现场作业数据，系统强大的便捷录入方式，使产品零部件的追踪变得轻而易举，而传统人工录入方式，需透过层层人工操作程序，才能到达管理者手中。</p><p>传统人工录入方式的缺点是：</p><p>(1) 作业缓慢，没有时效性，而使情报价值大减。</p><p>(2) 错误率高，错误情报甚而导致错误判断决策，影响层面更大。</p><p>(3) 可利用性偏低，人工输入原始生产信息有限，无法进一步做深入分析之用。</p><p>条码系统资料收集方式有以下之优点：</p><p>(1) 实时性</p><p>在现场操作的同时便立刻通过条码技术以电子资料形式纳入系统。</p><p>(2) 正确性</p><p>利用条码技术，免除人为因素，使出错率由百分之一以上，降至十万分之一以下。</p><p>(3) 高度完整性及使用性</p><p>现场事件经过计算机处理，可合并相关资料，存入电脑数据库中。 </p><p>	<strong>监督功能</strong>：</p><p>实时掌握了作业的状况及历史过程，便可做到监督的功能。系统随时将追踪到的状况与设定的标准加以比较，如发生异常系统立即通知相关人员处理。如：</p><p>（1）物料规格的监督，例如某类产品需要使用特殊规格的原材料，在作业人员实际工作时透过条码扫描，很方便地让系统得知作业情形，与事先设定的标准比对，达到实时核对的效果。</p><p>（2）作业准确性的监督，系统透过实时采集操作收集作业数据，同时通过事先计划数据的下载，系统可实时监控作业是否与计划相符，如出库产品型号是否准确，产品数量是否与计划一致等等，从而大量减少工作现场因人为疏忽造成作业误差，因而降低了库存作业成本，达到作业预警效果。 </p><p>	<strong>控制功能</strong>：</p><p>监督功能有了以后，通过设定各种作业标准及物流计划单据，系统即可监督作业过程，达到自动控制人员操作，并实时提醒各有关部门进行相应反应的效果。 </p><p>	<strong>管理功能</strong>：</p><p>现场信息自动实时收集除了提供做现场监督、控制之外, </p><p>重要的功能是做为现场管理之用。系统将现场实时收集的资料，以及监督控制的状况都立即存入数据库中，不但有新的状况也有长期储存的历史资料，利用数据库强大的查询、分析、报表功能，使得传统人工方式无法达到的管理功能得以实现，亦使现场管理达到Just-In Time (JIT)的境界。</p>', '开源字节', null, null, '2022-03-07 09:21:25', null, '2022-03-09 13:34:41', null, null);
INSERT INTO `cms_article` VALUES ('65', '解决方案', '二维码的应用技术', '二维码的应用技术', '/profile/upload/2022/03/07/18bda703-ca38-402d-b035-1b6d036f7ff6.png', null, '<p><strong style=\"color: rgb(51, 51, 51); background-color: rgb(255, 255, 255);\">1、二维码防伪防窜货</strong></p><p><span style=\"color: rgb(51, 51, 51); background-color: rgb(255, 255, 255);\">通过二维码防伪防窜货系统可对应产品一一生成加密的二维码产品信息，将二维码印刷或标贴于产品包装上，用户只需通过指定的二维码防伪防窜货系统或手机软件进行解码检验，既可获知该产品的一连串的正品安全信息，从而达到放心购买和监督打假的作用。</span></p><p><strong style=\"color: rgb(51, 51, 51); background-color: rgb(255, 255, 255);\">2、二维码查询</strong></p><p>通过二维码对产品进行标识，消费者可以通过扫描二维码来查询产品及生产企业的相关信息，如产品的规格型号、技术参数、保质保修说明，生产企业的信息，联系方式，企业认证资质等.</p><p><strong>3、二维码支付</strong></p><p>二维码支付原理结合了二维码技术和移动支付技术，扫描商品二维码通过银行或第三方支付提供的手机端通道完成支付。二维码支付原理不仅仅是连接实物商品与银行移动应用软件之间的桥梁，更奏响了银行进军O2O电子商务领域的序曲，开启了银行在移动支付领域的新篇章。</p><p><strong>4、电子票务&nbsp;</strong><strong style=\"color: rgb(0, 0, 0);\">&nbsp;</strong></p><p>电影票，景点门票，采用二维码定制，除去了排队买票验票时间，无纸化绿色环保</p><p><strong>5、产品溯源</strong></p><p>利用二维码进行产品的质量跟踪管理，还有可以利用二维码进行产品的物流跟踪管理</p>', '开源字节', null, null, '2022-03-07 09:45:08', null, '2022-03-09 13:34:17', null, null);
INSERT INTO `cms_article` VALUES ('66', '解决方案', 'WMS是什么？', ' WMS，电子仓库管理系统的简写，是应用条码和自动识别技术的现代化仓库管理系统，能有效地对仓库流程和空间进行管理，实现批次管理、快速出入库和动态盘点。', '/profile/upload/2022/03/08/8088a0ff-58da-4b91-b60f-9e86588ee53f.png', null, '<p>&nbsp;&nbsp;&nbsp;&nbsp;&nbsp;&nbsp; WMS，电子仓库管理系统的简写，是应用条码和自动识别技术的现代化仓库管理系统，能有效地对仓库流程和空间进行管理，实现批次管理、快速出入库和动态盘点。快速帮助企业的物流管理人员对库存物品的入库、出库、移动、盘点、配料等操作进行全面的控制和管理，有效的利用仓库存储空间，提高仓库的仓储能力，在物料的使用上实现先进先出，最终提高企业仓库存储空间的利用率及企业物料管理的质量和效率，降低企业库存成本，提升企业市场竞争力。</p><p>&nbsp;&nbsp;&nbsp;&nbsp;&nbsp;&nbsp; 	当前快速的经济发展和激烈的国内外市场竞争，要求企业运作的每个环节都要更加敏捷；经济转型要求更是让改善工作流程、提高作业效率、减低运作成本、增加企业效益成为当务之急。虽然许多企业已经实施了库存管理系统（往往是ERP的一个模块），但系统主要以服务财帐和走单据流程为主，业务和执行脱节、财帐和实物不一，导致库存不准确、数据延迟、发错货、呆废品堆积、库容利用率低、作业效率低、盘点繁琐等问题，影响了管理、采购、生产等环节的效率和决策，最终影响了企业敏捷度、竞争力和效益。靠手工管理仓库的传统方式更是落后于时代发展。</p><p>&nbsp;&nbsp;&nbsp;&nbsp;&nbsp;&nbsp; 	条码仓库管理解决方案，在仓库管理中引入条码、无线通信技术，对仓库的到货检验、入库、出库、调拨、移库移位、盘点等各个作业环节的数据进行自动化的采集，保证仓库管理各作业环节数据输入的效率和准确性，并可与ERP系统集成，确保企业和ERP及时准确地获得库存的真实数据，合理保持和控制企业库存。通过科学的编码，还可方便地对物品的批次、保质期等进行管理。运用条码技术的WMS是实现现代化仓库管理的手段，是保证仓库作业优化，充分利用仓库空间，减低运作成本、提高企业敏捷度、增加企业效益的手段。</p><p>&nbsp;&nbsp;&nbsp;&nbsp;&nbsp;&nbsp; </p>', '开源字节', null, null, '2022-03-08 09:24:00', null, '2022-03-09 13:39:25', null, null);
INSERT INTO `cms_article` VALUES ('68', '解决方案', 'WMS系统与ERP仓储管理的差异', 'WMS系统是仓库管理系统，ERP系统中也有仓库管理模块，两者都有仓库管理的功能，那么两者之间是否存在差异？不同点在哪里呢？ ', '/profile/upload/2022/03/09/fd76f988-121f-4d41-8af3-3c768a44d04c.jpg', null, '<p>	WMS系统是仓库管理系统，ERP系统中也有仓库管理模块，两者都有仓库管理的功能，那么两者之间是否存在差异？不同点在哪里呢？</p><p>	WMS是仓库管理系统(Warehouse Management System) 的缩写，仓库管理系统是通过入库、出库、调拨和虚仓管理等功能，综合批次管理、物料对应、库存盘点、质检管理、虚仓管理和即时库存管理等功能综合运用的管理系统，有效控制并跟踪仓库业务的物流和成本管理全过程，实现完善的企业仓储信息管理。该系统可以独立执行库存操作，也可与其他系统的单据和凭证等结合使用，可提供更为完整全面的企业业务流程和财务管理信息。</p><p>	ERP仓储管理模块是ERP功能中针对仓库管理的一个模块，一般和财务系统连接使用，用于核算企业的物料成本及库存情况，主要作用集中在采购信息的辅助以及事后成本的归集计算。</p><p>	二者面向的管理对象相同，但功能上有很多不同的地方，主要如下：</p><p>	1）管理方式不同</p><p>	ERP仓储管理强调的是结果管理，WMS强调的是过程管理。</p><p>	ERP仓储管理是面向财务核算，WMS则是面向过程控制。</p><p>	2）精细程度不同</p><p>	ERP仓储管理虽然也将仓储划分为库区库位，但因为没有过程的校验功能，很容易出现错放乱放的情况，导致库存管理的凌乱。而WMS则利用条码技术对每个库区库位进行条码标识，上下架都需要进行扫描确认，可以保障每笔出入库业务的准确性，因而能实现精细的库存管理。</p><p>	ERP仓储管理一般能实现物料的批次管理，没办法进行单一化区别确认。而WMS则可包容批次管理及单一性管理，针对部分贵重物品或关键物料进行单一编码，增加物料管理的准确性。</p><p>	3）效率不同</p><p>	ERP仓储管理部分厂家也集成了条码管理功能，但功能更上存在缺陷，不能对其他厂家的条码进行解析应用，没有和条码硬件及检测硬件的集成，导致最终不能实际应用，出入库、盘点、检验等业务仍需要手工输入，效率低下。</p><p>	WMS则解决了以上的问题，通过扫描出入库及盘点增加了工作效率及准确率，而和检测设备的集成不但减少了仓储人员的工作量，增加了物料质量追溯的完整性，方便对供应商进行精细化考核。</p><p>	4）适用范围不同</p><p>	ERP仓库管理适用于品种批次不多，出入库频率不高、对保质期和追溯性要求不高的企业，WMS则适用于品种批次较多，出入库频度很高、对保质期和追溯性有很高要求的仓库。</p><p>	5）硬件集成应用不同</p><p>	ERP仓储管理基本没有硬件的集成应用，WMS则和条码设备、输送设备、叉车终端、检测设备等集成，实现仓库作业管理的自动化应用。</p><p>	6）拓展性不同</p><p>	ERP仓储管理属于成型的软件模块，基本不支持客户化开发，不能完全贴近自己的需求。WMS则灵活性很高，属于在基础软件框架上的二次开发，更贴近客户的需求。</p>', '开源字节', null, null, '2022-03-09 13:37:00', null, '2022-03-09 13:43:47', null, null);
INSERT INTO `cms_article` VALUES ('69', '解决方案', '条码WMS系统的架构', '条码仓库管理系统(WMS)系统结构上分为PDA端、PC客户端、中间件服务端、数据库服务端', '/profile/upload/2022/03/09/3fca4cb4-1292-4e59-b57b-998a9c12f2c3.jpg', null, '<p>	条码仓库管理系统(WMS)系统结构上分为PDA端、PC客户端、中间件服务端、数据库服务端：</p><p><img src=\"http://www.biaoling.net/data/upload/image/201608/e43981d134c1902007b7b898d9abb281.jpg\"> </p><p>	(1) PDA 客户端：负责具体出入库作业的扫描核对，并把扫描记录传输给中间件服务端系统处理等; </p><p>	(2) PC 客户端：负责WMS系统本身的基础信息维护、系统管理、用户权限管理、报表查询等; </p><p>	(3) 中间件服务端：负责WMS业务逻辑处理，接受客户端请求，访问数据库，并通过SAP接口读写SAP系统等; </p><p>	(4) 数据库服务端：负责WMS数据存储及部分热点业务逻辑的存储过程执行。 </p><p>	条码WMS的主要目标 </p><p>	条码WMS系统主要目标有：提升作业效率、防错漏、上架指引、下架指引、快捷盘点、库存准确性和及时性、提升ERP运用效能等。 </p><p>	总之，条码WMS系统主要就是实现用条码标签来标识物品，然后利用条码自动识别技术、核对、控制出入库的物品、位置、数量，最后把实际的出入库数据汇总提交到系统数据库。全面提升仓储管理水平。 </p>', '开源字节', null, null, '2022-03-09 13:46:15', null, null, null, null);
INSERT INTO `cms_article` VALUES ('70', '技术博客', '网站被DDOS攻击了怎么办？', '网站被DDOS攻击了怎么办？', '/profile/upload/2022/03/09/43ef62e4-9bc9-4961-8798-5856073a3f94.jpg', null, '<p>DDOS攻击一般指分布式拒绝服务攻击，因为其隐藏性非常好，所以想做溯源工作非常困难，一直是网络中最让人头疼的流量攻击之一。假如网站被DDOS攻击了，我们可以分为以下几种方法来解决问题：</p><p><strong>第一、硬件防火墙</strong></p><p>很多人会想到在服务器硬件上安装硬件防火墙，从而达到过滤清洗流量的目的，但是如果防火墙的最大承受能力是300G，但是攻击却有400G，那么服务器一样会宕机，还有一些情况是，防火墙过滤掉了攻击，但服务器还是死了，这可能是服务器本身的宽带太小了，然后攻击又很大，回源的量也不少，一下挤满了源站的带宽资源，网站就变得打不开了，当然大多的硬件防火墙只能做到网络层检测数据包，但到了应用层，就无能为力了。</p><p><strong>第二、加大服务器带宽硬抗</strong></p><p>服务器的带宽首先决定了服务器承受攻击的能力，国内大部分网站的服务器带宽都不会超过100M，因为要想获取优质且庞大的带宽，在成本上是一个不小的数字，DDOS攻击是靠控制肉鸡，个人电脑，服务器来发包，假如黑客控制的足够多，打出来的量也就足够大，当黑客向某个网站攻击时，服务器的带宽一下就会被占满。增加带宽是理论上最直接的办法，但也是成本最高的方法，所以大部分人不会选择用昂贵的成本增加带宽。</p><p><strong>第三、关闭不必要的端口和服务</strong></p><p>对于暴露在公网的服务器来说，开放的端口越少越好，因为你开放的越多，给黑客的机会就越大，当然客户有特殊需求就另算，这只是从安全的角度出发，还有一些不必要的服务也可以关闭，在服务器上的某些未经专业机构授权的服务，也建议关闭，非常容易出现漏洞，让黑客有机可乘。</p><p><strong>第四、接入CDN服务</strong></p><p>对于大多数的CDN服务商来说，拥有节点数的都是高防服务器要多得多的，在数据上可以做到内容缓存，在带宽上可以做到访问加速，如果是国内的用户多，那是可以用国内的高防，速度够快，防御也好，但如果针对的用户不止国内的话，那就建议接入CDN服务，因为很多的攻击代理都来自国外，当然不排除国内也有量。</p><p><strong>第五、提升系统吞吐量</strong></p><p>如果攻击者携带百万请求，我们的服务通过负载均衡策略能够提供千万请求处理能力，那么是可以完美的解决DDOS问题的，获取到流量后进行IP封禁。同理攻击者可以发送更多的请求来压垮我们的服务，当然这需要更高的成本，因为我们认为保护系统数据安全和提高系统性能是应对DDOS的正确解决方案。</p>', '开源字节', null, null, '2022-03-09 14:36:14', null, '2022-03-09 14:43:44', null, null);
INSERT INTO `cms_article` VALUES ('71', '解决方案', '条码WMS系统与ERP接口实现方法', '仓库管理软件通过ERP接口访问ERP，从ERP同步出入库指示单据，根据指示单据指导与核对出入库作业，最终根据出入扫描记录调用ERP接口自动在ERP生成出入库实际单据，省去在ERP手工录入单据，保证了库存数据准确与及时、提高了作业效率。 ', '/profile/upload/2022/03/12/caa2e3f5-0737-4729-8337-9deefd3925ed.jpg', null, '<p>		<strong>条码WMS系统与ERP接口实现：</strong></p><p><strong><img src=\"http://www.biaoling.net/data/upload/image/201608/42f0d7dda98f6244f0774a104eeefe8d.jpg\"></strong></p><p>	仓库管理软件通过ERP接口访问ERP，从ERP同步出入库指示单据，根据指示单据指导与核对出入库作业，最终根据出入扫描记录调用ERP接口自动在ERP生成出入库实际单据，省去在ERP手工录入单据，保证了库存数据准确与及时、提高了作业效率。</p><p>	因为ERP系统没提供标准业务接口，只能通过读写数据库处理，包括：</p><p>	文件方式：以既定格式文件在 ERP 和 WMS 之间进行数据交流;</p><p>	数据库临时表：在数据库建立临时表存放 ERP 和 WMS 需要交流的数据;</p><p>	业务逻辑 WebService：ERP 实现业务逻辑WebService， WMS调用;</p><p>	业务逻辑存储过程：ERP 实现业务逻辑存储过程，WMS调用。</p><p>	<strong>系统实施效果</strong> </p><p>	实施无线实时仓库管理条码系统(WMS)后，客户实现了精细化的仓库管理，全面提升了仓库管理水平： </p><p>	(1) 操作条码化，使作业流程更有效、更准确;</p><p>	(2) 库位的运用，使入库、出货效率极大提升;</p><p>	(3) 使盘点工作可随时进行，极大的降低了呆滞物料的形成;</p><p>	(4) 手持终端的运用，《领料单》、《发料单》、《额外单》等全部电子化，降低的出错率，极大提升了周转速;</p><p>	(5) 确保业务、库存等数据的准备、及时，为ERP及决策提供可靠的数据依据。</p><p>	(6) 物料标签运用，为日后单品、批次的质量追溯提供了信息化基础;。</p><p>	(7) 与ERP集成，提升ERP发挥作用。</p>', '开源字节', null, null, '2022-03-12 10:00:19', null, null, null, null);
INSERT INTO `cms_article` VALUES ('72', '解决方案', '大型企业SAP集成WMS系统方案流程', '对于很多大型企业而言，尽管他们已经上线了SAP/ERP系统，但是他们的仓储管理方式仍然采用人工手动记账进行日常仓库作业，包括出入库、盘点、调拨、补货、质检等等。随着仓储业务的运作日益频繁，现有的仓储方式不仅工作量大、繁琐、耗时长，且人工操作导致仓库作业数据不准确，数据无法实时共享，加大管理难度。', '/profile/upload/2022/03/12/ce8225f8-9625-4ab2-934e-556af58354d0.jpg', null, '<p>	对于很多大型企业而言，尽管他们已经上线了SAP/ERP系统，但是他们的仓储管理方式仍然采用人工手动记账进行日常仓库作业，包括出入库、盘点、调拨、补货、质检等等。随着仓储业务的运作日益频繁，现有的仓储方式不仅工作量大、繁琐、耗时长，且人工操作导致仓库作业数据不准确，数据无法实时共享，加大管理难度。 	</p><p>	仓库管理主要问题点： </p><p>&nbsp;	1、库内管理制度难以落实，库位规划、物料/成品的摆放依旧较为混乱，加大了作业难度； </p><p>&nbsp; 	2、对老员工依赖高，且人员流动较大，仓库整体效率低，出错率高； </p><p>&nbsp; 	3、业务部门与仓储部门无法有效联动； </p><p>&nbsp; 	4、仓库主管无法随时掌握库内实时运作动态，出现问题既不能及时发现，也不能快速解决； </p><p>&nbsp; 	5、缺乏准确的实时库存，导致账务库存与实际库存具有较大差异，库存成本高； 	</p><p>&nbsp; 	6、缺乏各类专业报表支撑管理层决策； </p><p>&nbsp; 	7、引进的仓储系统，必须要可以与SAP/ERP系统集成，否则容易信息孤岛，影响供应链效率。 </p><p class=\"ql-align-center\">	<img src=\"http://www.biaoling.net/data/upload/image/202009/c0f28716377a3713f1b6f8fe15ab0906.jpg\"></p><p class=\"ql-align-center\">	 开源字节高度成熟的<strong>WMS仓储管理系统</strong>可以很好满足大型企业仓储管理需求，产品的灵活可配置性也为公司未来业务的扩展提供便利，同时系统 可与公司内部的SAP/ERP、SRM系统和MES系统等无缝集成，实现多系统间数据同步共享，从而建设统一化、标准化、透明化的管理体系。 </p><p>  	1、策略管理 </p><p>&nbsp; 	a、收货策略：部分收货（一单收多次）、合单收货（一人收多单）、并行收货（多人收一单）； </p><p>&nbsp; 	b、上架策略：系统采用分区存储、近发货口优先、ABC规则优先、货品属性优先（性、重、体）等上架策略； </p><p>&nbsp; 	c、出库策略：先进先出（按入库自然时间）、保质期优先、库内动线优先、批次优先或指定批次出库； </p><p>&nbsp; 	2、精细化管理 </p><p>&nbsp; 	 系统采用逐号管理方式，管理到每一个库位、每一个货物，平台根据上架、拣货等智能策略，精确提供存放、提取货物的优先方案，提升工作效率。 	</p><p>&nbsp; 	3、提升各环节作业效率 </p><p>	 系统采用条码技术，对仓储业务管理中物料的入库、在库盘点、出库等各个环节进行数据自动化采集，使各个环节运作流畅，信息也能实现共享，确保储管理人员实时准确的掌握库存的真实情况。 </p><p>&nbsp;	4、集成内部信息系统 </p><p>	 在很多企业里，往往都会有着多个信息化系统，如SAP/ERP、MES、TMS、SRM等等，而仓储管理系统具有很好的集成性，可与这些系统对接在一起，让数据实时同步，提升公司供应链效率。 </p><p>&nbsp;	 完善的仓储管理不仅可以提高公司仓储资产的利用率，减少库存和降低存货管理成本，而且可以缩短商品的交付时间，提高对顾客的快速反应能力和提高公司的经营利润。而开源字节wms仓储管理系统正好可以帮助企业实现这一点。     </p>', '开源字节', null, null, '2022-03-12 10:02:34', null, '2022-03-12 10:09:28', null, null);

-- ----------------------------
-- Table structure for cms_feedback
-- ----------------------------
DROP TABLE IF EXISTS `cms_feedback`;
CREATE TABLE `cms_feedback` (
  `id` bigint(20) NOT NULL AUTO_INCREMENT COMMENT 'id',
  `feed_type` varchar(255) DEFAULT NULL COMMENT '类别',
  `feed_title` varchar(255) DEFAULT NULL COMMENT '标题',
  `feed_content` varchar(255) DEFAULT NULL COMMENT '详情',
  `create_by` varchar(64) DEFAULT NULL,
  `create_time` datetime DEFAULT NULL,
  `update_by` varchar(64) DEFAULT NULL,
  `update_time` datetime DEFAULT NULL,
  `remark` varchar(255) DEFAULT NULL COMMENT '备注',
  PRIMARY KEY (`id`)
) ENGINE=InnoDB AUTO_INCREMENT=3 DEFAULT CHARSET=utf8mb4;

-- ----------------------------
-- Records of cms_feedback
-- ----------------------------

-- ----------------------------
-- Table structure for cms_link
-- ----------------------------
DROP TABLE IF EXISTS `cms_link`;
CREATE TABLE `cms_link` (
  `id` bigint(20) NOT NULL AUTO_INCREMENT COMMENT 'id',
  `link_Name` varchar(255) NOT NULL COMMENT '站点名称',
  `link_Url` varchar(255) NOT NULL COMMENT '站点链接',
  `link_Logo` varchar(255) NOT NULL COMMENT '站点Logo',
  `link_Show` varchar(255) NOT NULL COMMENT '展示地址',
  `link_Way` varchar(255) NOT NULL COMMENT '联系方式',
  `create_by` varchar(64) DEFAULT NULL,
  `create_time` datetime DEFAULT NULL,
  `update_by` varchar(64) DEFAULT NULL,
  `update_time` datetime DEFAULT NULL,
  `remark` varchar(255) DEFAULT NULL COMMENT '备注',
  PRIMARY KEY (`id`)
) ENGINE=InnoDB AUTO_INCREMENT=11 DEFAULT CHARSET=utf8mb4;

-- ----------------------------
-- Records of cms_link
-- ----------------------------
INSERT INTO `cms_link` VALUES ('9', 'CSDN', 'https://blog.csdn.net/qq_35634154', 'https://blog.csdn.net/qq_35634154', 'https://blog.csdn.net/qq_35634154', 'https://blog.csdn.net/qq_35634154', null, '2022-03-12 22:19:42', null, null, null);
INSERT INTO `cms_link` VALUES ('10', '码云', 'https://gitee.com/open-source-byte', 'https://gitee.com/open-source-byte', 'https://gitee.com/open-source-byte', 'https://gitee.com/open-source-byte', null, '2022-03-12 22:20:54', null, null, null);

-- ----------------------------
-- Table structure for cms_service_item
-- ----------------------------
DROP TABLE IF EXISTS `cms_service_item`;
CREATE TABLE `cms_service_item` (
  `id` bigint(20) NOT NULL AUTO_INCREMENT COMMENT 'id',
  `type` varchar(20) DEFAULT NULL COMMENT '类别',
  `title` varchar(255) DEFAULT NULL COMMENT '标题',
  `content` mediumblob COMMENT '内容',
  `state` char(1) DEFAULT NULL COMMENT '启用',
  `create_by` varchar(64) DEFAULT '' COMMENT '创建者',
  `create_time` datetime DEFAULT NULL COMMENT '创建时间',
  `update_by` varchar(64) DEFAULT '' COMMENT '更新者',
  `update_time` datetime DEFAULT NULL COMMENT '更新时间',
  `remark` varchar(500) DEFAULT NULL COMMENT '备注',
  PRIMARY KEY (`id`)
) ENGINE=InnoDB AUTO_INCREMENT=6 DEFAULT CHARSET=utf8mb4;

-- ----------------------------
-- Records of cms_service_item
-- ----------------------------
INSERT INTO `cms_service_item` VALUES ('1', '免责声明', '免责声明/法律声明/用户协议/服务条款', 0x3C683120636C6173733D22716C2D616C69676E2D63656E746572223EE5858DE8B4A3E5A3B0E6988E3C2F68313E3C7020636C6173733D22716C2D616C69676E2D7269676874223EE69CACE78988E69BB4E696B0E697B6E997B4EFBC9A32303232E5B9B43032E69C883234E697A53C2F703E3C703EE5BC80E6BA90E5AD97E88A82E58F8AE585B6E58886E694AFE69CBAE69E84EFBC88E4BBA5E4B88BE7BB9FE7A7B0E2809CE5BC80E6BA90E5AD97E88A82E2809DE68896E2809CE68891E4BBACE2809DEFBC89EFBC8CE68891E4BBACE4B880E59091E580A1E5AFBCE2809CE4BBA5E5AEA2E688B7E4B8BAE4B8ADE5BF83E2809DE79A84E69687E58C96E38082E68891E4BBACE5BE88E88DA3E5B9B8E59091E794A8E688B7EFBC88E58C85E68BACE4BC81E4B89AE794A8E688B7E58F8AE4B8AAE4BABAE794A8E688B7EFBC8CE4BBA5E4B88BE7BB9FE7A7B0E2809CE682A8E2809DEFBC89E68F90E4BE9BE5BC80E6BA90E5AD97E88A82E8B4A6E688B7E4B88EE7BD91E7AB99E38081E8BDAFE4BBB6E38081E5BA94E794A8E38081E58685E5AEB9E38081E4BAA7E59381E4B88EE69C8DE58AA1EFBC88E4BBA5E4B88BE7BB9FE7A7B0E2809CE5BC80E6BA90E5AD97E88A82E69C8DE58AA1E2809DEFBC89E38082E5BD93E682A8E98089E68BA9E5BC80E6BA90E5AD97E88A82E69C8DE58AA1EFBC8CE682A8E79A84E4BDBFE794A8E8A18CE4B8BAE5B086E8A786E4B8BAE5AFB9E69CACE58D8FE8AEAEE79A84E68EA5E58F97EFBC8CE5B9B6E5908CE6848FE68EA5E58F97E69CACE58D8FE8AEAEE59084E9A1B9E69DA1E6ACBEE79A84E7BAA6E69D9FE38082E59BA0E6ADA4EFBC8CE8AFB7E682A8E58AA1E5BF85E4BB94E7BB86E99885E8AFBBE4BBA5E4B88BE5BC80E6BA90E5AD97E88A82E3808AE5858DE8B4A3E5A3B0E6988EE3808BEFBC88E4BBA5E4B88BE7A7B0E2809CE58D8FE8AEAEE2809DEFBC89E38082E5908CE697B6EFBC8CE8AFB7E682A8E58AA1E5BF85E4BB94E7BB86E99885E8AFBB20E3808AE99A90E7A781E694BFE7AD96E3808BEFBC8C20E3808AE99A90E7A781E694BFE7AD96E3808B20E5B086E5B8AEE58AA9E682A8E4BA86E8A7A3EFBC9AE68891E4BBACE5A682E4BD95E694B6E99B86E38081E4BDBFE794A8E38081E585B1E4BAABE4BBA5E58F8AE582A8E5AD98E682A8E79A84E4B8AAE4BABAE4BFA1E681AFE380823C2F703E3C703EE5BC80E6BA90E5AD97E88A82E69C89E69D83E5AFB9E69CACE58D8FE8AEAEE58C85E590ABE79A84E69DA1E6ACBEE99A8FE697B6E69BB4E696B0E5B9B6E58F91E587BAE79BB8E5BA94E79A84E9809AE79FA5EFBC8CE69BB4E696B0E5908EE79A84E58D8FE8AEAEE69DA1E6ACBEE4B880E697A6E585ACE5B883E58DB3E4BBA3E69BBFE58E9FE69DA5E79A84E58D8FE8AEAEE69DA1E6ACBEE38082E682A8E58FAFE59CA8E69CACE7BD91E7AB99E69FA5E99885E69C80E696B0E78988E58D8FE8AEAEE69DA1E6ACBEEFBC8CE5A682E69E9CE6B689E58F8AE9878DE8A681E69DA1E6ACBEE69BB4E696B0EFBC8CE68891E4BBACE5B086E4BC9AE5868DE6ACA1E5BE81E8AFA2E682A8E79A84E5908CE6848FE38082E59CA8E5BC80E6BA90E5AD97E88A82E4BFAEE694B9E69CACE58D8FE8AEAEE79BB8E585B3E69DA1E6ACBEE4B98BE5908EEFBC8CE88BA5E682A8E4B88DE68EA5E58F97E4BFAEE694B9E5908EE79A84E69DA1E6ACBEEFBC8CE8AFB7E58BBFE782B9E587BBE2809CE7AB8BE58DB3E6B3A8E5868CE2809DEFBC8CE5908CE697B6E8AFB7E5819CE6ADA2E4BDBFE794A8E5BC80E6BA90E5AD97E88A82E68F90E4BE9BE79A84E4BAA7E59381E5928CE69C8DE58AA1E38082E590A6E58899EFBC8CE682A8E7BBA7E7BBADE4BDBFE794A8E5BC80E6BA90E5AD97E88A82E68F90E4BE9BE79A84E4BAA7E59381E5928CE69C8DE58AA1E5B086E8A2ABE8A786E4B8BAE682A8E5B7B2E68EA5E58F97E4BA86E4BFAEE694B9E5908EE79A84E58D8FE8AEAEE380823C2F703E3C68323E31EFBC8EE6B3A8E5868CE4B88EE8B4A6E58FB73C2F68323E3C703E312E3120E983A8E58886E5BC80E6BA90E5AD97E88A82E69C8DE58AA1E5B086E8A681E6B182E682A8E5889BE5BBBAE8B4A6E58FB7E38082E682A8E5AE8CE68890E6B3A8E5868CE6898BE7BBADE5908EEFBC8CE88EB7E5BE97E5BC80E6BA90E5AD97E88A82E8B4A6E58FB7E79A84E4BDBFE794A8E69D83E38082E682A8E4BF9DE8AF81EFBC8CE682A8E6B3A8E5868CE697B6E68980E99C80E68F90E4BE9BE79A84E585ACE58FB8E4BFA1E681AF2FE4B8AAE4BABAE4BFA1E681AFE59CA8E59084E696B9E99DA2E59D87E79C9FE5AE9EE38081E58786E7A1AEE38081E69C80E696B0E38081E5AE8CE695B4EFBC8CE5B9B6E4B88DE696ADE69BB4E696B0E6B3A8E5868CE8B584E69699EFBC8CE4BBA5E7ACA6E59088E58F8AE697B6E38081E8AFA6E5B0BDE58786E7A1AEE79A84E8A681E6B182E38082E682A8E4B88DE5BE97E58692E58585E4BBBBE4BD95E585B6E4BB96E4BABAE68896E5AE9EE4BD93E38082E682A8E5908CE6848FEFBC9AE4BC81E4B89AE8B4A6E688B7E79A84E6938DE4BD9CE8A18CE4B8BAE5B086E79BB4E68EA5E8A2ABE8A786E4B8BAE4BC81E4B89AE79A84E8A18CE4B8BAEFBC8CE5908CE697B6EFBC8CE4BC81E4B89AE5BA94E5BD93E5AFB9E585B6E99B87E59198E5819AE587BAE79A84E4BC81E4B89AE8B4A6E688B7E7AEA1E79086E8A18CE4B8BAE8B49FE8B4A3E380823C2F703E3C703E312E3220E682A8E9A1BBE5AFB9E6B3A8E5868CE4BFA1E681AFE79A84E79C9FE5AE9EE680A7E38081E59088E6B395E680A7E38081E69C89E69588E680A7E689BFE68B85E585A8E983A8E8B4A3E4BBBBEFBC9BE4B88DE5BE97E58692E58585E4BB96E4BABAEFBC8CE4B88DE5BE97E588A9E794A8E4BB96E4BABAE79A84E5908DE4B989E58F91E5B883E4BBBBE4BD95E4BFA1E681AFEFBC9BE4B88DE5BE97E5889BE5BBBAE8999AE58187E8BAABE4BBBDE8AFAFE5AFBCE4BB96E4BABAE590A6E58899E5BC80E6BA90E5AD97E88A82E69C89E69D83E7AB8BE58DB3E5819CE6ADA2E68F90E4BE9BE69C8DE58AA1EFBC8CE794B1E6ADA4E8808CE4BAA7E7949FE79A84E4B880E58887E6B395E5BE8BE8B4A3E4BBBBE794B1E682A8E78BACE887AAE689BFE68B85E380823C2F703E3C703E312E3320E682A8E4BDBFE794A8E5BC80E6BA90E5AD97E88A82E4BAA7E59381E38081E69C8DE58AA1E79A84E8A18CE4B8BAE5BF85E9A1BBE59088E6B395E5B9B6E7ACA6E59088E69CACE58D8FE8AEAEEFBC8CE682A8E5BF85E9A1BBE4B8BAE887AAE5B7B1E6B3A8E5868CE8B4A6E58FB7E4B88BE79A84E4B880E58887E8A18CE4B8BAE8B49FE8B4A3EFBC8CE58C85E68BACE682A8E68980E58F91E8A1A8E79A84E4BBBBE4BD95E58685E5AEB9E4BBA5E58F8AE794B1E6ADA4E4BAA7E7949FE79A84E4BBBBE4BD95E5908EE69E9CE38082E682A8E5BA94E5AFB9E585B6E4B8ADE79A84E58685E5AEB9E887AAE8A18CE58AA0E4BBA5E588A4E696ADEFBC8CE5B9B6E689BFE68B85E59BA0E8AFA5E58685E5AEB9E8808CE5BC95E8B5B7E79A84E68980E69C89E9A38EE999A9EFBC8CE58C85E68BACE59BA0E4BE9DE8B596E4BA8EE58685E5AEB9E79A84E6ADA3E7A1AEE680A7E38081E5AE8CE695B4E680A7E68896E5AE9EE794A8E680A7E8808CE4BAA7E7949FE79A84E9A38EE999A9E38082E5BC80E6BA90E5AD97E88A82E697A0E6B395E4B894E4B88DE4BC9AE5AFB9E59BA0E682A8E79A84E8A18CE4B8BAE8808CE5AFBCE887B4E79A84E4BBBBE4BD95E68D9FE5A4B1E68896E68D9FE5AEB3E689BFE68B85E8B4A3E4BBBBE380823C2F703E3C703E312E3420E682A8E9A1BBE5AFB9E887AAE5B7B1E79A84E799BBE5BD95E4BFA1E681AFE4BF9DE5AF86E4BBA5E4BDBFE585B6E4B88DE8A2ABE585B6E4BB96E4BABAE88EB7E58F96E68896E4BDBFE794A8EFBC8CE5B9B6E4B894E5AFB9E682A8E59CA8E69CACE7BD91E7AB99E8B4A6E688B7E4B88BE79A84E68980E69C89E8A18CE4B8BAE8B49FE8B4A3E38082E682A8E5BF85E9A1BBE59CA8E7ACACE4B880E697B6E997B4E5B086E4BBBBE4BD95E69C89E58FAFE883BDE8A7A6E78AAFE6B395E5BE8BE79A84E38081E69CAAE88EB7E5BE97E59088E6B395E68E88E69D83E68896E68080E79691E4B8BAE69CAAE88EB7E5BE97E59088E6B395E68E88E69D83E79A84E8A18CE4B8BAEFBC8CE4BBA5E59088E79086E79A84E696B9E5BC8FE5918AE79FA5E5BC80E6BA90E5AD97E88A82EFBC8CE5BC80E6BA90E5AD97E88A82E4B88DE5AFB9E682A8E59BA0E69CAAE883BDE981B5E5AE88E4B88AE8BFB0E8A681E6B182E8808CE980A0E68890E79A84E68D9FE5A4B1E689BFE68B85E8B4A3E4BBBBE380823C2F703E3C703E312E3520E8AFB7E58BBFE5B086E682A8E79A84E8B4A6E58FB7E4B88EE5AF86E7A081E6B384E99CB2E38081E8BDACE8AEA9E38081E587BAE594AEE68896E587BAE5809FE7BB99E4BB96E4BABAEFBC8CE88BA5E682A8E68E88E69D83E4BB96E4BABAE4BDBFE794A8E8B4A6E688B7EFBC8CE5BA94E5AFB9E8A2ABE68E88E69D83E4BABAE59CA8E8AFA5E8B4A6E58FB7E4B88BE58F91E7949FE79A84E68980E69C89E8A18CE4B8BAE8B49FE585A8E983A8E8B4A3E4BBBBE380823C2F703E3C68323E32EFBC8EE69C8DE58AA1E58685E5AEB93C2F68323E3C703E322E3120E5BC80E6BA90E5AD97E88A82E4BAA7E59381E69C8DE58AA1E79A84E585B7E4BD93E58685E5AEB9E794B1E5BC80E6BA90E5AD97E88A82E6A0B9E68DAEE5AE9EE99985E68385E586B5E68F90E4BE9BE380823C2F703E3C703E322E32E68891E4BBACE5B086E4BC9AE6A0B9E68DAEE5AEA2E688B7E99C80E6B182E99A8FE697B6E69BB4E696B0E5BC80E6BA90E5AD97E88A82E69C8DE58AA1EFBC8CE8AFB7E4BBA5E9A1B5E99DA2E4B8ADE79A84E585B7E4BD93E69C8DE58AA1E58685E5AEB9E4B8BAE58786E380823C2F703E3C703E322E3320E4B8BAE4BDBFE794A8E5BC80E6BA90E5AD97E88A82E69C8DE58AA1EFBC8CE682A8E5BF85E9A1BBE887AAE8A18CE9809AE8BF87E69C89E59088E6B395E8B584E8B4A8E79A84E7ACACE4B889E696B9E59091E682A8E68F90E4BE9BE79A84E4BA92E88194E7BD91E68EA5E585A5E69C8DE58AA1EFBC8CE8BF9BE585A5E59BBDE99985E4BA92E88194E7BD91EFBC8CE5B9B6E887AAE8A18CE694AFE4BB98E79BB8E585B3E69C8DE58AA1E8B4B9E794A8E38082E6ADA4E5A496EFBC8CE682A8E5BF85E9A1BBE887AAE8A18CE9858DE5A487E4B88EE59BBDE99985E88194E7BD91E8BF9EE7BABFE68980E99C80E4B98BE4B880E58887E5BF85E8A681E8A385E5A487EFBC8CE58C85E68BACE8AEA1E7AE97E69CBAE38081E695B0E68DAEE69CBAE68896E585B6E5AE83E8AEBEE5A487EFBC8CE5B9B6E4B8BAE4B98BE8B49FE8B4A3E380823C2F703E3C703E322E3420E989B4E4BA8EE7BD91E7BB9CE69C8DE58AA1E79A84E789B9E6AE8AE680A7EFBC8CE682A8E5908CE6848FEFBC9AE7BB8FE4BA8BE58588E5918AE79FA5EFBC8CE5BC80E6BA90E5AD97E88A82E69C89E69D83E99A8FE697B6E58F98E69BB4E38081E4B8ADE696ADE68896E7BB88E6ADA2E983A8E58886E68896E585A8E983A8E79A84E7BD91E7BB9CE69C8DE58AA1EFBC88E58C85E68BACE694B6E8B4B9E7BD91E7BB9CE69C8DE58AA1EFBC89E38082E4BD86E698AFE59CA8E7B4A7E680A5E68385E586B5E4B88BEFBC8CE5BC80E6BA90E5AD97E88A82E5B086E69C89E58FAFE883BDE697A0E6B395E8BF9BE8A18CE4BA8BE58588E5918AE79FA5E38082E5BC80E6BA90E5AD97E88A82E5B086E7ABADE5B0BDE585A8E58A9BE5B1A5E8A18CE7BD91E7BB9CE8BF90E890A5E88085E79A84E8818CE8B4A3EFBC8CE4BD86E698AFE5BC80E6BA90E5AD97E88A82E4B88DE68B85E4BF9DE7BD91E7BB9CE69C8DE58AA1E4B88DE4BC9AE4B8ADE696ADEFBC8CE4B99FE697A0E6B395E5AFB9E7BD91E7BB9CE69C8DE58AA1E79A84E58F8AE697B6E680A7E38081E5AE89E585A8E680A7E38081E58786E7A1AEE680A7E5819AE587BAE68B85E4BF9DE380823C2F703E3C703E322E3520E5BC80E6BA90E5AD97E88A82E99C80E8A681E5AE9AE69C9FE68896E4B88DE5AE9AE69C9FE59CB0E5AFB9E68F90E4BE9BE7BD91E7BB9CE69C8DE58AA1E79A84E5B9B3E58FB0E68896E79BB8E585B3E79A84E8AEBEE5A487E8BF9BE8A18CE6A380E4BFAEE68896E88085E7BBB4E68AA4EFBC8CE5A682E59BA0E6ADA4E980A0E68890E7BD91E7BB9CE69C8DE58AA1EFBC88E58C85E68BACE694B6E8B4B9E7BD91E7BB9CE69C8DE58AA1EFBC89E59CA8E59088E79086E88C83E59BB4E58685E79A84E4B8ADE696ADEFBC8CE5BC80E6BA90E5AD97E88A82E5B086E59CA8E59088E79086E69C9FE99990E58685E8BF9BE8A18CE5918AE79FA5EFBC8CE5B9B6E4B894E697A0E99C80E4B8BAE6ADA4E689BFE68B85E4BBBBE4BD95E8B4A3E4BBBBE380823C2F703E3C703E322E3620E794B1E4BA8EE5BC80E6BA90E5AD97E88A82E697A0E6B395E68EA7E588B6E79A84E58E9FE59BA0E8808CE980A0E68890E79A84E59586E4B89AE68D9FE5A4B1E38081E8BF9FE5BBB6E5B1A5E8A18CE68896E69CAAE5B1A5E8A18CEFBC8CE4BBA5E58F8AE99D9EE59BA0E5BC80E6BA90E5AD97E88A82E8BF9DE58F8DE4B989E58AA1E8808CE980A0E68890E79A84E4BBBBE4BD95E68D9FE5AEB3EFBC8CE5BC80E6BA90E5AD97E88A82E4B88DE689BFE68B85E4BBBBE4BD95E8B4A3E4BBBBE380823C2F703E3C703E322E3720E5BC80E6BA90E5AD97E88A82E69C8DE58AA1E7B3BBE4BE9DE2809CE78EB0E78AB6E2809DE2809CE58C85E590ABE68980E69C89E7BCBAE999B7E2809DE5928CE2809CE78EB0E69C89E2809DE79A84E59FBAE7A180E4B88AE68E88E4BA88E8AEB8E58FAFE38082E59CA8E6B395E5BE8BE58581E8AEB8E79A84E69C80E5A4A7E88C83E59BB4E58685EFBC8CE999A4E6988EE7A1AEE58897E4BA8EE69CACE58D8FE8AEAEE4B98BE58685E5AEB9E5A496EFBC8CE68891E4BBACE4B88DE68F90E4BE9BE4BBBBE4BD95E585B6E4BB96E79A84E69DA1E4BBB6E38081E5A3B0E6988EE68896E5819AE4BBBBE4BD95E4BF9DE8AF81E380823C2F703E3C68323E33EFBC8EE7ACACE4B889E696B9E4BAA7E59381E5928CE69C8DE58AA13C2F68323E3C703E332E3120E5BC80E6BA90E5AD97E88A82E69C8DE58AA1E58FAFE883BDE58C85E590ABE7ACACE4B889E696B9E68F90E4BE9BE79A84E4BAA7E59381E68896E69C8DE58AA1E38082E5BD93E794A8E688B7E4BDBFE794A8E7ACACE4B889E696B9E68F90E4BE9BE79A84E4BAA7E59381E68896E69C8DE58AA1E697B6EFBC8CE58FAFE883BDE4BC9AE58FA6E69C89E79BB8E585B3E79A84E58D8FE8AEAEE68896E99A90E7A781E694BFE7AD96EFBC8CE682A8E5908CE6A0B7E5BA94E5BD93E8AEA4E79C9FE99885E8AFBBE5B9B6E981B5E5AE88E380823C2F703E3C703E332E3220E682A8E9A1BBE79086E8A7A3E5B9B6E5908CE6848FEFBC9AE4B8BAE4BA86E59091E682A8E68F90E4BE9BE69BB4E5A5BDE79A84E794A8E688B7E4BD93E9AA8CEFBC8CE5BD93E682A8E59CA8E4BDBFE794A8E7ACACE4B889E696B9E69C8DE58AA1E697B6EFBC8CE7ACACE4B889E696B9E58FAFE883BDE4BC9AE68EA5E8A7A6E38081E4BDBFE794A8E588B0E682A8E79A84E698B5E7A7B0E38081E5A4B4E5838FE4BBA5E58F8AE59CA8E7ACACE4B889E696B9E69C8DE58AA1E4B8ADE79A84E79BB8E585B3E6938DE4BD9CE4BFA1E681AFE7AD89E4BFA1E681AFE380823C2F703E3C703E332E3320E5BC80E6BA90E5AD97E88A82E69C8DE58AA1E68896E7ACACE4B889E696B9E58FAFE883BDE4BC9AE68F90E4BE9BE4BA92E88194E7BD91E4B88AE585B6E4BB96E7BD91E7AB99E68896E8B584E6BA90E79A84E993BEE68EA5E38082E989B4E4BA8EE8BF99E4BA9BE7BD91E7AB99E4B88EE8B584E6BA90E4B88DE59CA8E5BC80E6BA90E5AD97E88A82E79A84E68EA7E588B6E4B98BE4B88BEFBC8CE682A8E9A1BBE79086E8A7A3E5B9B6E5908CE6848FEFBC9AE5BC80E6BA90E5AD97E88A82E4B88DE5AFB9E8BF99E4BA9BE7BD91E7AB99E68896E8B584E6BA90E79A84E69C89E69588E680A7E8B49FE8B4A3EFBC8CE4BAA6E4B88DE4BC9AE5AFB9E6BA90E4BA8EE8BF99E4BA9BE7BD91E7AB99E68896E8B584E6BA90E79A84E4BBBBE4BD95E58685E5AEB9EFBC8CE58C85E68BACE4BD86E4B88DE99990E4BA8EE5B9BFE5918AE38081E4BAA7E59381E68896E585B6E4BB96E4BBBBE4BD95E69D90E69699E8B49FE8B4A3E68896E5819AE587BAE4BBBBE4BD95E4BF9DE8AF81E38082E5BC80E6BA90E5AD97E88A82E5B086E4B88DE689BFE68B85E59BA0E4BDBFE794A8E68896E4BE9DE8B596E4BA8EE4BB8EE8BF99E4BA9BE7BD91E7AB99E68896E8B584E6BA90E4B8ADE88EB7E58F96E79A84E68896E58F91E5B883E4BA8EE8BF99E4BA9BE7BD91E7AB99E68896E8B584E6BA90E4B8ADE79A84E4BBBBE4BD95E58685E5AEB9E38081E5B9BFE5918AE38081E4BAA7E59381E68896E69C8DE58AA1E8808CE980A0E68890E79A84E4BBBBE4BD95E68D9FE5A4B1E68896E68D9FE5AEB3E380823C2F703E3C703E332E3420E5A682E682A8E59CA8E4BDBFE794A8E7ACACE4B889E696B9E4BAA7E59381E68896E69C8DE58AA1E697B6E58F91E7949FE4BBBBE4BD95E7BAA0E7BAB7EFBC8CE8AFB7E79BB4E68EA5E4B88EE7ACACE4B889E696B9E88194E7B3BBEFBC8CE5BC80E6BA90E5AD97E88A82E4B88DE689BFE68B85E4BBBBE4BD95E8B4A3E4BBBBEFBC8CE4BD86E4BC9AE6A0B9E68DAEE99C80E8A681E4BE9DE6B395E68F90E4BE9BE5BF85E8A681E79A84E58D8FE58AA9E380823C2F703E3C68323E34EFBC8EE69D83E588A9E99990E588B63C2F68323E3C703E342E3120E69CAAE7BB8FE5BC80E6BA90E5AD97E88A82E4BA8BE58588E4B9A6E99DA2E5908CE6848FEFBC8CE682A8E4B88DE5BE97E5AFB9E5BC80E6BA90E5AD97E88A82E69C8DE58AA1EFBC88E58C85E68BACE4BD86E4B88DE99990E4BA8EE58685E5AEB9E68896E4BAA7E59381E4B8ADE79A84E5B9BFE5918AE68896E8B59EE58AA9E4BFA1E681AFEFBC89E8BF9BE8A18CE4BBBBE4BD95E5BDA2E5BC8FE79A84E8AEB8E58FAFE38081E587BAE594AEE38081E7A79FE8B581E38081E8BDACE8AEA9E38081E58F91E8A18CE68896E5819AE4BBBBE4BD95E585B6E4BB96E59586E4B89AE794A8E98094EFBC9B3C2F703E3C703E342E3220E682A8E4B88DE5BE97E4BBA5E5BC80E58F91E79BB8E5908CE68896E7AB9EE4BA89E680A7E79A84E69C8DE58AA1E4B8BAE79BAEE79A84E8AEBFE997AEE68896E4BDBFE794A8E5BC80E6BA90E5AD97E88A82E69C8DE58AA1EFBC9B3C2F703E3C703E342E3320E999A4E99D9EE6B395E5BE8BE6988EE69687E8A784E5AE9AEFBC8CE590A6E58899E682A8E4B88DE5BE97E5AFB9E5BC80E6BA90E5AD97E88A82E69C8DE58AA1EFBC88E58C85E68BACE4BD86E4B88DE99990E4BA8EE58685E5AEB9E68896E4BAA7E59381E4B8ADE79A84E5B9BFE5918AE68896E8B59EE58AA9E4BFA1E681AFEFBC89E79A84E4BBBBE4BD95E983A8E58886E4BBA5E4BBBBE4BD95E5BDA2E5BC8FE68896E696B9E6B395E8BF9BE8A18CE5A48DE588B6E38081E58F91E8A18CE38081E5868DE78988E38081E4B88BE8BDBDE38081E698BEE7A4BAE38081E5BCA0E8B4B4E38081E4BFAEE694B9E38081E7BFBBE8AF91E38081E59088E5B9B6E38081E588A9E794A8E38081E58886E8A7A3E68896E58F8DE59091E7BC96E8AF91E7AD89EFBC9B3C2F703E3C703E342E3420E682A8E59CA8E4BDBFE794A8E5BC80E6BA90E5AD97E88A82E69C8DE58AA1E697B6EFBC8CE5BF85E9A1BBE981B5E5AE88E4B8ADE58D8EE4BABAE6B091E585B1E5928CE59BBDE79BB8E585B3E6B395E5BE8BE6B395E8A784E79A84E8A784E5AE9AEFBC8CE682A8E5BA94E5908CE6848FE5B086E4B88DE4BC9AE588A9E794A8E5BC80E6BA90E5AD97E88A82E69C8DE58AA1E8BF9BE8A18CE4BBBBE4BD95E8BF9DE6B395E68896E4B88DE6ADA3E5BD93E79A84E6B4BBE58AA8EFBC8CE58C85E68BACE4BD86E4B88DE99990E4BA8EE4B88BE58897E8A18CE4B8BAE288B63C2F703E3C703E342E342E3120E8BF9DE8838CE3808AE4B8ADE58D8EE4BABAE6B091E585B1E5928CE59BBDE5AEAAE6B395E3808BE68980E7A1AEE7AB8BE79A84E59FBAE69CACE58E9FE58899E79A84EFBC9B3C2F703E3C703E342E342E3220E58DB1E5AEB3E59BBDE5AEB6E5AE89E585A8EFBC8CE6B384E99CB2E59BBDE5AEB6E7A798E5AF86EFBC8CE9A2A0E8A686E59BBDE5AEB6E694BFE69D83EFBC8CE7A0B4E59D8FE59BBDE5AEB6E7BB9FE4B880E79A84EFBC9B3C2F703E3C703E342E342E3320E68D9FE5AEB3E59BBDE5AEB6E88DA3E8AA89E5928CE588A9E79B8AE79A84EFBC9B3C2F703E3C703E342E342E3420E785BDE58AA8E6B091E6978FE4BB87E681A8E38081E6B091E6978FE6ADA7E8A786E38081E7A0B4E59D8FE6B091E6978FE59BA2E7BB93E79A84EFBC9B3C2F703E3C703E342E342E3520E7A0B4E59D8FE59BBDE5AEB6E5AE97E69599E694BFE7AD96EFBC8CE5AEA3E689ACE982AAE69599E5928CE5B081E5BBBAE8BFB7E4BFA1E79A84EFBC9B3C2F703E3C703E342E342E3620E695A3E5B883E8B0A3E8A880EFBC8CE689B0E4B9B1E7A4BEE4BC9AE7A7A9E5BA8FEFBC8CE7A0B4E59D8FE7A4BEE4BC9AE7A8B3E5AE9AE79A84EFBC9B3C2F703E3C703E342E342E3720E695A3E5B883E6B7ABE7A7BDE38081E889B2E68385E38081E8B58CE58D9AE38081E69AB4E58A9BE38081E587B6E69D80E38081E68190E68096E68896E88085E69599E59486E78AAFE7BDAAE79A84EFBC9B3C2F703E3C703E342E342E3820E4BEAEE8BEB1E68896E88085E8AFBDE8B0A4E4BB96E4BABAEFBC8CE4BEB5E5AEB3E4BB96E4BABAE59088E6B395E69D83E588A9E79A84EFBC9B3C2F703E3C703E342E342E3920E590ABE69C89E8999AE58187E38081E69C89E5AEB3E38081E88381E8BFABE38081E4BEB5E5AEB3E4BB96E4BABAE99A90E7A781E38081E9AA9AE689B0E38081E4BEB5E5AEB3E38081E4B8ADE4BCA4E38081E7B297E4BF97E38081E78CA5E4BAB5E38081E68896E585B6E5AE83E69C89E68296E4BA8EE98193E5BEB7E79A84E58685E5AEB9EFBC9B3C2F703E3C703E342E342E313020E590ABE69C89E4B8ADE59BBDE6B395E5BE8BE38081E6B395E8A784E38081E8A784E7ABA0E38081E69DA1E4BE8BE4BBA5E58F8AE4BBBBE4BD95E585B7E69C89E6B395E5BE8BE69588E58A9BE4B98BE8A784E88C83E68980E99990E588B6E68896E7A681E6ADA2E79A84E585B6E5AE83E58685E5AEB9E79A84EFBC9B3C2F703E3C703E342E3520E682A8E5BA94E5908CE6848FE4B88DE588A9E794A8E5BC80E6BA90E5AD97E88A82E69C8DE58AA1E4BB8EE4BA8BE4B88BE58897E8A18CE4B8BAEFBC9A3C2F703E3C703E342E352E3120E4B88AE4BCA0E68896E58F91E5B883E794B5E88491E79785E6AF92E38081E8A095E899ABE38081E681B6E6848FE4BBA3E7A081E38081E69585E6848FE7A0B4E59D8FE68896E694B9E58F98E8AEA1E7AE97E69CBAE7B3BBE7BB9FE68896E695B0E68DAEE79A84E8BDAFE4BBB6EFBC9B3C2F703E3C703E342E352E3220E69CAAE88EB7E68E88E69D83E79A84E68385E586B5E4B88BEFBC8CE694B6E99B86E585B6E4BB96E794A8E688B7E79A84E4BFA1E681AFE68896E695B0E68DAEEFBC8CE4BE8BE5A682E794B5E5AD90E982AEE7AEB1E59CB0E59D80E7AD89EFBC9B3C2F703E3C703E342E352E3320E7A681E794A8E69CACE7BD91E7AB99E79A84E7BD91E7BB9CE8BF9EE68EA5EFBC8CE7BB99E69CACE7BD91E7AB99E980A0E68890E8BF87E5BAA6E79A84E8B49FE68B85E68896E4BBA5E585B6E4BB96E696B9E5BC8FE5B9B2E689B0E68896E68D9FE5AEB3E7BD91E7AB99E69C8DE58AA1E599A8E5928CE7BD91E7BB9CE993BEE68EA5EFBC9B3C2F703E3C703E342E352E3420E59CA8E69CAAE88EB7E68E88E69D83E79A84E68385E586B5E4B88BEFBC8CE5B09DE8AF95E8AEBFE997AEE69CACE7BD91E7AB99E38081E69C8DE58AA1E599A8E68896E69CACE7BD91E7AB99E79A84E7BD91E7BB9CE993BEE68EA5EFBC9B3C2F703E3C703E342E352E3520E5B9B2E689B0E38081E7A0B4E59D8FE585B6E5AE83E794A8E688B7E6ADA3E5B8B8E4BDBFE794A8E5BC80E6BA90E5AD97E88A82E69C8DE58AA1E380823C2F703E3C703E342E3620E682A8E8BF9DE58F8DE69CACE58D8FE8AEAEE68896E79BB8E585B3E79A84E69C8DE58AA1E69DA1E6ACBEE79A84E8A784E5AE9AEFBC8CE5B9B6E59BA0E6ADA4E5AFBCE887B4E4BBBBE4BD95E7ACACE4B889E696B9E4B8BBE5BCA0E79A84E4BBBBE4BD95E7B4A2E8B594E38081E8A681E6B182E68896E68D9FE5A4B1EFBC88E58C85E68BACE59088E79086E79A84E5BE8BE5B888E8B4B9EFBC89EFBC8CE682A8E5908CE6848FE8B594E581BFE5BC80E6BA90E5AD97E88A82E58F8AE585B6E59088E4BD9CE585ACE58FB8E38081E585B3E88194E585ACE58FB8EFBC8CE5B9B6E4BDBFE4B98BE5858DE58F97E68D9FE5AEB3E38082E5B0B1E6ADA4EFBC8CE5BC80E6BA90E5AD97E88A82E69C89E69D83E8A786E682A8E79A84E8A18CE4B8BAE680A7E8B4A8EFBC8CE98787E58F96E58C85E68BACE4BD86E4B88DE99990E4BA8EE588A0E999A4E794A8E688B7E58F91E5B883E79A84E4BFA1E681AFE58685E5AEB9E38081E69A82E5819CE4BDBFE794A8E8AEB8E58FAFE38081E7BB88E6ADA2E69C8DE58AA1E38081E99990E588B6E4BDBFE794A8E38081E694B6E59B9EE5BC80E6BA90E5AD97E88A82E8B4A6E58FB7E38081E8BFBDE7A9B6E6B395E5BE8BE8B4A3E4BBBBE7AD89E68EAAE696BDE38082E5AFB9E681B6E6848FE6B3A8E5868CE5BC80E6BA90E5AD97E88A82E8B4A6E58FB7E68896E588A9E794A8E5BC80E6BA90E5AD97E88A82E8B4A6E58FB7E8BF9BE8A18CE8BF9DE6B395E6B4BBE58AA8E38081E5B9B2E689B0E38081E9AA9AE689B0E38081E6ACBAE9AA97E585B6E4BB96E794A8E688B7E4BBA5E58F8AE585B6E4BB96E8BF9DE58F8DE69CACE58D8FE8AEAEE79A84E8A18CE4B8BAEFBC8CE5BC80E6BA90E5AD97E88A82E69C89E69D83E694B6E59B9EE585B6E8B4A6E58FB7E38082E5908CE697B6EFBC8CE5BC80E6BA90E5AD97E88A82E5B086E6A0B9E68DAEE58FB8E6B395E983A8E997A8E79A84E8A681E6B182EFBC8CE58D8FE58AA9E8B083E69FA5E380823C2F703E3C703E342E3720E682A8E9A1BBE5AFB9E887AAE5B7B1E59CA8E4BDBFE794A8E5BC80E6BA90E5AD97E88A82E69C8DE58AA1E8BF87E7A88BE4B8ADE79A84E8A18CE4B8BAE689BFE68B85E6B395E5BE8BE8B4A3E4BBBBE38082E682A8E689BFE68B85E6B395E5BE8BE8B4A3E4BBBBE79A84E5BDA2E5BC8FE58C85E68BACE4BD86E4B88DE99990E4BA8EEFBC9AE5AFB9E58F97E588B0E4BEB5E5AEB3E88085E8BF9BE8A18CE8B594E581BFEFBC8CE4BBA5E58F8AE59CA8E5BC80E6BA90E5AD97E88A82E58588E8A18CE689BFE68B85E4BA86E59BA0E682A8E79A84E8A18CE4B8BAE8808CE5AFBCE887B4E79A84E8A18CE694BFE5A484E7BD9AE68896E4BEB5E69D83E68D9FE5AEB3E8B594E581BFE8B4A3E4BBBBE5908EEFBC8CE682A8E5BA94E7BB99E4BA88E5BC80E6BA90E5AD97E88A82E7AD89E9A29DE79A84E8B594E581BFE380823C2F703E3C703E342E3820E5BC80E6BA90E5AD97E88A82E68896E5BC80E6BA90E5AD97E88A82E5A794E68998E79A84E7ACACE4B889E696B9E69C89E69D83E5AFB9E682A8E4BDBFE794A8E5BC80E6BA90E5AD97E88A82E69C8DE58AA1E79A84E8A18CE4B8BAE58F8AE4BFA1E681AFE8BF9BE8A18CE5AEA1E69FA5E38081E79B91E79DA3E58F8AE5A484E79086EFBC8CE58C85E68BACE4BD86E4B88DE99990E4BA8EE794A8E688B7E4B8AAE4BABAE4BFA1E681AFEFBC88E8B4A6E58FB7E4BFA1E681AFE7AD89EFBC89E38081E58F91E5B883E58685E5AEB9EFBC88E5A682E4BD8DE7BDAEE38081E69687E5AD97E38081E59BBEE78987E38081E99FB3E9A291E38081E8A786E9A291E38081E59586E6A087E38081E4B893E588A9E38081E587BAE78988E789A9E7AD89EFBC89E38081E794A8E688B7E8A18CE4B8BAEFBC88E5A682E69E84E5BBBAE585B3E7B3BBE3808140E4BFA1E681AFE38081E8AF84E8AEBAE38081E7A781E4BFA1E38081E58F82E4B88EE8AF9DE9A298E38081E58F82E4B88EE6B4BBE58AA8E38081E890A5E99480E4BFA1E681AFE58F91E5B883E38081E4B8BEE68AA5E68A95E8AF89E7AD89EFBC89E7AD89E88C83E795B4E380823C2F703E3C68323E35EFBC8EE5858DE8B4A3E5A3B0E6988EE4B88EE8B4A3E4BBBBE99990E588B63C2F68323E3C703EE59FBAE4BA8EE4BA92E88194E7BD91E79A84E5BC80E694BEE680A7E5928CE789B9E6AE8AE680A7EFBC8CE5BC80E6BA90E5AD97E88A82E789B9E588ABE68F90E98692E682A8E8B0A8E6858EE6B3A8E6848FE4BBA5E4B88BE9A38EE999A9EFBC9A3C2F703E3C703E352E3120E5BC80E6BA90E5AD97E88A82E69C8DE58AA1E58C85E68BACE4BD86E4B88DE99990E4BA8EE69687E69CACE38081E59BBEE78987E38081E695B0E68DAEE38081E8A782E782B9E38081E5BBBAE8AEAEE38081E7BD91E9A1B5E4B88EE993BEE68EA5E38082E5BC80E6BA90E5AD97E88A82E5B086E5B0BDE58FAFE883BDE4B8BAE682A8E68F90E4BE9BE58786E7A1AEE79A84E4BFA1E681AFEFBC8CE4BD86E5BC80E6BA90E5AD97E88A82E5B9B6E4B88DE5AFB9E4BFA1E681AFE79A84E58786E7A1AEE680A7E4B88EE5AE8CE695B4E680A7E689BFE68B85E4BBBBE4BD95E4B989E58AA1E68896E8B4A3E4BBBBE38082E682A8E5BA94E5BD93E5AFB9E585B6E4BB96E794A8E688B7E4BDBFE794A8E5BC80E6BA90E5AD97E88A82E69C8DE58AA1E68980E4BAA7E7949FE79A84E4BFA1E681AFE8BF9BE8A18CE78BACE7AB8BE588A4E696ADE5B9B6E689BFE68B85E59BA0E4BE9DE8B596E8AFA5E58685E5AEB9E8808CE5BC95E8B5B7E79A84E68980E69C89E9A38EE999A9EFBC88E58C85E68BACE4BD86E4B88DE99990E4BA8EE59BA0E5AFB9E58685E5AEB9E79A84E6ADA3E7A1AEE680A7E38081E5AE8CE695B4E680A7E68896E5AE9EE794A8E680A7E79A84E4BE9DE8B596E8808CE4BAA7E7949FE79A84E9A38EE999A9EFBC89EFBC8CE4BBA5E58F8AE59BA0E794A8E688B7E4B8AAE4BABAE4BFA1E681AFE8A2ABE585B6E4BB96E794A8E688B7E88EB7E79FA5E8808CE5B8A6E69DA5E79A84E9A38EE999A9E38082E682A8E4BA86E8A7A3E5B9B6E7A1AEE8AEA4EFBC8CE5BC80E6BA90E5AD97E88A82E4B88DE5AFB9E5BC80E6BA90E5AD97E88A82E69C8DE58AA1E794A8E688B7E4B98BE997B4E79A84E7BAA0E7BAB7E689BFE68B85E4BBBBE4BD95E8B4A3E4BBBBE380823C2F703E3C703E352E3220E8AFB7E682A8E58887E58BBFE9808FE99CB2E4BBBBE4BD95E6B689E58F8AE8B4A2E4BAA7E38081E8B4A6E58FB7E58F8AE5AF86E7A081E7AD89E79A84E9878DE8A681E4BFA1E681AFEFBC8CE590A6E58899EFBC8CE682A8E5BA94E887AAE8A18CE689BFE68B85E794B1E6ADA4E5B8A6E69DA5E79A84E68D9FE5A4B1E380823C2F703E3C703E352E3320E5A682E69E9CE682A8E68896E585B6E4BB96E794A8E688B7E8BF9DE58F8DE69CACE58D8FE8AEAEE8808CE5AFBCE887B4E8A2ABE5BC80E6BA90E5AD97E88A82E4BE9DE7BAA6E5A484E79086E79A84EFBC8CE682A8E59CA8E5BC80E6BA90E5AD97E88A82E69C8DE58AA1E4B8ADE79A84E58685E5AEB9E38081E4BFA1E681AFE7AD89E695B0E68DAEE5B086E58FAFE883BDE4BC9AE58F97E588B0E5BDB1E5938DE380823C2F703E3C703E352E3420E5A682E69E9CE68891E4BBACE8BF9DE58F8DE69CACE58D8FE8AEAEEFBC8CE682A8E5908CE6848FE5BC80E6BA90E5AD97E88A82E5AFB9E682A8E79A84E594AFE4B880E79A84E8A1A5E69591E68EAAE696BDE4B8BAE99288E5AFB9E682A8E79A84E79BB4E68EA5E4B894E5B7B2E8AF81E6988EE79A84E68D9FE5AEB3E59091E682A8E98080E6ACBEEFBC8CE4B894E98080E6ACBEE98791E9A29DE79A84E4B88AE99990E4B8BAE58F91E7949FE68D9FE5AEB3E68896E8BF9DE7BAA6E79A84E5BD93E5B9B4E5BAA6E682A8E59091E5BC80E6BA90E5AD97E88A82E694AFE4BB98E79A84E8AFA5E9A1B9E69C8DE58AA1E79A84E5B9B4E5BAA6E68E88E69D83E69C8DE58AA1E8B4B9EFBC88E68896EFBC8CE5BD93E682A8E4BBA5E5858DE8B4B9E79A84E696B9E5BC8FE88EB7E5BE97E5BC80E6BA90E5AD97E88A82E69C8DE58AA1E697B6E6ADA4E8B594E581BFE5B086E4B88DE9AB98E4BA8EE5A3B9E58583E4BABAE6B091E5B881EFBC89E38082E682A8E4B88DE883BDE8A681E6B182E585B6E4BB96E4BBBBE4BD95E68D9FE5AEB3E68896E68D9FE5A4B1E8B594E581BFEFBC8CE58C85E68BACE4BD86E4B88DE99990E4BA8EE79BB4E68EA5E68D9FE5AEB3E38081E5908EE69E9CE680A7E68D9FE5AEB3E38081E789B9E588ABE79A84E68D9FE5AEB3E38081E588A9E6B6A6E68D9FE5A4B1E38081E99984E5B8A6E79A84E68896E683A9E7BD9AE680A7E68D9FE5AEB3E8B594E581BFE38082E59CA8E6B395E5BE8BE58581E8AEB8E79A84E69C80E5A4A7E88C83E59BB4E58685EFBC8CE8BF99E4BA9BE99990E588B6E5928CE68E92E999A4E69DA1E6ACBEE98082E794A8E4BA8EE4B88EE69CACE58D8FE8AEAEE79BB8E585B3E79A84E4BBBBE4BD95E4BA8BE9A1B9E68896E4BBBBE4BD95E7B4A2E8B594EFBC8CE58DB3E4BDBFE8BF99E4B880E8A1A5E69591E68EAAE696BDE5B9B6E69CAAE5AE8CE585A8E8A1A5E581BFE682A8E79A84E68980E69C89E68D9FE5A4B1EFBC8CE4B99FE69CAAE883BDE8BEBEE588B0E585B6E6A0B9E69CACE79BAEE79A84EFBC8CE68896E88085E68891E4BBACE79FA5E98193E68896E5BA94E5BD93E79FA5E98193E58FAFE883BDE4BC9AE58F91E7949FE68D9FE5A4B1E380823C2F703E3C703E352E3520E5AFB9E4BA8EE8B685E587BAE5BC80E6BA90E5AD97E88A82E59088E79086E68EA7E588B6E88C83E59BB4E79A84E68385E586B5EFBC88E4BE8BE5A682EFBC8CE59BA0E681B6E6848FE7A0B4E59D8FE38081E6848FE5A496E4BA8BE69585E38081E6938DE4BD9CE78EAFE5A283E4B88DE7ACA6E68896E585B6E4BB96E8AEBEE5A487E69585E99A9CEFBC89E980A0E68890E5BC80E6BA90E5AD97E88A82E697A0E6B395E5B1A5E8A18CE68896E5BBB6E8BF9FE5B1A5E8A18CE69C8DE58AA1E4B989E58AA1E79A84EFBC8CE5BC80E6BA90E5AD97E88A82E5AFB9E6ADA4E4B88DE689BFE68B85E4BBBBE4BD95E8B4A3E4BBBBE38082E5BC80E6BA90E5AD97E88A82E5B086E5B0BDE69C80E5A4A7E58AAAE58A9BE9998DE4BD8EE8BF99E4BA9BE4BA8BE4BBB6E79A84E5BDB1E5938DEFBC8CE5B9B6E5B1A5E8A18CE69CAAE58F97E5BDB1E5938DE79A84E4B989E58AA1E380823C2F703E3C68323E36EFBC8EE4BF9DE8AF813C2F68323E3C703E362E3120E5BC80E6BA90E5AD97E88A82E4B88DE68F90E4BE9BE4B88EE682A8E4BDBFE794A8E69C8DE58AA1E79BB8E585B3E79A84E4BBBBE4BD95E6988EE7A4BAE68896E9BB98E7A4BAE79A84E4BF9DE8AF81E38081E4BF9DE99A9CE68896E69DA1E4BBB6E38082E682A8E4BA86E8A7A3E682A8E99C80E8A681E887AAE8A18CE689BFE68B85E4BDBFE794A8E69C8DE58AA1E5B8A6E69DA5E79A84E9A38EE999A9EFBC8CE5B9B6E4BA86E8A7A3E68891E4BBACE698AFE59CA8E2809CE78EB0E78AB6E2809DE38081E2809CE58C85E590ABE68980E69C89E7BCBAE999B7E2809DE5928CE2809CE78EB0E69C89E2809DE79A84E59FBAE7A180E4B88AE68F90E4BE9BE69C8DE58AA1E38082E5BC80E6BA90E5AD97E88A82E4B88DE4BF9DE8AF81E69C8DE58AA1E79A84E58786E7A1AEE680A7E68896E697B6E69588E680A7E38082E6A0B9E68DAEE682A8E5BD93E59CB0E79A84E6B395E5BE8BEFBC8CE682A8E58FAFE883BDE4BAABE69C89E69F90E4BA9BE69D83E588A9EFBC8CE5A682E69E9CE98082E794A8EFBC8CE8BF99E4BA9BE69DA1E6ACBEE4B8ADE79A84E4BBBBE4BD95E8A784E5AE9AE59D87E697A0E6848FE5BDB1E5938DE8BF99E4BA9BE69D83E588A9E38082E682A8E689BFE8AEA4EFBC8CE8AEA1E7AE97E69CBAE5928CE794B5E4BFA1E7B3BBE7BB9FE58FAFE883BDE4BC9AE587BAE78EB0E69585E99A9CE68896E581B6E5B094E4BC9AE58F91E7949FE5819CE69CBAEFBC8CE68891E4BBACE4B88DE4BF9DE8AF81E69C8DE58AA1E59CA8E4BBBBE4BD95E68385E586B5E4B88BE59D87E697A0E4B8ADE696ADE38081E58F8AE697B6E38081E5AE89E585A8E38081E697A0E99499E8AFAFE38081E4B88DE58F91E7949FE58685E5AEB9E4B8A2E5A4B1EFBC8CE4B99FE4B88DE5AFB9E4B88EE8AEA1E7AE97E69CBAE7BD91E7BB9CE79A84E8BF9EE68EA5E68896E4BCA0E8BE93E4BD9CE4BBBBE4BD95E4BF9DE8AF81E380823C2F703E3C703E362E3220E59CA8E682A8E5BD93E59CB0E6B395E5BE8BE58581E8AEB8E79A84E88C83E59BB4E58685EFBC8CE68891E4BBACE68E92E999A4E69C89E585B3E98082E99480E680A7E38081E8B4A8E9878FE6BBA1E6848FE5BAA6E38081E789B9E5AE9AE794A8E98094E79A84E98082E794A8E680A7E38081E697A0E5B7A5E889BAE997AEE9A298E5928CE4B88DE4BEB5E69D83E79A84E4BBBBE4BD95E9BB98E7A4BAE4BF9DE8AF81E380823C2F703E3C68323E37EFBC8EE4B88DE58FAFE68A97E58A9B3C2F68323E3C703E372E3120E682A8E79086E8A7A3E5B9B6E5908CE6848FEFBC8CE59CA8E4BDBFE794A8E5BC80E6BA90E5AD97E88A82E69C8DE58AA1E79A84E8BF87E7A88BE4B8ADEFBC8CE58FAFE883BDE4BC9AE98187E588B0E4B88DE58FAFE68A97E58A9BE7AD89E9A38EE999A9E59BA0E7B4A0EFBC8CE4BDBFE5BC80E6BA90E5AD97E88A82E69C8DE58AA1E58F91E7949FE4B8ADE696ADE38082E4B88DE58FAFE68A97E58A9BE698AFE68C87E4B88DE883BDE9A284E8A781E38081E4B88DE883BDE981BFE5858DE5B9B6E4B88DE883BDE5858BE69C8DE79A84E4B894E5AFB9E4B880E696B9E68896E58F8CE696B9E980A0E68890E9878DE5A4A7E5BDB1E5938DE79A84E5AEA2E8A782E4BA8BE4BBB6EFBC8CE58C85E68BACE4BD86E4B88DE99990E4BA8EE887AAE784B6E781BEE5AEB3E5A682E6B4AAE6B0B4E38081E59CB0E99C87E38081E7989FE796ABE6B581E8A18CE5928CE9A38EE69AB4E7AD89EFBC8CE4BBA5E58F8AE7A4BEE4BC9AE4BA8BE4BBB6E5A682E68898E4BA89E38081E58AA8E4B9B1E38081E694BFE5BA9CE8A18CE4B8BAE7AD89E38082E587BAE78EB0E4B88AE8BFB0E68385E586B5E697B6EFBC8CE5BC80E6BA90E5AD97E88A82E5B086E59CA8E7ACACE4B880E697B6E997B4E4B88EE79BB8E585B3E58D95E4BD8DE9858DE59088EFBC8CE58F8AE697B6E8BF9BE8A18CE4BFAEE5A48DEFBC8CE4BD86E698AFE59CA8E6B395E5BE8BE58581E8AEB8E79A84E88C83E59BB4E58685E5BC80E6BA90E5AD97E88A82E5858DE4BA8EE689BFE68B85E794B1E6ADA4E7BB99E682A8E980A0E68890E79A84E68D9FE5A4B1E380823C2F703E3C703E372E3220E59CA8E6B395E5BE8BE58581E8AEB8E79A84E88C83E59BB4E58685EFBC8CE59BA0E4BBA5E4B88BE68385E5BDA2E5AFBCE887B4E79A84E69C8DE58AA1E4B8ADE696ADE68896E58F97E998BBEFBC8CE5BC80E6BA90E5AD97E88A82E5B086E4B88DE689BFE68B85E8B4A3E4BBBBEFBC9A3C2F703E3C703E372E322E3120E99D9EE59BA0E5BC80E6BA90E5AD97E88A82E8BF9DE58F8DE4BD9CE4B8BAE7BD91E7BB9CE8BF90E890A5E59586E79A84E4B989E58AA1E8808CE981ADE58F97E79A84E8AEA1E7AE97E69CBAE79785E6AF92E38081E69CA8E9A9ACE79785E6AF92E68896E585B6E4BB96E681B6E6848FE7A88BE5BA8FE38081E9BB91E5AEA2E694BBE587BBE79A84E7A0B4E59D8FEFBC9B3C2F703E3C703E372E322E3220E682A8E68896E5BC80E6BA90E5AD97E88A82E79A84E794B5E88491E8BDAFE4BBB6E38081E7B3BBE7BB9FE38081E7A1ACE4BBB6E5928CE9809AE4BFA1E7BABFE8B7AFE587BAE78EB0E69585E99A9CEFBC9B3C2F703E3C703E372E322E3320E682A8E99499E8AFAFE68896E4B88DE5BD93E6938DE4BD9CEFBC9B3C2F703E3C703E372E322E3420E682A8E9809AE8BF87E99D9EE5BC80E6BA90E5AD97E88A82E68E88E69D83E79A84E696B9E5BC8FE4BDBFE794A8E69CACE69C8DE58AA1EFBC9B3C2F703E3C703E372E322E3520E585B6E4BB96E5BC80E6BA90E5AD97E88A82E697A0E6B395E68EA7E588B6E68896E59088E79086E9A284E8A781E79A84E68385E5BDA2E380823C2F703E3C68323E38EFBC8EE79FA5E8AF86E4BAA7E69D833C2F68323E3C703E382E3120E999A4E58FA6E69C89E789B9E588ABE5A3B0E6988EE5A496EFBC8CE5BC80E6BA90E5AD97E88A82E59CA8E69C8DE58AA1E4B8ADE68F90E4BE9BE79A84E58685E5AEB9EFBC88E58C85E68BACE4BD86E4B88DE99990E4BA8EE7BD91E9A1B5E38081E69687E69CACE38081E59BBEE78987E38081E99FB3E9A291E38081E8A786E9A291E38081E59BBEE8A1A8E38081E8BDAFE4BBB6E7AD89EFBC89E79A84E79FA5E8AF86E4BAA7E69D83E5BD92E5BC80E6BA90E5AD97E88A82E68980E69C89EFBC8CE682A8E59CA8E4BDBFE794A8E5BC80E6BA90E5AD97E88A82E69C8DE58AA1E8BF87E7A88BE4B8ADE68980E4BAA7E7949FE79A84E58685E5AEB9E79A84E79FA5E8AF86E4BAA7E69D83E5BD92E682A8E68896E79BB8E585B3E69D83E588A9E4BABAE68980E69C89E38082E8BF99E4BA9BE69D83E588A9E4B88DE8AEBAE698AFE590A6E5B7B2E7BB8FE799BBE8AEB0E68896E6B3A8E5868CEFBC8CE4BAA6E4B88DE8AEBAE59CA8E593AAE4B8AAE59BBDE5AEB6E68896E59CB0E58CBAE4BAA7E7949FEFBC8CE59D87E58F97E588B0E8AFA5E59BBDE5AEB6E68896E59CB0E58CBAE79A84E89197E4BD9CE69D83E6B395E38081E59586E6A087E6B395E38081E4B893E588A9E6B395E38081E58F8DE4B88DE6ADA3E5BD93E7AB9EE4BA89E6B395E68896E79BB8E585B3E6B395E5BE8BE6B395E8A784E79A84E4BF9DE68AA4E38082E88BA5E8AFA5E59BBDE5AEB6E68896E59CB0E58CBAE58AA0E585A5E79BB8E585B3E59BBDE99985E69DA1E7BAA6EFBC8CE58899E8BF99E4BA9BE69D83E588A9E5908CE6A0B7E58F97E588B0E8AFA5E7AD89E59BBDE99985E69DA1E7BAA6E79A84E4BF9DE68AA4EFBC9BE88BA5E8BF99E4BA9BE69D83E588A9E8BF9BE8A18CE4BA86E9A286E59C9FE5BBB6E4BCB8EFBC8CE58899E58F97E588B0E9A286E59C9FE5BBB6E4BCB8E79BAEE6A087E59BBDE5AEB6E68896E59CB0E58CBAE79BB8E585B3E6B395E5BE8BE6B395E8A784E79A84E4BF9DE68AA4E380823C2F703E3C703E382E3220E999A4E58FA6E69C89E789B9E588ABE5A3B0E6988EE5A496EFBC8CE5BC80E6BA90E5AD97E88A82E68F90E4BE9BE69CACE69C8DE58AA1E697B6E68980E4BE9DE68998E79A84E8BDAFE4BBB6E79A84E89197E4BD9CE69D83E38081E4B893E588A9E69D83E58F8AE585B6E4BB96E79FA5E8AF86E4BAA7E69D83E59D87E5BD92E5BC80E6BA90E5AD97E88A82E68980E69C89E38082E69CAAE7BB8FE5BC80E6BA90E5AD97E88A82E68896E79BB8E5BA94E79A84E69D83E588A9E4BABAE4BA8BE58588E4B9A6E99DA2E5908CE6848FEFBC8CE682A8E4B88DE5BE97E5AE9EE696BDE38081E588A9E794A8E38081E8BDACE8AEA9E68896E8AEB8E58FAFE4BBBBE4BD95E7ACACE4B889E696B9E5AE9EE696BDE38081E588A9E794A8E68896E8BDACE8AEA9E4B88AE8BFB0E79FA5E8AF86E4BAA7E69D83EFBC9BE682A8E4B88DE5BE97E4BFAEE694B9E38081E587BAE7A79FE38081E587BAE5809FE38081E587BAE594AEE38081E58F91E8A18CE68896E5889BE5BBBAE79BB8E585B3E8A18DE7949FE4BD9CE59381EFBC8CE68896E4BBA5E585B6E4BB96E696B9E5BC8FE4BDBFE794A8E4B88AE8BFB0E585A8E983A8E68896E4BBBBE4B880E983A8E58886E79FA5E8AF86E4BAA7E69D83E380823C2F703E3C703E382E3320E5BC80E6BA90E5AD97E88A82E59CA8E69CACE69C8DE58AA1E4B8ADE68980E4BDBFE794A8E79A84E4BBBBE4BD95E59586E4B89AE6A087E5BF97E38081E6A087E8AF86E38081E59586E58FB7E38081E4BC81E4B89AE5908DE7A7B0E38081E59F9FE5908DE38081E5888AE58FB7E58F8AE585B6E4BB96E590ABE69C89E5A682E2809CE5BC80E6BA90E5AD97E88A82E2809DE38081E2809C4F70656E20536F757263653C2F703E3C703E42797465E2809DE7AD89E79A84E789B9E69C89E6A087E8AF86EFBC8CE585B6E4B893E69C89E69D83E5BD92E5BC80E6BA90E5AD97E88A82E68980E69C89E380823C2F703E3C703E382E3420E4B88AE8BFB0E58F8AE585B6E4BB96E4BBBBE4BD95E5BC80E6BA90E5AD97E88A82E69C8DE58AA1E68980E58C85E590ABE79A84E58685E5AEB9E4B98BE79FA5E8AF86E4BAA7E69D83E59D87E58F97E588B0E6B395E5BE8BE4BF9DE68AA4E38082E682A8E4B88DE5BE97EFBC9AE8A784E981BFE68896E7A681E794A8E4BBBBE4BD95E5BC80E6BA90E5AD97E88A82E69C8DE58AA1E68980E98787E794A8E79A84E4BBBBE4BD95E58685E5AEB9E4BF9DE68AA4E7B3BBE7BB9FE68896E695B0E5AD97E78988E69D83E7AEA1E79086E68A80E69CAFEFBC9BE58F8DE59091E7BC96E8AF91E38081E98086E59091E5B7A5E7A88BE38081E58F8DE59091E6B187E7BC96E68896E4BBA5E585B6E4BB96E696B9E5BC8FE5B086E4BBBBE4BD95E5BC80E6BA90E5AD97E88A82E69C8DE58AA1E8BF98E58E9FE4B8BAE58FAFE99885E8AFBBE5BDA2E5BC8FEFBC9BE7A7BBE999A4E68896E99A90E8978FE6A087E8AF86E38081E78988E69D83E68896E585B6E4BB96E68980E69C89E69D83E6A087E8AF86EFBC9BE4BBA5E8BF9DE58F8DE6B395E8A784EFBC8CE68896E69CAAE88EB7E59088E6B395E68E88E69D83EFBC8CE68896E58187E5809FE38081E58692E58585E38081E690ADE4BEBFE8BDA6E7AD89E79A84E696B9E5BC8FE7BB8FE890A5E38081E5BC80E5B195E38081E4BDBFE794A8E4B88EE68891E4BBACE79BB8E5908CE68896E8BF91E4BCBCE79A84E4BAA7E59381E38081E69C8DE58AA1E38081E59381E7898CEFBC8CE5BC95E4BABAE8AFAFE8A7A3E68896E6B7B7E6B786E8AFA5E7AD89E4BAA7E59381E38081E69C8DE58AA1E38081E59381E7898CE7AD89E4B88EE68891E4BBACE5AD98E59CA8E789B9E5AE9AE4B98BE88194E7B3BBE380823C2F703E3C703E382E35E5A682E69E9CE5BC80E6BA90E5AD97E88A82E69C8DE58AA1E9858DE7BDAEE4B8BAE58581E8AEB8E4BDBFE794A8E68891E4BBACE68BA5E69C89E68896E8AEB8E58FAFE79A84E8BDAFE4BBB6E38081E58685E5AEB9E38081E8999AE68B9FE789A9E59381E68896E585B6E4BB96E69D90E69699EFBC8CE68891E4BBACE68E88E4BA88E682A8E69C89E99990E79A84E38081E99D9EE4B893E69C89E79A84E38081E4B88DE58FAFE8BDACE68E88E69D83E79A84E38081E4B88DE58FAFE8BDACE8AEA9E79A84E8AEBFE997AEE68896E4BDBFE794A8E8BF99E4BA9BE8BDAFE4BBB6E38081E58685E5AEB9E68896E585B6E4BB96E69D90E69699E79A84E69D83E588A9EFBC8CE4BD86E4BB85E99990E4BA8EE682A8E4B8AAE4BABAE4BDBFE794A8EFBC8CE682A8E697A0E69D83E59CA8E78EB0E59CA8E5B7B2E79FA5E68896E5B086E69DA5E587BAE78EB0E79A84E4BBBBE4BD95E5AA92E4BD93E5BDA2E5BC8FE68896E4BBBBE4BD95E6B8A0E98193E4B8ADE5A48DE588B6E38081E58F91E8A18CE38081E59091E585ACE4BC97E4BCA0E692ADE38081E68F90E4BE9BE68896E58F98E79BB8E68F90E4BE9BE8BF99E4BA9BE8BDAFE4BBB6E38081E58685E5AEB9E68896E585B6E5AE83E69D90E69699E380823C2F703E3C703E382E3620E999A4E4B88AE8BFB0E8A784E5AE9AE4BBA5E5A496EFBC8CE5A682E69E9CE682A8E8AEA4E4B8BAE69C89E4BABAE5A48DE588B6E68896E59CA8E5BC80E6BA90E5AD97E88A82E794A8E688B7E4B8ADE5BF83E4B88AE58F91E5B883E682A8E79A84E4BD9CE59381EFBC8CE5B9B6E5B7B2E69E84E68890E5AFB9E682A8E89197E4BD9CE69D83E79A84E4BEB5E78AAFEFBC8CE8AFB7E58F8AE697B6E4B88EE68891E4BBACE88194E7B3BBEFBC8CE5B9B6E59091E68891E4BBACE58F91E98081E58C85E590ABE5A682E4B88BE4BFA1E681AFE79A84E4B9A6E99DA2E9809AE79FA5EFBC9A3C2F703E3C703E382E362E3120E8AF81E6988EE682A8E4BD9CE4B8BAE6B689E5AB8CE4BEB5E69D83E4BD9CE59381E69D83E588A9E4BABAE79A84E69D83E5B19EE8AF81E6988EEFBC9B3C2F703E3C703E382E362E3220E682A8E58786E7A1AEE79A84E8BAABE4BBBDE8AF81E6988EE38081E4BD8FE59D80E58F8AE88194E7B3BBE696B9E5BC8FEFBC9B3C2F703E3C703E382E362E3320E6B689E5AB8CE4BEB5E69D83E79A84E58685E5AEB9E59CA8E5BC80E6BA90E5AD97E88A82E794A8E688B7E4B8ADE5BF83E4B88AE79A84E4BD8DE7BDAEEFBC9B3C2F703E3C703E382E362E3420E5AFB9E682A8E8AEA4E4B8BAE8A2ABE4BEB5E69D83E4BD9CE59381E79A84E68F8FE8BFB0EFBC9B3C2F703E3C703E382E362E3520E682A8E79A84E4BD9CE59381E89197E4BD9CE69D83E981ADE58F97E4BEB5E78AAFE79A84E79BB8E585B3E8AF81E68DAEEFBC9B3C2F703E3C703E382E362E3620E59CA8E682A8E5908CE6848FE689BFE68B85E4BCAAE8AF81E5A484E7BD9AE4B98BE5908EE69E9CE79A84E5898DE68F90E4B88BEFBC8CE682A8E5BA94E5BD93E68F90E4BAA4E4B9A6E99DA2E5A3B0E6988EEFBC8CE4BBA5E8A1A8E6988EE682A8E59CA8E4B88AE8BFB0E9809AE79FA5E4B8ADE68980E8BFB0E79A84E58685E5AEB9E698AFE58786E7A1AEE4B894E79C9FE5AE9EE79A84E380823C2F703E3C68323E39EFBC8EE69C8DE58AA1E79A84E58F98E69BB4E38081E4B8ADE696ADE38081E7BB88E6ADA23C2F68323E3C703E392E3120E7BB8FE4BA8BE58588E5918AE79FA5EFBC8CE5BC80E6BA90E5AD97E88A82E58FAFE4BBA5E5AFB9E69C8DE58AA1E58685E5AEB9E8BF9BE8A18CE58F98E69BB4EFBC8CE68896E88085E4B8ADE696ADE38081E4B8ADE6ADA2E68896E7BB88E6ADA2E5BC80E6BA90E5AD97E88A82E69C8DE58AA1E380823C2F703E3C703E392E3220E5A682E58F91E7949FE4B88BE58897E4BBBBE4BD95E4B880E7A78DE68385E5BDA2EFBC8CE5BC80E6BA90E5AD97E88A82E69C89E69D83E4B88DE7BB8FE9809AE79FA5E8808CE4B8ADE6ADA2E68896E7BB88E6ADA2E59091E682A8E68F90E4BE9BE79A84E69C8DE58AA1EFBC9A3C2F703E3C703E392E322E3120E6A0B9E68DAEE6B395E5BE8BE8A784E5AE9AE682A8E5BA94E68F90E4BAA4E79C9FE5AE9EE4BFA1E681AFEFBC8CE8808CE682A8E68F90E4BE9BE79A84E4B8AAE4BABAE8B584E69699E4B88DE79C9FE5AE9EE38081E68896E4B88EE6B3A8E5868CE4BFA1E681AFE4B88DE4B880E887B4E58F88E69CAAE883BDE68F90E4BE9BE59088E79086E8AF81E6988EEFBC9B3C2F703E3C703E392E322E3220E682A8E8BF9DE58F8DE79BB8E585B3E6B395E5BE8BE6B395E8A784E68896E69CACE58D8FE8AEAEE79A84E7BAA6E5AE9AEFBC9B3C2F703E3C703E392E322E3320E68C89E785A7E6B395E5BE8BE8A784E5AE9AE68896E4B8BBE7AEA1E983A8E997A8E79A84E8A681E6B182EFBC9B3C2F703E3C703E392E322E3420E587BAE4BA8EE5AE89E585A8E58E9FE59BA0E68896E585B6E4BB96E5BF85E8A681E79A84E68385E5BDA2EFBC9B3C2F703E3C703E392E322E3520E88BA5E682A8E4BDBFE794A8E694B6E8B4B9E9A1B9E79BAEEFBC8CE8808CE69CAAE68C89E697B6E8B6B3E9A29DE4BB98E8B4B9EFBC8CE5BC80E6BA90E5AD97E88A82E69C89E69D83E4B8ADE696ADE38081E4B8ADE6ADA2E68896E7BB88E6ADA2E68F90E4BE9BE69C8DE58AA1E380823C2F703E3C703E392E3320E682A8E5BA94E887AAE8A18CE8B49FE8B4A3E5A487E4BBBDE5AD98E582A8E59CA8E5BC80E6BA90E5AD97E88A82E69C8DE58AA1E4B8ADE79A84E695B0E68DAEE38082E5A682E69E9CE682A8E79A84E69C8DE58AA1E8A2ABE7BB88E6ADA2EFBC8CE5BC80E6BA90E5AD97E88A82E58FAFE4BBA5E4BB8EE69C8DE58AA1E599A8E4B88AE6B0B8E4B985E59CB0E588A0E999A4E682A8E79A84E695B0E68DAE2CE4BD86E6B395E5BE8BE6B395E8A784E58FA6E69C89E8A784E5AE9AE79A84E999A4E5A496E38082E69C8DE58AA1E7BB88E6ADA2E5908EEFBC8CE5BC80E6BA90E5AD97E88A82E6B2A1E69C89E4B989E58AA1E59091E682A8E8BF94E8BF98E695B0E68DAEE380823C2F703E3C68323E3130EFBC8EE6B395E5BE8BE98082E794A8E4B88EE7AEA1E8BE963C2F68323E3C703E31302E3120E69CACE58D8FE8AEAEE79A84E8AEA2E7AB8BE38081E7949FE69588E38081E5B1A5E8A18CE38081E8A7A3E9878AE4B88EE4BA89E8AEAEE8A7A3E586B3EFBC8CE59D87E98082E794A8E4B8ADE58D8EE4BABAE6B091E585B1E5928CE59BBDE5A4A7E99986E59CB0E58CBAE6B395E5BE8BEFBC88E4B88DE58C85E68BACE586B2E7AA81E6B395EFBC89E380823C2F703E3C703E31302E3220E88BA5E682A8E5928CE5BC80E6BA90E5AD97E88A82E4B98BE997B4E58F91E7949FE4BBBBE4BD95E7BAA0E7BAB7E68896E4BA89E8AEAEEFBC8CE58F8CE696B9E9A696E58588E5BA94E58F8BE5A5BDE58D8FE59586E8A7A3E586B3EFBC9BE58D8FE59586E4B88DE68890E79A84EFBC8CE682A8E5908CE6848FE5B086E7BAA0E7BAB7E68896E4BA89E8AEAEE68F90E4BAA4E69CACE58D8FE8AEAEE7ADBEE8AEA2E59CB0E69C89E7AEA1E8BE96E69D83E79A84E4BABAE6B091E6B395E999A2E7AEA1E8BE96E380823C2F703E3C703E31302E3320E69CACE58D8FE8AEAEE69DA1E6ACBEE697A0E8AEBAE59BA0E4BD95E7A78DE58E9FE59BA0E983A8E58886E697A0E69588E68896E4B88DE58FAFE689A7E8A18CEFBC8CE585B6E4BD99E69DA1E6ACBEE4BB8DE784B6E69C89E69588EFBC8CE5B9B6E5AFB9E58F8CE696B9E585B7E69C89E7BAA6E69D9FE58A9BE380823C2F703E3C703E31302E34E69CACE58D8FE8AEAEE69DA1E6ACBEE7BB88E6ADA2E5908EEFBC8CE8AFA5E69DA1E6ACBEE4B8ADE4BE9DE585B6E680A7E8B4A8E5BA94E7BBA7E7BBADE69C89E69588E79A84E8A784E5AE9AEFBC8CE5B086E7BBA7E7BBADE69C89E69588E380823C2F703E3C68323E3131EFBC8EE585B6E4BB963C2F68323E3C703E31312E3120E8AFB7E58AA1E5BF85E4BB94E7BB86E99885E8AFBB20E3808AE99A90E7A781E694BFE7AD96E3808B20EFBC8C20E3808AE99A90E7A781E694BFE7AD96E3808B20E4B8BAE69CACE58D8FE8AEAEE4B88DE58FAFE58886E589B2E79A84E4B880E983A8E58886EFBC8CE4B88EE69CACE58D8FE8AEAEE585B7E69C89E5908CE7AD89E6B395E5BE8BE69588E58A9BE38082E69F90E4BA9BE5BC80E6BA90E5AD97E88A82E69C8DE58AA1E58FAFE883BDE99984E69C89E8A1A5E58585E7BAA6E5AE9AEFBC8CE4BE8BE5A682E5B0B1E789B9E5AE9AE79A84E5B9B3E58FB0E38081E4BA8BE9A1B9E38081E8BDAFE4BBB6E38081E5BA94E794A8E7A88BE5BA8FE68896E585B6E4BB96E69C8DE58AA1E79A84E8A784E7BAA6E38082E4BBBBE4BD95E8A1A5E58585E7BAA6E5AE9AE59D87E4B8BAE69CACE58D8FE8AEAEE79A84E8A1A5E58585EFBC8CE5A682E69C89E586B2E7AA81EFBC8CE4BBA5E8A1A5E58585E7BAA6E5AE9AE4B8BAE58786E380823C2F703E3C703E31312E3220E5BC80E6BA90E5AD97E88A82E5AFB9E69CACE58D8FE8AEAEE69DA1E6ACBEE4B8ADE4BBBBE4BD95E8A784E5AE9AE79A84E694BEE5BC83E4B88DE5BA94E8A2ABE8A786E4B8BAE5AFB9E8AFA5E8A784E5AE9AE68896E4BBBBE4BD95E585B6E4BB96E8A784E5AE9AE79A84E8BF9BE4B880E6ADA5E68896E68C81E7BBADE79A84E694BEE5BC83E38082E5BC80E6BA90E5AD97E88A82E69CAAE4BE9DE69CACE58D8FE8AEAEE69DA1E6ACBEE4B8BBE5BCA0E69D83E588A9EFBC8CE4B88DE5BA94E69E84E68890E5AFB9E8AFA5E69D83E588A9E68896E8AFA5E69DA1E6ACBEE79A84E694BEE5BC83E380823C2F703E3C703E31312E3320E5A682E69E9CE682A8E5AFB9E69CACE58D8FE8AEAEE68896E5BC80E6BA90E5AD97E88A82E69C8DE58AA1E69C89E4BBBBE4BD95E6848FE8A781E68896E5BBBAE8AEAEEFBC8CE6ACA2E8BF8EE4B88EE5BC80E6BA90E5AD97E88A82E794A8E688B7E4B8ADE5BF83E5AEA2E69C8DE88194E7B3BBE380823C2F703E3C703E31312E3420E88194E7B3BBE696B9E5BC8F3A3C2F703E3C703EE585ACE58FB8EFBC9AE69DADE5B79EE6BA90E5AD97E88A82E7A791E68A80E69C89E99990E585ACE58FB83C2F703E3C703EE59CB0E59D80EFBC9AE69DADE5B79EE5B882E68BB1E5A285E58CBAE58C97E983A8E8BDAFE4BBB6E59BAD3C2F703E3C703EE982AEE7BC96EFBC9A3331303030303C2F703E3C703EE5A682E69C89E585B3E594AEE5908EE69C8DE58AA1E997AEE9A298E8AFB7E79BB4E68EA5E88194E7B3BBEFBC9A3138373230393839323831E380823C2F703E3C703EE794B5E5AD90E4BFA1E7AEB1EFBC9A3236313634383934374071712E636F6D3C2F703E, '0', '', '2022-02-26 21:59:12', '', '2022-03-06 16:51:17', null);
INSERT INTO `cms_service_item` VALUES ('2', '代理合作', '合作', 0x3C683120636C6173733D22716C2D616C69676E2D63656E746572223EE59586E58AA1E59088E4BD9CE8AFB7E88194E7B3BBE68891E4BBAC3C2F68313E3C703EE88194E7B3BBE794B5E8AF9DEFBC9A203138372D323039382D39323831EFBC88E8A9B9E7BB8FE79086EFBC893C2F703E3C703EE594AEE5898DE982AEE7AEB1EFBC9A20383438373032333935324071712E636F6D3C2F703E3C703EE594AEE5908EE982AEE7AEB1EFBC9A203236313634383934374071712E636F6D3C2F703E, '0', '', '2022-02-27 16:35:11', '', '2022-03-13 11:43:14', null);
INSERT INTO `cms_service_item` VALUES ('3', '隐私协议', '隐私协议', 0x3C683120636C6173733D22716C2D616C69676E2D63656E746572223EE794A8E688B7E4B8ADE5BF8320E99A90E7A781E58D8FE8AEAE3C2F68313E3C7020636C6173733D22716C2D616C69676E2D7269676874223EE69CACE78988E69BB4E696B0E697B6E997B4EFBC9A32303232E5B9B43032E69C883234E697A53C2F703E3C703EE5BC80E6BA90E5AD97E88A82E58F8AE585B6E58886E694AFE69CBAE69E84EFBC88E4BBA5E4B88BE7BB9FE7A7B0E2809CE5BC80E6BA90E5AD97E88A82E2809DE68896E2809CE68891E4BBACE2809DEFBC89E4B880E59091E689BFE8AFBAE4BF9DE68AA4E4BDBFE794A8E5BC80E6BA90E5AD97E88A82E4BAA7E59381E5928CE69C8DE58AA1EFBC88E4BBA5E4B88BE7BB9FE7A7B0E2809CE5BC80E6BA90E5AD97E88A82E69C8DE58AA1E2809DEFBC89E4B98BE794A8E688B7EFBC88E4BBA5E4B88BE7BB9FE7A7B0E2809CE794A8E688B7E2809DE68896E2809CE682A8E2809DEFBC89E79A84E4B8AAE4BABAE4BFA1E681AFE5928CE99A90E7A781E5AE89E585A8E38082E682A8E59CA8E4BDBFE794A8E68891E4BBACE79A84E69C8DE58AA1E697B6EFBC8CE68891E4BBACE58FAFE883BDE4BC9AE694B6E99B86E5928CE4BDBFE794A8E682A8E79A84E79BB8E585B3E4B8AAE4BABAE4BFA1E681AFE38082E68891E4BBACE5B88CE69C9BE9809AE8BF87E69CACE2809CE99A90E7A781E694BFE7AD96E2809DE59091E682A8E8AFB4E6988EE68891E4BBACE59CA8E694B6E99B86E5928CE4BDBFE794A8E682A8E79BB8E585B3E4B8AAE4BABAE4BFA1E681AFE697B6E5AFB9E5BA94E79A84E5A484E79086E8A784E58899E7AD89E79BB8E585B3E4BA8BE5AE9CEFBC8CE4BBA5E4BEBFE69BB4E5A5BDE59CB0E4BF9DE99A9CE682A8E79A84E69D83E79B8AE380823C2F703E3C703EE69CACE694BFE7AD96E98082E794A8E4BA8EE68891E4BBACE68F90E4BE9BE79A84E68980E69C89E5BC80E6BA90E5AD97E88A82E69C8DE58AA1E38082E5BD93E682A8E4BDBFE794A8E68891E4BBACE4BBBBE4BD95E58D95E9A1B9E69C8DE58AA1E697B6EFBC8CE682A8E5908CE6848FE68EA5E58F97E69CACE694BFE7AD96E4BBA5E58F8AE68891E4BBACE59CA8E8AFA5E58D95E9A1B9E69C8DE58AA1E4B8ADE58F91E587BAE79A84E789B9E5AE9AE4B8AAE4BABAE4BFA1E681AFE4BF9DE68AA4E7B1BBE694BFE7AD96E69DA1E6ACBEEFBC88E4B88BE58897E7A7B0E2809CE789B9E5AE9AE69DA1E6ACBEE2809DEFBC89E79A84E4BF9DE68AA4EFBC8CE59CA8E6ADA4E68385E586B5E4B88BE789B9E5AE9AE69DA1E6ACBEE4B88EE69CACE694BFE7AD96E69DA1E6ACBEE5908CE697B6E5AFB9E682A8E4BAA7E7949FE69588E58A9BE38082E5A682E789B9E5AE9AE69DA1E6ACBEE4B88EE69CACE694BFE7AD96E69DA1E6ACBEE5AD98E59CA8E5908CE7B1BBE69DA1E6ACBEE79A84E4B88DE4B880E887B4E7BAA6E5AE9AEFBC8CE58899E59CA8E789B9E5AE9AE69DA1E6ACBEE7BAA6E69D9FE88C83E59BB4E58685E5BA94E4BBA5E789B9E5AE9AE69DA1E6ACBEE4B8BAE58786E38082E5A682E68891E4BBACE68F90E4BE9BE79A84E69F90E4B880E58D95E9A1B9E69C8DE58AA1E4B88DE98082E794A8E69CACE694BFE7AD96E79A84EFBC8CE8AFA5E69C8DE58AA1E4B8ADE4BC9AE4BBA5E98082E5BD93E696B9E5BC8FE6988EE7A4BAE68E92E999A4E98082E794A8E69CACE694BFE7AD96E380823C2F703E3C703EE59CA8E4BDBFE794A8E59084E9A1B9E5BC80E6BA90E5AD97E88A82E69C8DE58AA1E5898DEFBC8CE8AFB7E682A8E58AA1E5BF85E4BB94E7BB86E99885E8AFBBE5B9B6E9808FE5BDBBE79086E8A7A3E69CACE694BFE7AD96EFBC8CE789B9E588ABE698AFE4BBA5E7B297E4BD932FE7B297E4BD93E4B88BE58892E7BABFE6A087E8AF86E79A84E69DA1E6ACBEEFBC8CE682A8E5BA94E9878DE782B9E99885E8AFBBEFBC8CE59CA8E7A1AEE8AEA4E58585E58886E79086E8A7A3E5B9B6E5908CE6848FE5908EE5868DE5BC80E5A78BE4BDBFE794A8E38082E5A682E69E9CE682A8E4B88DE5908CE6848FE69CACE694BFE7AD96E79A84E58685E5AEB9EFBC8CE5B086E58FAFE883BDE5AFBCE887B4E68891E4BBACE79A84E4BAA7E59381E5928CE69C8DE58AA1E697A0E6B395E6ADA3E5B8B8E8BF90E8A18CEFBC8CE68896E88085E697A0E6B395E8BEBEE588B0E68891E4BBACE68B9FE8BEBEE588B0E79A84E69C8DE58AA1E69588E69E9CEFBC8CE682A8E5BA94E7AB8BE58DB3E5819CE6ADA2E8AEBFE997AE2FE4BDBFE794A8E68891E4BBACE79A84E4BAA7E59381E4B88E2FE68896E69C8DE58AA1E38082E682A8E4BDBFE794A8E68896E7BBA7E7BBADE4BDBFE794A8E5BC80E6BA90E5AD97E88A82E69C8DE58AA1EFBC8CE983BDE8A1A8E7A4BAE682A8E5908CE6848FE68891E4BBACE68C89E785A7E69CACE694BFE7AD96EFBC88E58C85E68BACE69BB4E696B0E78988E69CACEFBC89E694B6E99B86E38081E4BDBFE794A8E38081E582A8E5AD98E38081E58886E4BAABE38081E8BDACE8AEA9E5928CE68AABE99CB2E682A8E79A84E4B8AAE4BABAE4BFA1E681AFE380823C2F703E3C703EE59CA8E99885E8AFBBE5AE8CE69CACE694BFE7AD96E5908EEFBC8CE5A682E682A8E5AFB9E69CACE694BFE7AD96E68896E4B88EE69CACE694BFE7AD96E79BB8E585B3E79A84E4BA8BE5AE9CE69C89E4BBBBE4BD95E997AEE9A298EFBC8CE682A8E58FAFE9809AE8BF87E69CACE694BFE7AD96E2809CE5A682E4BD95E88194E7B3BBE68891E4BBACE2809DE7ABA0E88A82E68980E58897E79A84E58F8DE9A688E6B8A0E98193E88194E7B3BBE68891E4BBACEFBC8CE68891E4BBACE4BC9AE5B0BDE5BFABE4B8BAE682A8E4BD9CE587BAE8A7A3E7AD94E58F8AE5A484E79086E380823C2F703E3C703EE79BAEE5BD95E4B880E38081E68891E4BBACE5A682E4BD95E694B6E99B86E5928CE4BDBFE794A8E4B8AAE4BABAE4BFA1E681AF3C2F703E3C703EE4BA8CE38081E68891E4BBACE5A682E4BD95E4BDBFE794A8434F4F4B494553E68896E5908CE7B1BBE68A80E69CAF3C2F703E3C703EE4B889E38081E68891E4BBACE58FAFE883BDE585B1E4BAABE38081E585ACE5BC80E79A84E4B8AAE4BABAE4BFA1E681AF3C2F703E3C703EE59B9BE38081E68891E4BBACE5A682E4BD95E582A8E5AD98E5928CE4BF9DE68AA4E4B8AAE4BABAE4BFA1E681AF3C2F703E3C703EE4BA94E38081E5A682E4BD95E7AEA1E79086E682A8E79A84E4B8AAE4BABAE4BFA1E681AF3C2F703E3C703EE585ADE38081E7ACACE4B889E696B9E69C8DE58AA13C2F703E3C703EE4B883E38081E68891E4BBACE5AFB9E69CAAE68890E5B9B4E4BABAE79A84E694BFE7AD963C2F703E3C703EE585ABE38081E9809AE79FA5E5928CE4BFAEE8AEA23C2F703E3C703EE4B99DE38081E98082E794A8E6B395E5BE8BE4B88EE4BA89E8AEAEE8A7A3E586B33C2F703E3C703EE58D81E38081E5A682E4BD95E88194E7B3BBE68891E4BBAC3C2F703E3C703EE4B880E38081E68891E4BBACE5A682E4BD95E694B6E99B86E5928CE4BDBFE794A8E4B8AAE4BABAE4BFA1E681AF3C2F703E3C703EEFBC88E4B880EFBC89E68891E4BBACE6A0B9E68DAEE59088E6B395E38081E6ADA3E5BD93E38081E5BF85E8A681E79A84E58E9FE58899EFBC8CE4BB85E694B6E99B86E5AE9EE78EB0E4BAA7E59381E58A9FE883BDE68980E5BF85E8A681E79A84E4BFA1E681AFEFBC9A3C2F703E3C703E312E20E682A8E59CA8E4BDBFE794A8E68891E4BBACE69C8DE58AA1E697B6E4B8BBE58AA8E68F90E4BE9BE79A84E4BFA1E681AF3C2F703E3C703E312E3120E682A8E59CA8E6B3A8E5868CE8B4A6E58FB7E68896E4BDBFE794A8E68891E4BBACE79A84E69C8DE58AA1E697B6EFBC8CE59091E68891E4BBACE68F90E4BE9BE79A84E79BB8E585B3E4B8AAE4BABAE4BFA1E681AFEFBC8CE4BE8BE5A682E682A8E59CA8E6B3A8E5868CE5BC80E6BA90E5AD97E88A82E8B4A6E688B7E697B6E68980E5A1ABE58699E79A84E794B5E8AF9DE58FB7E7A081E38081E794B5E5AD90E982AEE4BBB6E7AD89EFBC9B3C2F703E3C703E312E3220E682A8E9809AE8BF87E68891E4BBACE79A84E69C8DE58AA1E59091E585B6E4BB96E696B9E68F90E4BE9BE79A84E585B1E4BAABE4BFA1E681AFEFBC8CE4BBA5E58F8AE682A8E4BDBFE794A8E68891E4BBACE79A84E69C8DE58AA1E697B6E4B88AE4BCA0E79A84E4BFA1E681AFEFBC9B3C2F703E3C703E312E3320E682A8E9809AE8BF87E68891E4BBACE79A84E5AEA2E69C8DE68896E58F82E58AA0E68891E4BBACE4B8BEE58A9EE79A84E6B4BBE58AA8E697B6E68980E68F90E4BAA4E79A84E4BFA1E681AFEFBC8CE4BE8BE5A682EFBC8CE682A8E58F82E4B88EE68891E4BBACE4B8BEE58A9EE79A84E6B4BBE58AA8E697B6E5A1ABE58699E79A84E794B3E8AFB7E58D95E4B8ADE58FAFE883BDE58C85E590ABE682A8E79A84E5A793E5908DE38081E794B5E8AF9DE38081E59CB0E59D80E7AD89E4BFA1E681AFE380823C2F703E3C703E322E20E585B6E4BB96E696B9E4BDBFE794A8E5BC80E6BA90E5AD97E88A82E69C8DE58AA1E697B6E68980E68F90E4BE9BE69C89E585B3E682A8E79A84E585B1E4BAABE4BFA1E681AFE380823C2F703E3C703E332E20E68891E4BBACE59CA8E682A8E4BDBFE794A8E69C8DE58AA1E697B6E88EB7E58F96E79A84E4BFA1E681AFEFBC9AE5BD93E682A8E4BDBFE794A8E5BC80E6BA90E5AD97E88A82E69C8DE58AA1E697B6EFBC8CE68891E4BBACE58FAFE883BDE4BC9AE887AAE58AA8E694B6E99B86E79BB8E585B3E4BFA1E681AFE5B9B6E5AD98E582A8E4B8BAE69C8DE58AA1E697A5E5BF97E4BFA1E681AFEFBC8CE5A682E697A5E5BF97E4BFA1E681AFE38081E4BD8DE7BDAEE4BFA1E681AFE38081E8AEBEE5A487E4BFA1E681AFE380823C2F703E3C703E342E20E4BB8EE7ACACE4B889E696B9E88EB7E58F96E79A84E4BFA1E681AFEFBC8CE68891E4BBACE58FAFE883BDE4BC9AE88EB7E5BE97E682A8E4BDBFE794A8E7ACACE4B889E696B9E69C8DE58AA1E68980E4BAA7E7949FE68896E58886E4BAABE79A84E4BFA1E681AFE38082E4BE8BE5A682EFBC8CE682A8E4BDBFE794A8E7ACACE4B889E696B9E8B4A6E688B7E799BBE5BD95E5B9B6E4BDBFE794A8E5BC80E6BA90E5AD97E88A82E69C8DE58AA1E697B6EFBC8CE7BB8FE8BF87E682A8E5908CE6848FEFBC8CE68891E4BBACE5B086E88EB7E58F96E682A8E5868DE7ACACE4B889E696B9E5B9B3E58FB0E6B3A8E5868CE79A84E585ACE5BC80E4BFA1E681AFEFBC88E5A4B4E5838FE38081E698B5E7A7B0E4BBA5E58F8AE682A8E68E88E69D83E79A84E585B6E4BB96E4BFA1E681AFEFBC89E38082E8AFB7E682A8E4BB94E7BB86E99885E8AFBBE7ACACE4B889E696B9E69C8DE58AA1E79A84E794A8E688B7E58D8FE8AEAEE68896E99A90E7A781E694BFE7AD96E380823C2F703E3C703EEFBC88E4BA8CEFBC89E68891E4BBACE4BC9AE587BAE4BA8EE4BBA5E4B88BE79BAEE79A84EFBC8CE694B6E99B86E5928CE4BDBFE794A8E682A8E4BBA5E4B88BE7B1BBE59E8BE79A84E4B8AAE4BABAE4BFA1E681AFEFBC9A3C2F703E3C703E312E20E5B8AEE58AA9E682A8E5AE8CE68890E6B3A8E5868CE58F8AE799BBE5BD953C2F703E3C703EE4B8BAE4BEBFE4BA8EE68891E4BBACE4B8BAE682A8E68F90E4BE9BE69C8DE58AA1EFBC8CE682A8E99C80E8A681E68F90E4BE9BE59FBAE69CACE6B3A8E5868CE68896E799BBE5BD95E4BFA1E681AFEFBC8CE5889BE5BBBAE682A8E79A84E8B4A6E58FB7E38081E794A8E688B7E5908DE5928CE5AF86E7A081E38082E59CA8E983A8E58886E58D95E9A1B9E69C8DE58AA1E4B8ADEFBC8CE5A682E69E9CE682A8E4BB85E99C80E4BDBFE794A8E6B58FE8A788E38081E6909CE7B4A2E7AD89E59FBAE69CACE69C8DE58AA1EFBC8CE682A8E4B88DE99C80E8A681E6B3A8E5868CE68890E4B8BAE5BC80E6BA90E5AD97E88A82E794A8E688B7E58F8AE68F90E4BE9BE4B88AE8BFB0E4BFA1E681AFE380823C2F703E3C703EE682A8E58FAFE4BBA5E887AAE8A18CE799BBE5BD957777772E736F75726365627974652E636EEFBC8CE4BFAEE694B9E68896E5AE8CE59684E682A8E79A84E585B6E4BB96E8B584E69699EFBC8CE58C85E68BACE5A793E5908DE38081E680A7E588ABE38081E7949FE697A5E38081E5B7A5E4BD9CE58D95E4BD8DE38081E5A4B4E5838FE785A7E78987E38081E88194E7B3BBE59CB0E59D80E38081E88194E7B3BBE4BABAE38081E6898BE69CBAE58FB7E7A081E7AD89E4BFA1E681AFE38082E4BD86E5A682E69E9CE682A8E4B88DE68F90E4BE9BE8BF99E4BA9BE4BFA1E681AFEFBC8CE5B9B6E4B88DE4BC9AE5BDB1E5938DE682A8E4BDBFE794A8E5BC80E6BA90E5AD97E88A82E69C8DE58AA1E79A84E59FBAE69CACE58A9FE883BDEFBC8CE5A682E682A8E5A1ABE58699E8A1A5E58585E79BB8E585B3E4BFA1E681AFE5908EE8A786E4B8BAE682A8E4B8BBE58AA8E68E88E69D83E68891E4BBACE694B6E99B86E682A8E79A84E8AFA5E7B1BBE4BFA1E681AFE380823C2F703E3C703E322E20E59091E682A8E68F90E4BE9BE4BAA7E59381E68896E69C8DE58AA13C2F703E3C703EE68891E4BBACE68980E694B6E99B86E5928CE4BDBFE794A8E79A84E4B8AAE4BABAE4BFA1E681AFE698AFE4B8BAE682A8E68F90E4BE9BE5BC80E6BA90E5AD97E88A82E69C8DE58AA1E79A84E5BF85E8A681E69DA1E4BBB6EFBC8CE5A682E7BCBAE5B091E79BB8E585B3E4BFA1E681AFEFBC8CE68891E4BBACE5B086E697A0E6B395E4B8BAE682A8E68F90E4BE9BE5BC80E6BA90E5AD97E88A82E69C8DE58AA1E79A84E6A0B8E5BF83E58685E5AEB9EFBC8CE4BE8BE5A682EFBC9A3C2F703E3C703EEFBC8831EFBC8920E682A8E59CA8E4BDBFE794A8E5BC80E6BA90E5AD97E88A82E69C8DE58AA1E697B6E38081E4B88AE4BCA0E5928C2FE68896E58F91E5B883E4BFA1E681AFE4BBA5E58F8AE8BF9BE8A18CE79BB8E585B3E8A18CE4B8BAEFBC88E4BE8BE5A682E58F91E5B883E8B79FE8B4B4E38081E59B9EE5A48DE8B79FE8B4B4E38081E9A1B6E8B4B4E38081E58886E4BAABE38081E694B6E8978FEFBC89E697B6EFBC8CE68891E4BBACE5B086E694B6E99B86E682A8E4B88AE4BCA0E38081E58F91E5B883E68896E5BDA2E68890E79A84E4BFA1E681AFEFBC8CE5B9B6E69C89E69D83E5B195E7A4BAE682A8E79A84E698B5E7A7B0E38081E5A4B4E5838FE5928CE58F91E5B883E58685E5AEB9EFBC9B3C2F703E3C703EEFBC8832EFBC8920E59CA8E983A8E58886E69C8DE58AA1E9A1B9E79BAEE4B8ADEFBC8CE4B8BAE4BEBFE4BA8EE59091E682A8E4BAA4E4BB98E4BAA7E59381E68896E69C8DE58AA1EFBC8CE682A8E5B086E99C80E68F90E4BE9BE694B6E8B4A7E4BABAE5A793E5908DE38081E59CB0E59D80E38081E694B6E8B4A7E4BABAE38081E88194E7B3BBE794B5E8AF9DE38081E694AFE4BB98E78AB6E68081E7AD89E4BFA1E681AFE38082E5A682E69E9CE682A8E68B92E7BB9DE68F90E4BE9BE6ADA4E7B1BBE4BFA1E681AFEFBC8CE68891E4BBACE5B086E697A0E6B395E5AE8CE68890E79BB8E585B3E4BAA4E4BB98E69C8DE58AA1E380823C2F703E3C703EEFBC8833EFBC8920E5BD93E682A8E99C80E8A681E68891E4BBACE68F90E4BE9BE789B9E5AE9AE79A84E69C8DE58AA1E697B6EFBC8CE68891E4BBACE58FAFE883BDE99C80E8A681E682A8E68F90E4BE9BE5BF85E8A681E79A84E4B8AAE4BABAE4BFA1E681AFE38082E4BE8BE5A682EFBC8CE5A682E69E9CE682A8E69BB4E8BF9BE4B880E6ADA5E4BA86E8A7A3E68891E4BBACE79A84E4BAA7E59381E38081E68890E4B8BAE68891E4BBACE79A84E59088E4BD9CE4BC99E4BCB4E68896E4BA86E8A7A3E69BB4E5A49AE4BFA1E681AFEFBC8CE682A8E58FAFE68F90E4BE9BE682A8E79A84E5A793E5908DE38081E794B5E5AD90E982AEE4BBB6E59CB0E59D80E38081E794B5E8AF9DE58FB7E7A081E38081E59BBDE5AEB6E38081E983A8E997A8E5928CE8818CE4BD8DE38081E585ACE58FB8E5908DE7A7B0E7AD89E4BFA1E681AFEFBC8CE4BBA5E7A1AEE4BF9DE68891E4BBACE883BDE5A49FE4B88EE682A8E88194E7B3BBE5B9B6E59091E682A8E58F91E98081E69C89E585B3E68891E4BBACE4BAA7E59381E5928CE69C8DE58AA1E79A84E4BFA1E681AFE380823C2F703E3C703EEFBC8834EFBC8920E4B8BAE5B195E7A4BAE682A8E8B4A6E688B7E79A84E8AEA2E58D95E4BFA1E681AFEFBC8CE68891E4BBACE4BC9AE694B6E99B86E682A8E59CA8E4BDBFE794A8E5BC80E6BA90E5AD97E88A82E69C8DE58AA1E8BF87E7A88BE4B8ADE4BAA7E7949FE79A84E8AEA2E58D95E4BFA1E681AFE794A8E4BA8EE59091E682A8E5B195E7A4BAE58F8AE4BEBFE4BA8EE682A8E5AFB9E8AEA2E58D95E8BF9BE8A18CE7AEA1E79086EFBC9B3C2F703E3C703EEFBC8835EFBC8920E5BD93E682A8E88194E7B3BBE68891E4BBACE79A84E5AEA2E69C8DE68896E8A681E6B182E68891E4BBACE5938DE5BA94E69C8DE58AA1E697B6EFBC8CE68891E4BBACE58FAFE883BDE99C80E8A681E682A8E68F90E4BE9BE5BF85E8A681E79A84E4B8AAE4BABAE4BFA1E681AFE4BBA5E58CB9E9858DE5B9B6E6A0B8E9AA8CE682A8E79A84E8BAABE4BBBD20EFBC8CE4BBA5E4BEBFE4BF9DE99A9CE682A8E79A84E8B4A6E58FB7E58F8AE7B3BBE7BB9FE5AE89E585A8E38082E68891E4BBACE58FAFE883BDE8BF98E4BC9AE4BF9DE5AD98E682A8E79A84E9809AE4BFA12FE9809AE8AF9DE8AEB0E5BD95E5928CE58685E5AEB9E68896E682A8E79599E4B88BE79A84E88194E7B3BBE696B9E5BC8FE7AD89E4BFA1E681AFEFBC8C20E4BBA5E4BEBFE4B88EE682A8E88194E7B3BBE68896E5B8AEE58AA9E682A8E8A7A3E586B3E997AEE9A298EFBC8CE68896E8AEB0E5BD95E79BB8E585B3E997AEE9A298E79A84E5A484E79086E696B9E6A188E58F8AE7BB93E69E9CEFBC9B3C2F703E3C703EEFBC8836EFBC8920E4B8BAE59091E682A8E68F90E4BE9BE69BB4E5A591E59088E682A8E99C80E6B182E79A84E9A1B5E99DA2E5B195E7A4BAE5928CE68EA8E88D90E4B8AAE680A7E58C96E58685E5AEB9E38081E4BA86E8A7A3E4BAA7E59381E98082E9858DE680A7E38081E8AF86E588ABE8B4A6E58FB7E5BC82E5B8B8E78AB6E68081EFBC8CE68891E4BBACE58FAFE883BDE4BC9AE694B6E99B86E585B3E4BA8EE682A8E4BDBFE794A8E79A84E69C8DE58AA1E4BBA5E58F8AE4BDBFE794A8E696B9E5BC8FE79A84E4BFA1E681AFE5B9B6E5B086E8BF99E4BA9BE4BFA1E681AFE8BF9BE8A18CE585B3E88194EFBC8CE8BF99E4BA9BE4BFA1E681AFE58C85E68BACEFBC9A3C2F703E3C703EE280A220E697A5E5BF97E4BFA1E681AFEFBC9AE5BD93E682A8E4BDBFE794A8E68891E4BBACE79A84E69C8DE58AA1E697B6EFBC8CE68891E4BBACE58FAFE883BDE4BC9AE887AAE58AA8E694B6E99B86E682A8E5AFB9E68891E4BBACE69C8DE58AA1E79A84E8AFA6E7BB86E4BDBFE794A8E68385E586B5EFBC8CE4BD9CE4B8BAE69C89E585B3E69C8DE58AA1E697A5E5BF97E4BF9DE5AD98E4BE8BE5A682E682A8E79A84E58A9FE883BDE782B9E587BBE9A291E6ACA1E38081E68993E5BC80E5B7A5E7A88BE6ACA1E695B0E38081E8BDAFE4BBB6E6938DE4BD9CE6ADA5E9AAA4E38081E7958CE99DA2E5B0BAE5AFB8E5A4A7E5B08FEFBC88E794A8E688B7E8B083E695B4E68891E4BBACE68F90E4BE9BE79A84E7AA97E58FA3E7958CE99DA2E5A4A7E5B08FEFBC89E38081E58A9FE883BDE5A48DE98089E6A186E58BBEE98089E78AB6E68081E38081E99499E8AFAFE68F90E7A4BAE5BCB9E7AA97E38081E696B0E5BBBAE69E84E4BBB6E58F82E695B0E59BBEE79A84E98089E68BA9E695B0E68DAEE38081E69E84E4BBB6E5B19EE680A7E4BFAEE694B9E580BCE79A84E8AEB0E5BF86E38081E4BAA7E59381E4BDBFE794A8E697B6E995BFE38081E4BAA7E59381E590AFE58AA8E9A291E6ACA1E380814950E59CB0E59D80E38081E6B58FE8A788E599A8E79A84E7B1BBE59E8BE38081E7BD91E7BB9CE78EAFE5A283E38081E4BDBFE794A8E79A84E8AFADE8A880E38081E8AEBFE997AEE697A5E69C9FE5928CE697B6E997B4E58F8AE682A8E8AEBFE997AEE79A84E7BD91E9A1B5E6B58FE8A788E8AEB0E5BD95E3808150757368E68993E5BC80E8AEB0E5BD95E38081E5819CE79599E697B6E995BFE38081E588B7E696B0E8AEB0E5BD95E38081E58F91E5B883E8AEB0E5BD95E58F8AE58886E4BAABE380823C2F703E3C703EE280A220E8AEBEE5A487E4BFA1E681AFEFBC9AE68891E4BBACE58FAFE883BDE4BC9AE6A0B9E68DAEE682A8E59CA8E8BDAFE4BBB6E5AE89E8A385E58F8AE4BDBFE794A8E4B8ADE68E88E4BA88E79A84E585B7E4BD93E69D83E99990EFBC8CE68EA5E694B6E5B9B6E8AEB0E5BD95E682A8E68980E4BDBFE794A8E79A84E8AEBEE5A487E79BB8E585B3E4BFA1E681AFEFBC88E4BE8BE5A682494D4549E380814D4143E3808153657269616CE3808153494DE58DA1494D5349E8AF86E588ABE7A081E38081E8AEBEE5A487E69CBAE59E8BE38081E6938DE4BD9CE7B3BBE7BB9FE58F8AE78988E69CACE38081E5AEA2E688B7E7ABAFE78988E69CACE38081E8AEBEE5A487E58886E8BEA8E78E87E38081E8BF90E890A5E59586E5908DE7A7B0E38081E58C85E5908DE38081E8AEBEE5A487E8AEBEE7BDAEE38081E8BF9BE7A88BE58F8AE8BDAFE4BBB6E58897E8A1A8E38081E594AFE4B880E8AEBEE5A487E6A087E8AF86E7ACA6E38081E8BDAFE7A1ACE4BBB6E789B9E5BE81E4BFA1E681AFEFBC89E38081E8AEBEE5A487E68980E59CA8E4BD8DE7BDAEE79BB8E585B3E4BFA1E681AFEFBC88E4BE8BE5A6824950E59CB0E59D80E38081475053E4BD8DE7BDAEE4BBA5E58F8AE883BDE5A49FE68F90E4BE9BE79BB8E585B3E4BFA1E681AFE79A84574C414EE68EA5E585A5E782B9E38081E8939DE78999E5928CE59FBAE7AB99E4BCA0E6849FE599A8E4BFA1E681AFEFBC89E380823C2F703E3C703EE8AFB7E6B3A8E6848FEFBC8CE58D95E78BACE79A84E8AEBEE5A487E4BFA1E681AFE38081E697A5E5BF97E4BFA1E681AFE7AD89E697A0E6B395E8AF86E588ABE789B9E5AE9AE887AAE784B6E4BABAE8BAABE4BBBDE380823C2F703E3C703EEFBC8837EFBC8920E68891E4BBACE9809AE8BF87E997B4E68EA5E696B9E5BC8FE694B6E99B86E588B0E79A84E682A8E79A84E4B8AAE4BABAE4BFA1E681AFEFBC9A3C2F703E3C703EE59FBAE4BA8EE59088E6B395E4BA8BE794B1E68891E4BBACE58FAFE883BDE4BB8EE585B3E88194E696B9E38081E7ACACE4B889E696B9E59088E4BD9CE4BC99E4BCB4E88EB7E58F96E682A8E68E88E69D83E585B1E4BAABE79A84E79BB8E585B3E4BFA1E681AFE38082E4BE8BE5A682EFBC8CE68891E4BBACE58FAFE883BDE4BB8EE7ACACE4B889E696B9E88EB7E58F96E682A8E68E88E69D83E585B1E4BAABE79A84E8B4A6E688B7E4BFA1E681AFEFBC88E58C85E68BACE794A8E688B7E5908DE38081E5A4B4E5838FE38081E698B5E7A7B0EFBC89E5B9B6E59CA8E682A8E5908CE6848FE69CACE694BFE7AD96E5908EE5B086E682A8E79A84E7ACACE4B889E696B9E8B4A6E688B7E4B88EE682A8E79A84E5BC80E6BA90E5AD97E88A82E69C8DE58AA1E8B4A6E688B7E7BB91E5AE9AEFBC8CE4BDBFE682A8E58FAFE4BBA5E9809AE8BF87E7ACACE4B889E696B9E8B4A6E688B7E79BB4E68EA5E799BBE5BD95E5B9B6E4BDBFE794A8E68891E4BBACE79A84E4BAA7E59381E4B88E2FE68896E69C8DE58AA1E38082E68891E4BBACE5B086E59CA8E7ACA6E59088E79BB8E585B3E6B395E5BE8BE6B395E8A784E8A784E5AE9AEFBC8CE5B9B6E4BE9DE68DAEE4B88EE585B3E88194E696B9E68896E7ACACE4B889E696B9E59088E4BD9CE4BC99E4BCB4E79A84E7BAA6E5AE9AE38081E7A1AEE4BFA1E585B6E68F90E4BE9BE79A84E4BFA1E681AFE69DA5E6BA90E59088E6B395E79A84E5898DE68F90E4B88BEFBC8CE694B6E99B86E5B9B6E4BDBFE794A8E682A8E79A84E8BF99E4BA9BE4BFA1E681AFE380823C2F703E3C703E332E20E59091E682A8E68F90E4BE9BE4BAA7E59381E68896E69C8DE58AA1E79A84E4BFA1E681AFE5B195E7A4BAE5928CE68EA8E980813C2F703E3C703EEFBC8831EFBC8920E4B8BAE682A8E5B195E7A4BAE5928CE68EA8E98081E4BAA7E59381E68896E69C8DE58AA1E38082E68891E4BBACE58FAFE883BDE4BDBFE794A8E682A8E79A84E4BFA1E681AFEFBC88E4BE8BE5A682E682A8E79A84E697A5E5BF97E4BFA1E681AFE38081E8AEBEE5A487E4BFA1E681AFE38081E4BD8DE7BDAEE4BFA1E681AFE38081E8AEA2E58D95E4BFA1E681AFEFBC89EFBC8CE794A8E4BA8EE68F90E58F96E682A8E79A84E5818FE5A5BDE38081E8A18CE4B8BAE4B9A0E683AFE38081E4BD8DE7BDAEE4BFA1E681AFE79BB8E585B3E789B9E5BE81EFBC8CE5B9B6E59FBAE4BA8EE789B9E5BE81E6A087E7ADBEE9809AE8BF87E794B5E5AD90E982AEE4BBB6E38081E79FADE4BFA1E68896E585B6E4BB96E696B9E5BC8FE59091E682A8E58F91E98081E890A5E99480E4BFA1E681AFEFBC8CE68F90E4BE9BE68896E68EA8E5B9BFE68891E4BBACE68896E7ACACE4B889E696B9E79A84E4BAA7E59381E5928CE69C8DE58AA1E380823C2F703E3C703EEFBC8832EFBC8920E59091E682A8E58F91E587BAE9809AE79FA5E38082E68891E4BBACE58FAFE883BDE59CA8E5BF85E99C80E697B6EFBC88E4BE8BE5A682E5BD93E68891E4BBACE794B1E4BA8EE7B3BBE7BB9FE7BBB4E68AA4E8808CE69A82E5819CE69F90E4B880E58D95E9A1B9E69C8DE58AA1E38081E58F98E69BB4E38081E7BB88E6ADA2E68F90E4BE9BE69F90E4B880E58D95E9A1B9E69C8DE58AA1E697B6EFBC89E59091E682A8E58F91E587BAE4B88EE69C8DE58AA1E69C89E585B3E79A84E9809AE79FA5E380823C2F703E3C703EE5A682E682A8E4B88DE5B88CE69C9BE7BBA7E7BBADE68EA5E694B6E68891E4BBACE68EA8E98081E79A84E6B688E681AFEFBC8CE682A8E58FAFE8A681E6B182E68891E4BBACE5819CE6ADA2E68EA8E98081EFBC8CE4BE8BE5A682EFBC9AE6A0B9E68DAEE79FADE4BFA1E98080E8AEA2E68C87E5BC95E8A681E6B182E68891E4BBACE5819CE6ADA2E58F91E98081E68EA8E5B9BFE79FADE4BFA1EFBC8CE68896E59CA8E7A7BBE58AA8E7ABAFE8AEBEE5A487E4B8ADE8BF9BE8A18CE8AEBEE7BDAEEFBC8CE4B88DE5868DE68EA5E694B6E68891E4BBACE68EA8E98081E79A84E6B688E681AFEFBC9BE4BD86E68891E4BBACE4BE9DE6B395E5BE8BE8A784E5AE9AE68896E58D95E9A1B9E69C8DE58AA1E79A84E69C8DE58AA1E58D8FE8AEAEE7BAA6E5AE9AE58F91E98081E6B688E681AFE79A84E68385E5BDA2E999A4E5A496E380823C2F703E3C703E342E20E8AF84E4BCB0E38081E694B9E8BF9BE68891E4BBACE79A84E69C8DE58AA13C2F703E3C703EE68891E4BBACE58FAFE883BDE8AEA9E682A8E58F82E4B88EE69C89E585B3E5BC80E6BA90E5AD97E88A82E69C8DE58AA1E79A84E8B083E69FA5EFBC8CE5B8AEE58AA9E68891E4BBACE694B9E59684E78EB0E69C89E69C8DE58AA1E68896E8AEBEE8AEA1E696B0E69C8DE58AA1EFBC9BE5908CE697B6EFBC8CE68891E4BBACE58FAFE883BDE5B086E682A8E79A84E4BFA1E681AFE794A8E4BA8EE8BDAFE4BBB6E69BB4E696B0E380823C2F703E3C703E352E20E585B6E4BB96E794A8E980943C2F703E3C703EE8AFB7E682A8E6B3A8E6848FEFBC8CE5A682E69E9CE68891E4BBACE8A681E5B086E682A8E79A84E4B8AAE4BABAE4BFA1E681AFE794A8E4BA8EE69CACE694BFE7AD96E4B8ADE69CAAE8BDBDE6988EE79A84E585B6E4BB96E794A8E98094E68896E9A29DE5A496E694B6E99B86E69CAAE68F90E58F8AE79A84E585B6E4BB96E4B8AAE4BABAE4BFA1E681AFEFBC8CE68891E4BBACE4BC9AE9809AE8BF87E9A1B5E99DA2E68F90E7A4BAE38081E4BAA4E4BA92E6B581E7A88BE38081E7BD91E7AB99E585ACE5918AE68896E585B6E4BB96E696B9E5BC8FE58FA6E8A18CE5BE81E5BE97E682A8E79A84E5908CE6848FE38082E4B880E697A6E682A8E5908CE6848FEFBC8CE8AFA5E7AD89E9A29DE5A496E794A8E98094E5B086E8A786E4B8BAE69CACE694BFE7AD96E79A84E4B880E983A8E58886EFBC8CE8AFA5E7AD89E9A29DE5A496E4BFA1E681AFE4B99FE5B086E98082E794A8E69CACE694BFE7AD96E380823C2F703E3C703E362E20E5BE81E5BE97E68E88E69D83E5908CE6848FE79A84E4BE8BE5A4963C2F703E3C703EE6A0B9E68DAEE79BB8E585B3E6B395E5BE8BE6B395E8A784E8A784E5AE9AEFBC8CE4BBA5E4B88BE68385E5BDA2E4B8ADE694B6E99B86E682A8E79A84E4BFA1E681AFE697A0E99C80E5BE81E5BE97E682A8E79A84E68E88E69D83E5908CE6848FEFBC9A3C2F703E3C703EEFBC8831EFBC89E4B88EE59BBDE5AEB6E5AE89E585A8E38081E59BBDE998B2E5AE89E585A8E69C89E585B3E79A84EFBC9B3C2F703E3C703EEFBC8832EFBC89E4B88EE585ACE585B1E5AE89E585A8E38081E585ACE585B1E58DABE7949FE38081E9878DE5A4A7E585ACE585B1E588A9E79B8AE69C89E585B3E79A84EFBC9B3C2F703E3C703EEFBC8833EFBC89E4B88EE78AAFE7BDAAE4BEA6E69FA5E38081E8B5B7E8AF89E38081E5AEA1E588A4E5928CE588A4E586B3E689A7E8A18CE7AD89E69C89E585B3E79A84EFBC9B3C2F703E3C703EEFBC8834EFBC89E587BAE4BA8EE7BBB4E68AA4E4BFA1E681AFE4B8BBE4BD93E68896E585B6E4BB96E4B8AAE4BABAE79A84E7949FE591BDE38081E8B4A2E4BAA7E7AD89E9878DE5A4A7E59088E6B395E69D83E79B8AE4BD86E58F88E5BE88E99ABEE5BE97E588B0E682A8E69CACE4BABAE5908CE6848FE79A84EFBC9B3C2F703E3C703EEFBC8835EFBC89E68980E694B6E99B86E79A84E4BFA1E681AFE698AFE682A8E887AAE8A18CE59091E7A4BEE4BC9AE585ACE4BC97E585ACE5BC80E79A84EFBC9B3C2F703E3C703EEFBC8836EFBC89E4BB8EE59088E6B395E585ACE5BC80E68AABE99CB2E79A84E4BFA1E681AFE4B8ADE694B6E99B86E4BFA1E681AFE79A84EFBC8CE5A682E59088E6B395E79A84E696B0E997BBE68AA5E98193E38081E694BFE5BA9CE4BFA1E681AFE585ACE5BC80E7AD89E6B8A0E98193EFBC9B3C2F703E3C703EEFBC8837EFBC89E6A0B9E68DAEE682A8E79A84E8A681E6B182E68896E682A8E68980E5B19EE4BC81E4B89AE7ADBEE8AEA2E5928CE5B1A5E8A18CE59088E5908CE68980E5BF85E99C80E79A84EFBC9B3C2F703E3C703EEFBC8838EFBC89E794A8E4BA8EE7BBB4E68AA4E5BC80E6BA90E5AD97E88A82E69C8DE58AA1E79A84E5AE89E585A8E7A8B3E5AE9AE8BF90E8A18CE68980E5BF85E99C80E79A84EFBC8CE4BE8BE5A682E58F91E78EB0E38081E5A484E7BDAEE4BAA7E59381E68896E69C8DE58AA1E79A84E69585E99A9CEFBC9B3C2F703E3C703EEFBC8839EFBC89E4B8BAE59088E6B395E79A84E696B0E997BBE68AA5E98193E68980E5BF85E99C80E79A84EFBC9B3C2F703E3C703EEFBC883130EFBC89E5ADA6E69CAFE7A094E7A9B6E69CBAE69E84E59FBAE4BA8EE585ACE585B1E588A9E79B8AE5BC80E5B195E7BB9FE8AEA1E68896E5ADA6E69CAFE7A094E7A9B6E68980E5BF85E8A681EFBC8CE4B894E5AFB9E5A496E68F90E4BE9BE5ADA6E69CAFE7A094E7A9B6E68896E68F8FE8BFB0E79A84E7BB93E69E9CE697B6EFBC8CE5AFB9E7BB93E69E9CE4B8ADE68980E58C85E590ABE79A84E4BFA1E681AFE8BF9BE8A18CE58EBBE6A087E8AF86E58C96E5A484E79086E79A84EFBC9B3C2F703E3C703EEFBC883131EFBC89E6B395E5BE8BE6B395E8A784E8A784E5AE9AE79A84E585B6E4BB96E68385E5BDA2E380823C2F703E3C703E372E20E682A8E79086E8A7A3E5B9B6E5908CE6848FEFBC8CE983A8E58886E58D95E9A1B9E69C8DE58AA1E58FAFE883BDE99C80E8A681E682A8E59CA8E682A8E79A84E8AEBEE5A487E4B8ADE5BC80E590AFE789B9E5AE9AE79A84E8AEBFE997AEE69D83E99990EFBC88E4BE8BE5A682E682A8E79A84E4BD8DE7BDAEE4BFA1E681AFE38081E69184E5838FE5A4B4E38081E79BB8E5868CE38081E9BAA6E5858BE9A38EE38081E9809AE8AEAFE5BD95E58F8A2FE68896E697A5E58E86EFBC89EFBC8CE4BBA5E5AE9EE78EB0E8BF99E4BA9BE69D83E99990E68980E6B689E58F8AE4BFA1E681AFE79A84E694B6E99B86E5928CE4BDBFE794A8E38082E5BD93E682A8E99C80E8A681E585B3E997ADE8AFA5E58A9FE883BDE697B6EFBC8CE5A4A7E5A49AE695B0E7A7BBE58AA8E8AEBEE5A487E983BDE4BC9AE694AFE68C81E682A8E79A84E8BF99E9A1B9E99C80E6B182EFBC8CE585B7E4BD93E696B9E6B395E8AFB7E58F82E88083E68896E88194E7B3BBE682A8E7A7BBE58AA8E8AEBEE5A487E79A84E69C8DE58AA1E59586E68896E7949FE4BAA7E59586E38082E8AFB7E682A8E6B3A8E6848FEFBC8CE682A8E5BC80E590AFE4BBBBE4B880E69D83E99990E58DB3E4BBA3E8A1A8E682A8E68E88E69D83E68891E4BBACE58FAFE4BBA5E694B6E99B86E5928CE4BDBFE794A8E79BB8E585B3E4BFA1E681AFE69DA5E4B8BAE682A8E68F90E4BE9BE5AFB9E5BA94E69C8DE58AA1EFBC8CE682A8E4B880E697A6E585B3E997ADE4BBBBE4B880E69D83E99990E58DB3E4BBA3E8A1A8E682A8E58F96E6B688E4BA86E68E88E69D83EFBC8CE68891E4BBACE5B086E4B88DE5868DE59FBAE4BA8EE5AFB9E5BA94E69D83E99990E7BBA7E7BBADE694B6E99B86E5928CE4BDBFE794A8E79BB8E585B3E4BFA1E681AFEFBC8CE4B99FE697A0E6B395E4B8BAE682A8E68F90E4BE9BE8AFA5E69D83E99990E68980E5AFB9E5BA94E79A84E69C8DE58AA1E38082E4BD86E698AFEFBC8CE682A8E585B3E997ADE69D83E99990E79A84E586B3E5AE9AE4B88DE4BC9AE5BDB1E5938DE6ADA4E5898DE59FBAE4BA8EE682A8E79A84E68E88E69D83E68980E8BF9BE8A18CE79A84E4BFA1E681AFE694B6E99B86E58F8AE4BDBFE794A8E380823C2F703E3C703E382E20E69C89E585B3E4B8AAE4BABAE6958FE6849FE4BFA1E681AFE79A84E68F90E7A4BA3C2F703E3C703EE4BBA5E4B88AE794B1E682A8E68F90E4BE9BE68896E68891E4BBACE694B6E99B86E682A8E79A84E4BFA1E681AFE4B8ADEFBC8CE58FAFE883BDE58C85E590ABE682A8E79A84E4B8AAE4BABAE6958FE6849FE4BFA1E681AFEFBC8CE4BE8BE5A682E8BAABE4BBBDE8AF81E4BBB6E58FB7E7A081E38081E4B8AAE4BABAE7949FE789A9E8AF86E588ABE4BFA1E681AFE38081E993B6E8A18CE8B4A6E58FB7E38081E9809AE4BFA1E8AEB0E5BD95E5928CE58685E5AEB9E38081E8B4A2E4BAA7E4BFA1E681AFE38081E5BE81E4BFA1E4BFA1E681AFE38081E8A18CE8B8AAE8BDA8E8BFB9E38081E4BAA4E69893E4BFA1E681AFE38082E8AFB7E682A8E8B0A8E6858EE5B9B6E79599E6848FE4B8AAE4BABAE6958FE6849FE4BFA1E681AFEFBC8CE682A8E5908CE6848FE682A8E79A84E4B8AAE4BABAE6958FE6849FE4BFA1E681AFE68891E4BBACE58FAFE4BBA5E68C89E69CACE694BFE7AD96E68980E8BFB0E79A84E79BAEE79A84E5928CE696B9E5BC8FE69DA5E5A484E79086E380823C2F703E3C703EE68891E4BBACE4B88DE694B6E99B86E4BBBBE4BD95E585B3E4BA8EE682A8E79A84E789B9E6AE8AE7B1BBE588ABE79A84E6958FE6849FE4B8AAE4BABAE4BFA1E681AFEFBC88E58C85E68BACE682A8E79A84E7A78DE6978FE68896E6978FE8A394E38081E5AE97E69599E68896E593B2E5ADA6E4BFA1E4BBB0E38081E680A7E58F96E59091E38081E694BFE6B2BBE8A782E782B9E38081E682A8E79A84E581A5E5BAB7E4BFA1E681AFE4BBA5E58F8AE98197E4BCA0E5928CE7949FE789A9E789B9E5BE81E695B0E68DAEEFBC89E38082E68891E4BBACE4B99FE4B88DE694B6E99B86E4BBBBE4BD95E69C89E585B3E58891E4BA8BE5AE9AE7BDAAE5928CE78AAFE7BDAAE79A84E4BFA1E681AFE380823C2F703E3C703EE4BA8CE38081E68891E4BBACE5A682E4BD95E4BDBFE794A8434F4F4B494553E68896E5908CE7B1BBE68A80E69CAF3C2F703E3C703EE68891E4BBACE58FAFE883BDE9809AE8BF87434F4F4B494553E68896E5908CE7B1BBE68A80E69CAFE88EB7E58F96E5928CE4BDBFE794A8E682A8E79A84E4BFA1E681AFEFBC8CE5B9B6E5B086E8AFA5E7AD89E4BFA1E681AFE582A8E5AD98E4B8BAE697A5E5BF97E4BFA1E681AFE380823C2F703E3C703E436F6F6B6965E5928CE58CBFE5908DE6A087E7A4BAE7ACA6E7AD89E5B7A5E585B7E38082436F6F6B6965E4B8BBE8A681E79A84E58A9FE883BDE698AFE4BEBFE4BA8EE682A8E4BDBFE794A8E7BD91E7AB99E4BAA7E59381E5928C2FE68896E69C8DE58AA1EFBC8CE4BBA5E58F8AE5B8AEE58AA9E7BD91E7AB99E7BB9FE8AEA1E78BACE7AB8BE8AEBFE5AEA2E695B0E9878FE7AD89E38082E8BF90E794A8636F6F6B6965E68A80E69CAFE5BC80E6BA90E5AD97E88A82E883BDE5A49FE4B8BAE682A8E68F90E4BE9BE69BB4E58AA0E591A8E588B0E79A84E4B8AAE680A7E58C96E69C8DE58AA1EFBC8CE5B9B6E58581E8AEB8E682A8E8AEBEE5AE9AE682A8E789B9E5AE9AE79A84E69C8DE58AA1E98089E9A1B9E38082E68891E4BBACE4BDBFE794A8E887AAE5B7B1E79A84434F4F4B494553E68896E5908CE7B1BBE68A80E69CAFEFBC8CE58FAFE883BDE794A8E4BA8EE4BBA5E4B88BE794A8E98094EFBC9A3C2F703E3C703EEFBC8831EFBC89E5B8AEE58AA9E682A8E88EB7E5BE97E69BB4E8BDBBE69DBEE79A84E8AEBFE997AEE4BD93E9AA8CE38082E4BE8BE5A682EFBC9A434F4F4B494553E68896E5908CE7B1BBE68A80E69CAFE69C89E58AA9E4BA8EE68891E4BBACE8BEA8E8AEA4E682A8E4BD9CE4B8BAE68891E4BBACE79A84E6B3A8E5868CE794A8E688B7E79A84E8BAABE4BBBDEFBC8CE68896E4BF9DE5AD98E682A8E59091E68891E4BBACE68F90E4BE9BE69C89E585B3E682A8E79A84E5969CE5A5BDE68896E585B6E4BB96E4BFA1E681AFEFBC9B3C2F703E3C703EEFBC8832EFBC89E58886E69E90E682A8E4BDBFE794A8E68891E4BBACE69C8DE58AA1E79A84E68385E586B5E38082E68891E4BBACE58FAFE588A9E794A8434F4F4B494553E68896E5908CE7B1BBE68A80E69CAFE69DA5E4BA86E8A7A3E682A8E4BDBFE794A8E5BC80E6BA90E5AD97E88A82E69C8DE58AA1E8BF9BE8A18CE4BB80E4B988E6938DE4BD9CE38081E68896E593AAE4BA9BE58A9FE883BDE38081E69C8DE58AA1E69C80E58F97E6ACA2E8BF8EEFBC9B3C2F703E3C703EEFBC8833EFBC89E4B8BAE682A8E68EA8E88D90E38081E5B195E7A4BAE38081E68EA8E98081E682A8E58FAFE883BDE6849FE585B4E8B6A3E79A84E58685E5AEB9E38082E68891E4BBACE58FAFE883BDE4BC9AE588A9E794A820636F6F6B696520E5928CE5908CE7B1BBE68A80E69CAFE4BA86E8A7A3E682A8E79A84E5818FE5A5BDE5928CE4BDBFE794A8E4B9A0E683AFEFBC8CE8BF9BE8A18CE695B0E68DAEE58886E69E90EFBC8CE4BBA5E694B9E59684E4BAA7E59381E69C8DE58AA1E38081E68EA8E88D90E794A8E688B7E6849FE585B4E8B6A3E79A84E4BFA1E681AFE68896E58A9FE883BDE380823C2F703E3C703EE682A8E58FAFE4BBA5E9809AE8BF87E6B58FE8A788E599A8E68896E794A8E688B7E98089E68BA9E69CBAE588B6E68B92E7BB9DE68896E7AEA1E79086434F4F4B494553E68896E5908CE7B1BBE68A80E69CAFE38082E4BD86E8AFB7E682A8E6B3A8E6848FEFBC8CE5A682E69E9CE682A8E5819CE794A8434F4F4B494553E68896E5908CE7B1BBE68A80E69CAFEFBC8CE682A8E58FAFE883BDE697A0E6B395E4BDBFE794A8E4BE9DE8B596E4BA8E434F4F4B494553E68896E5908CE7B1BBE68A80E69CAFE79A84E69C8DE58AA1E380823C2F703E3C703EE4B889E38081E68891E4BBACE58FAFE883BDE585B1E4BAABE38081E8BDACE8AEA9E68896E68AABE99CB2E79A84E4B8AAE4BABAE4BFA1E681AF3C2F703E3C703EEFBC88E4B880EFBC89E585B1E4BAAB3C2F703E3C703EE68891E4BBACE981B5E785A7E6B395E5BE8BE6B395E8A784E79A84E8A784E5AE9AEFBC8CE5AFB9E4BFA1E681AFE79A84E585B1E4BAABE8BF9BE8A18CE4B8A5E6A0BCE79A84E99990E588B6E380823C2F703E3C703E312E20E7BB8FE682A8E4BA8BE58588E5908CE6848FEFBC8CE68891E4BBACE58FAFE883BDE4B88EE7ACACE4B889E696B9E58886E4BAABE682A8E79A84E4B8AAE4BABAE4BFA1E681AFE380823C2F703E3C703E322E20E999A4E99D9EE682A8E6988EE7A1AEE68E88E69D83EFBC8CE68891E4BBACE4B88DE4BC9AE59091E59088E4BD9CE4BC99E4BCB4E585B1E4BAABE58FAFE794A8E4BA8EE8AF86E588ABE682A8E4B8AAE4BABAE8BAABE4BBBDE79A84E4BFA1E681AFEFBC88E4BE8BE5A682E682A8E79A84E5A793E5908DE68896E794B5E5AD90E982AEE4BBB6E59CB0E59D80EFBC89E38082E5BD93E68891E4BBACE99C80E8A681E59091E7ACACE4B889E696B9E59088E4BD9CE4BC99E4BCB4E58886E4BAABE5B7B2E7BB8FE58CBFE5908DE58C96E68896E58EBBE6A087E8AF86E58C96E5A484E79086E5908EE79A84E4BFA1E681AFEFBC8CE5B086E8A681E6B182E585B6E4B8A5E6A0BCE981B5E5AE88E68891E4BBACE585B3E4BA8EE695B0E68DAEE99A90E7A781E4BF9DE68AA4E79A84E68EAAE696BDE4B88EE8A681E6B182EFBC8CE58C85E68BACE4BD86E4B88DE99990E4BA8EE6A0B9E68DAEE695B0E68DAEE4BF9DE68AA4E58D8FE8AEAEE38081E689BFE8AFBAE4B9A6E58F8AE79BB8E585B3E695B0E68DAEE5A484E79086E694BFE7AD96E8BF9BE8A18CE5A484E79086EFBC8CE981BFE5858DE8AF86E588ABE587BAE4B8AAE4BABAE8BAABE4BBBDEFBC8CE4BF9DE99A9CE99A90E7A781E5AE89E585A8E380823C2F703E3C703E332E20E99A8FE79D80E68891E4BBACE4B89AE58AA1E79A84E68C81E7BBADE58F91E5B195EFBC8CE5BD93E58F91E7949FE59088E5B9B6E38081E694B6E8B4ADE38081E8B584E4BAA7E8BDACE8AEA9E7AD89E4BAA4E69893E5AFBCE887B4E59091E7ACACE4B889E696B9E58886E4BAABE682A8E79A84E4B8AAE4BABAE4BFA1E681AFE697B6EFBC8CE68891E4BBACE5B086E9809AE8BF87E68EA8E98081E9809AE79FA5E38081E585ACE5918AE7AD89E5BDA2E5BC8FE5918AE79FA5E682A8E79BB8E585B3E68385E5BDA2EFBC8CE68C89E785A7E6B395E5BE8BE6B395E8A784E58F8AE4B88DE4BD8EE4BA8EE69CACE694BFE7AD96E68980E8A681E6B182E79A84E6A087E58786E7BBA7E7BBADE4BF9DE68AA4E68896E8A681E6B182E696B0E79A84E7AEA1E79086E88085E7BBA7E7BBADE4BF9DE68AA4E682A8E79A84E4B8AAE4BABAE4BFA1E681AFE380823C2F703E3C703E342E20E68891E4BBACE4BC9AE5B086E68980E694B6E99B86E588B0E79A84E4BFA1E681AFE794A8E4BA8EE5A4A7E695B0E68DAEE58886E69E90E38082E68891E4BBACE58FAFE883BDE5AFB9E5A496E585ACE5BC80E5B9B6E4B88EE68891E4BBACE79A84E59088E4BD9CE4BC99E4BCB4E58886E4BAABE7BB8FE7BB9FE8AEA1E58AA0E5B7A5E5908EE4B88DE590ABE8BAABE4BBBDE8AF86E588ABE58685E5AEB9E79A84E4BFA1E681AFEFBC8CE794A8E4BA8EE4BA86E8A7A3E794A8E688B7E5A682E4BD95E4BDBFE794A8E68891E4BBACE69C8DE58AA1E68896E8AEA9E585ACE4BC97E4BA86E8A7A3E68891E4BBACE69C8DE58AA1E79A84E680BBE4BD93E4BDBFE794A8E8B68BE58ABFE380823C2F703E3C703EEFBC88E4BA8CEFBC89E68AABE99CB23C2F703E3C703EE68891E4BBACE58FAFE883BDE59FBAE4BA8EE4BBA5E4B88BE79BAEE79A84E68AABE99CB2E682A8E79A84E4B8AAE4BABAE4BFA1E681AFEFBC9A3C2F703E3C703EE280A220E981B5E5AE88E98082E794A8E79A84E6B395E5BE8BE6B395E8A784E7AD89E69C89E585B3E8A784E5AE9AEFBC9B3C2F703E3C703EE280A220E981B5E5AE88E6B395E999A2E588A4E586B3E38081E8A381E5AE9AE68896E585B6E4BB96E6B395E5BE8BE7A88BE5BA8FE79A84E8A784E5AE9AEFBC9B3C2F703E3C703EE280A220E981B5E5AE88E79BB8E585B3E694BFE5BA9CE69CBAE585B3E68896E585B6E4BB96E6B395E5AE9AE68E88E69D83E7BB84E7BB87E79A84E8A681E6B182EFBC9B3C2F703E3C703EE280A220E68891E4BBACE69C89E79086E794B1E7A1AEE4BFA1E99C80E8A681E981B5E5AE88E6B395E5BE8BE6B395E8A784E7AD89E69C89E585B3E8A784E5AE9AEFBC9B3C2F703E3C703EE280A220E4B8BAE689A7E8A18CE79BB8E585B3E69C8DE58AA1E58D8FE8AEAEE68896E69CACE694BFE7AD96E38081E7BBB4E68AA4E7A4BEE4BC9AE585ACE585B1E588A9E79B8AEFBC8CE4B8BAE4BF9DE68AA4E68891E4BBACE79A84E5AEA2E688B7E38081E68891E4BBACE68896E68891E4BBACE79A84E585B3E88194E585ACE58FB8E38081E585B6E4BB96E794A8E688B7E68896E99B87E59198E79A84E4BABAE8BAABE8B4A2E4BAA7E5AE89E585A8E68896E585B6E4BB96E59088E6B395E69D83E79B8AE59088E79086E4B894E5BF85E8A681E79A84E794A8E98094E380823C2F703E3C703EE59B9BE38081E68891E4BBACE5A682E4BD95E582A8E5AD98E5928CE4BF9DE68AA4E4B8AAE4BABAE4BFA1E681AF3C2F703E3C703EE68891E4BBACE4BB85E59CA8E69CACE694BFE7AD96E68980E8BFB0E79BAEE79A84E68980E5BF85E99C80E69C9FE997B4E5928CE6B395E5BE8BE6B395E8A784E8A681E6B182E79A84E69C80E79FADE697B6E99990E58685E582A8E5AD98E682A8E79A84E4B8AAE4BABAE4BFA1E681AFE380823C2F703E3C703EE68891E4BBACE59CA8E4B8ADE58D8EE4BABAE6B091E585B1E5928CE59BBDE5A283E58685E8BF90E890A5E4B8ADE694B6E99B86E5928CE4BAA7E7949FE79A84E4B8AAE4BABAE4BFA1E681AFEFBC8CE582A8E5AD98E59CA8E4B8ADE59BBDE5A283E58685EFBC8CE4BBA5E4B88BE68385E5BDA2E999A4E5A496EFBC9A3C2F703E3C703E312E20E6B395E5BE8BE6B395E8A784E69C89E6988EE7A1AEE8A784E5AE9AEFBC9B3C2F703E3C703E322E20E88EB7E5BE97E682A8E79A84E68E88E69D83E5908CE6848FEFBC9B3C2F703E3C703E332E20E682A8E4BDBFE794A8E79A84E4BAA7E59381E38081E69C8DE58AA1E6B689E58F8AE8B7A8E5A283EFBC8CE5BC80E6BA90E5AD97E88A82E4BE9DE6B395E59091E5A283E5A496E68F90E4BE9BE682A8E79A84E4B8AAE4BABAE4BFA1E681AFE79A84E380823C2F703E3C703EE99288E5AFB9E4BBA5E4B88AE68385E5BDA2EFBC8CE68891E4BBACE4BC9AE7A1AEE4BF9DE4BE9DE68DAEE69CACE694BFE7AD96E58F8AE59BBDE5AEB6E6B395E5BE8BE6B395E8A784E8A681E6B182E5AFB9E682A8E79A84E4B8AAE4BABAE4BFA1E681AFE68F90E4BE9BE8B6B3E5A49FE79A84E4BF9DE68AA4E380823C2F703E3C703EE68891E4BBACE99D9EE5B8B8E9878DE8A786E4BFA1E681AFE5AE89E585A8EFBC8CE68890E7AB8BE4BA86E4B893E997A8E79A84E5AE89E585A8E59BA2E9989FEFBC8CE5B9B6E98787E58F96E4B880E58887E59088E79086E58FAFE8A18CE79A84E68EAAE696BDEFBC8CE4BF9DE68AA4E682A8E79A84E4B8AAE4BABAE4BFA1E681AFEFBC9A3C2F703E3C703EEFBC88E4B880EFBC89E695B0E68DAEE5AE89E585A8E68A80E69CAFE68EAAE696BD3C2F703E3C703EE68891E4BBACE4BC9AE98787E794A8E7ACA6E59088E4B89AE7958CE6A087E58786E79A84E5AE89E585A8E998B2E68AA4E68EAAE696BDEFBC8CE58C85E68BACE5BBBAE7AB8BE59088E79086E79A84E588B6E5BAA6E8A784E88C83E38081E5AE89E585A8E68A80E69CAFE69DA5E998B2E6ADA2E682A8E79A84E4B8AAE4BABAE4BFA1E681AFE981ADE588B0E69CAAE7BB8FE68E88E69D83E79A84E8AEBFE997AEE4BDBFE794A8E38081E4BFAEE694B9EFBC8CE981BFE5858DE695B0E68DAEE79A84E68D9FE59D8FE68896E4B8A2E5A4B1E38082E5BC80E6BA90E5AD97E88A82E9809AE8BF87E4BFA1E681AFE68EA5E8A7A6E88085E4BF9DE5AF86E58D8FE8AEAEE38081E79B91E68EA7E5928CE5AEA1E8AEA1E69CBAE588B6E69DA5E5AFB9E695B0E68DAEE8BF9BE8A18CE585A8E99DA2E5AE89E585A8E68EA7E588B6E380823C2F703E3C703EE68891E4BBACE79A84E69C8DE58AA1E98787E58F96E4BA86E5A49AE7A78DE58AA0E5AF86E68A80E69CAFEFBC8CE4BE8BE5A682E59CA8E69F90E4BA9BE4BAA7E59381E4B8ADEFBC8CE68891E4BBACE5B086E588A9E794A8E58AA0E5AF86E68A80E69CAFEFBC88E4BE8BE5A68253534CEFBC89E69DA5E4BF9DE68AA4E682A8E79A84E4B8AAE4BABAE4BFA1E681AFEFBC8CE98787E58F96E58AA0E5AF86E68A80E69CAFE5AFB9E682A8E79A84E4B8AAE4BABAE4BFA1E681AFE8BF9BE8A18CE58AA0E5AF86E4BF9DE5AD98EFBC8CE5B9B6E9809AE8BF87E99A94E7A6BBE68A80E69CAFE8BF9BE8A18CE99A94E7A6BBE380823C2F703E3C703EE59CA8E4B8AAE4BABAE4BFA1E681AFE4BDBFE794A8E697B6EFBC8CE4BE8BE5A682E4BFA1E681AFE5B195E7A4BAE38081E4BFA1E681AFE585B3E88194E8AEA1E7AE97EFBC8CE68891E4BBACE4BC9AE98787E794A8E5A49AE7A78DE695B0E68DAEE884B1E6958FE68A80E69CAFE5A29EE5BCBAE4BFA1E681AFE59CA8E4BDBFE794A8E4B8ADE79A84E5AE89E585A8E680A7E380823C2F703E3C703EE68891E4BBACE8BF98E4BC9AE98787E794A8E4B8A5E6A0BCE79A84E695B0E68DAEE8AEBFE997AEE69D83E99990E68EA7E588B6E5928CE5A49AE9878DE8BAABE4BBBDE8AEA4E8AF81E68A80E69CAFE4BF9DE68AA4E4B8AAE4BABAE4BFA1E681AFEFBC8CE981BFE5858DE695B0E68DAEE8A2ABE8BF9DE8A784E4BDBFE794A8E380823C2F703E3C703EEFBC88E4BA8CEFBC89E68891E4BBACE4BC9AE98787E58F96E4B880E58887E59088E79086E58FAFE8A18CE79A84E68EAAE696BDEFBC8CE7A1AEE4BF9DE69CAAE694B6E99B86E697A0E585B3E79A84E4B8AAE4BABAE4BFA1E681AFE380823C2F703E3C703EEFBC88E4B889EFBC89E4BA92E88194E7BD91E5B9B6E99D9EE7BB9DE5AFB9E5AE89E585A8E79A84E78EAFE5A283EFBC8CE8808CE4B894E794B5E5AD90E982AEE4BBB6E38081E58DB3E697B6E9809AE8AEAFE38081E7A4BEE4BAA4E8BDAFE4BBB6E68896E585B6E4BB96E69C8DE58AA1E8BDAFE4BBB6E7AD89E4B88EE585B6E4BB96E794A8E688B7E79A84E4BAA4E6B581E696B9E5BC8FE697A0E6B395E7A1AEE5AE9AE698AFE590A6E5AE8CE585A8E58AA0E5AF86EFBC8CE68891E4BBACE5BBBAE8AEAEE682A8E4BDBFE794A8E6ADA4E7B1BBE5B7A5E585B7E697B6E8AFB7E4BDBFE794A8E5A48DE69D82E5AF86E7A081EFBC8CE5B9B6E6B3A8E6848FE4BF9DE68AA4E682A8E79A84E4BFA1E681AFE5AE89E585A8E380823C2F703E3C703EEFBC88E59B9BEFBC89E4BA92E88194E7BD91E78EAFE5A283E5B9B6E99D9EE799BEE58886E4B98BE799BEE5AE89E585A8EFBC8CE68891E4BBACE5B086E5B0BDE58A9BE7A1AEE4BF9DE68896E68B85E4BF9DE682A8E58F91E98081E7BB99E68891E4BBACE79A84E4B8AAE4BABAE4BFA1E681AFE79A84E5AE89E585A8E680A7E38082E5A682E69E9CE68891E4BBACE79A84E789A9E79086E38081E68A80E69CAFE38081E68896E7AEA1E79086E998B2E68AA4E8AEBEE696BDE981ADE588B0E7A0B4E59D8FEFBC8CE5AFBCE887B4E4B8AAE4BABAE4BFA1E681AFE8A2ABE99D9EE68E88E69D83E8AEBFE997AEE38081E585ACE5BC80E68AABE99CB2E38081E7AFA1E694B9E38081E68896E6AF81E59D8FEFBC8CE5AFBCE887B4E682A8E79A84E59088E6B395E69D83E79B8AE58F97E68D9FEFBC8CE68891E4BBACE5B086E689BFE68B85E79BB8E5BA94E79A84E6B395E5BE8BE8B4A3E4BBBBE380823C2F703E3C703EEFBC88E4BA94EFBC89E5AE89E585A8E4BA8BE4BBB6E5A484E7BDAE3C2F703E3C703EE59CA8E9809AE8BF87E5BC80E6BA90E5AD97E88A82E69C8DE58AA1E4B88EE7ACACE4B889E696B9E8BF9BE8A18CE6B29FE9809AE68896E8B4ADE4B9B0E4BAA7E59381E58F8AE69C8DE58AA1E697B6EFBC8CE682A8E4B88DE58FAFE981BFE5858DE79A84E8A681E59091E4BAA4E69893E5AFB9E696B9E68896E6BD9CE59CA8E79A84E4BAA4E69893E5AFB9E696B9E68AABE99CB2E887AAE5B7B1E79A84E4BFA1E681AFEFBC8CE5A682E88194E7BB9CE696B9E5BC8FE68896E88085E982AEE694BFE59CB0E59D80E7AD89E38082E8AFB7E682A8E5A6A5E59684E4BF9DE68AA4E887AAE5B7B1E79A84E4BFA1E681AFEFBC8CE4BB85E59CA8E5BF85E8A681E79A84E68385E5BDA2E4B88BE59091E4BB96E4BABAE68F90E4BE9BE380823C2F703E3C703EE88BA5E58F91E7949FE4B8AAE4BABAE4BFA1E681AFE6B384E99CB2E7AD89E5AE89E585A8E4BA8BE4BBB6EFBC8CE68891E4BBACE4BC9AE590AFE58AA8E5BA94E680A5E9A284E6A188EFBC8CE998BBE6ADA2E5AE89E585A8E4BA8BE4BBB6E689A9E5A4A7EFBC8CE5B9B6E4BBA5E68EA8E98081E9809AE79FA5E38081E585ACE5918AE7AD89E5BDA2E5BC8FE5918AE79FA5E682A8E38082E5908CE697B6EFBC8CE68891E4BBACE8BF98E5B086E68C89E785A7E79B91E7AEA1E983A8E997A8E8A681E6B182EFBC8CE4B8BBE58AA8E4B88AE68AA5E4BFA1E681AFE5AE89E585A8E4BA8BE4BBB6E79A84E5A484E7BDAEE68385E586B5E380823C2F703E3C703EE8AFB7E682A8E79086E8A7A3EFBC8CE794B1E4BA8EE68A80E69CAFE79A84E99990E588B6E4BBA5E58F8AE9A38EE999A9E998B2E88C83E79A84E5B180E99990EFBC8CE58DB3E4BEBFE68891E4BBACE5B7B2E7BB8FE5B0BDE9878FE58AA0E5BCBAE5AE89E585A8E68EAAE696BDEFBC8CE4B99FE697A0E6B395E5A78BE7BB88E4BF9DE8AF81E4BFA1E681AFE799BEE58886E4B98BE799BEE79A84E5AE89E585A8E38082E682A8E99C80E8A681E4BA86E8A7A3EFBC8CE682A8E68EA5E585A5E5BC80E6BA90E5AD97E88A82E69C8DE58AA1E68980E794A8E79A84E7B3BBE7BB9FE5928CE9809AE8AEAFE7BD91E7BB9CEFBC8CE69C89E58FAFE883BDE59BA0E68891E4BBACE58FAFE68EA7E88C83E59BB4E5A496E79A84E68385E586B5E8808CE58F91E7949FE997AEE9A298E380823C2F703E3C703EE8AFB7E682A8E58AA1E5BF85E5A6A5E59684E4BF9DE7AEA1E5A5BDE682A8E79A84E8B4A6E58FB7E38081E5AF86E7A081E58F8AE585B6E4BB96E8BAABE4BBBDE8A681E7B4A0E38082E682A8E59CA8E4BDBFE794A8E5BC80E6BA90E5AD97E88A82E69C8DE58AA1E697B6EFBC8CE68891E4BBACE4BC9AE9809AE8BF87E682A8E79A84E8B4A6E58FB7E38081E5AF86E7A081E58F8AE585B6E4BB96E8BAABE4BBBDE8A681E7B4A0E69DA5E8AF86E588ABE682A8E79A84E8BAABE4BBBDE38082E4B880E697A6E682A8E6B384E99CB2E4BA86E5898DE8BFB0E4BFA1E681AFEFBC8CE682A8E58FAFE883BDE4BC9AE89299E58F97E68D9FE5A4B1EFBC8CE5B9B6E58FAFE883BDE5AFB9E682A8E4BAA7E7949FE4B88DE588A9E38082E5A682E682A8E58F91E78EB0E8B4A6E58FB7E38081E5AF86E7A081E58F8A2FE68896E585B6E4BB96E8BAABE4BBBDE8A681E7B4A0E58FAFE883BDE68896E5B7B2E7BB8FE6B384E99CB2E697B6EFBC8CE8AFB7E682A8E7AB8BE58DB3E5928CE68891E4BBACE58F96E5BE97E88194E7B3BBEFBC8CE4BBA5E4BEBFE68891E4BBACE58F8AE697B6E98787E58F96E79BB8E5BA94E68EAAE696BDE4BBA5E981BFE5858DE68896E9998DE4BD8EE79BB8E585B3E68D9FE5A4B1E380823C2F703E3C703EE4BA94E38081E5A682E4BD95E7AEA1E79086E682A8E79A84E4B8AAE4BABAE4BFA1E681AF3C2F703E3C703EE68891E4BBACE99D9EE5B8B8E9878DE8A786E682A8E5AFB9E4B8AAE4BABAE4BFA1E681AFE79A84E7AEA1E79086EFBC8CE5B9B6E5B0BDE585A8E58A9BE4BF9DE68AA4E5AFB9E682A8E4B8AAE4BABAE4BFA1E681AFE79A84E69FA5E99885E38081E5A48DE588B6E38081E69BB4E6ADA3E38081E8A1A5E58585E38081E588A0E999A4E38081E692A4E59B9EE5908CE6848FE68E88E69D83E38081E6B3A8E99480E5B890E58FB7E38081E68A95E8AF89E4B8BEE68AA5E79A84E79BB8E585B3E69D83E588A9EFBC8CE4BBA5E4BDBFE682A8E69C89E883BDE58A9BE4BF9DE99A9CE682A8E79A84E99A90E7A781E5928CE4BFA1E681AFE5AE89E585A8E38082E4B8BAE4BA86E4BC98E58C96E682A8E79A84E4BDBFE794A8E4BD93E9AA8CEFBC8CE68891E4BBACE4B99FE58FAFE883BDE5AFB9E6938DE4BD9CE8AEBEE7BDAEE8BF9BE8A18CE8B083E695B4EFBC8CE69585E5A682E4B88BE68C87E5BC95E4BB85E4BE9BE58F82E88083E380823C2F703E3C703E312E20E682A8E69C89E69D83E8AFB7E6B182E8AEBFE997AEE682A8E79A84E4BFA1E681AFEFBC8CE68896E88085E8A681E6B182E69FA5E99885E38081E5A48DE588B6E682A8E79A84E4B8AAE4BABAE4BFA1E681AF3B3C2F703E3C703E322E20E5A682E69E9CE682A8E58F91E78EB0E682A8E79A84E4BFA1E681AFE4B88DE58786E7A1AEE68896E4B88DE5AE8CE695B4EFBC8CE682A8E69C89E69D83E8AFB7E6B182E69BB4E696B0E68896E4BFAEE694B9E38081E8A1A5E58585E682A8E79A84E4BFA1E681AFEFBC8CE4BD86E682A8E59CA8E68F90E587BAE8A681E6B182E69BB4E6ADA3E38081E8A1A5E58585E4B8AAE4BABAE4BFA1E681AFE697B6EFBC8CE68891E4BBACE5B086E4BC9AE8A681E6B182E682A8E5AFB9E682A8E79A84E4B8AAE4BABAE4BFA1E681AFE8BF9BE8A18CE6A0B8E5AE9EE7A1AEE8AEA4EFBC8CE5B9B6E58F8AE697B6E6A0B9E68DAEE682A8E6A0B8E5AE9EE7A1AEE8AEA4E79A84E7BB93E69E9CE8BF9BE8A18CE69BB4E6ADA3E38081E8A1A5E58585EFBC9B3C2F703E3C703E332E20E59BA0E4B88EE682A8E69C89E585B3E79A84E789B9E5AE9AE79086E794B1EFBC8CE682A8E69C89E69D83E58F8DE5AFB9E682A8E79A84E4BFA1E681AFE79A84E69F90E4BA9BE4BDBFE794A8EFBC88E58C85E68BACE79BB4E68EA5E890A5E99480EFBC8CE695B0E68DAEE794BBE5838FEFBC8CE59FBAE4BA8EE59088E6B395E588A9E79B8AE79A84E5A484E79086EFBC8CE4BBA5E58F8AE794A8E4BA8EE7A791E5ADA6E68896E58E86E58FB2E7A094E7A9B6E5928CE7BB9FE8AEA1E79A84E5A484E79086EFBC89EFBC9B3C2F703E3C703E342E20E59CA8E4BBA5E4B88BE68385E586B5E4B88BEFBC8CE68891E4BBACE4BC9AE4B8BBE58AA8E588A0E999A4E682A8E79A84E4BFA1E681AFE68896E88085E682A8E69C89E69D83E8A681E6B182E588A0E999A4E682A8E79A84E4BFA1E681AFE68896E99990E588B6E4BFA1E681AFE79A84E4BDBFE794A8EFBC9A3C2F703E3C703EEFBC8831EFBC8920E5A682E69E9CE68891E4BBACE5A484E79086E4B8AAE4BABAE4BFA1E681AFE79A84E8A18CE4B8BAE8BF9DE58F8DE6B395E5BE8BE6B395E8A784EFBC9B3C2F703E3C703EEFBC8832EFBC8920E5A682E69E9CE68891E4BBACE694B6E99B86E38081E4BDBFE794A8E682A8E79A84E4B8AAE4BABAE4BFA1E681AFEFBC8CE58DB4E69CAAE5BE81E5BE97E682A8E79A84E5908CE6848FEFBC9B3C2F703E3C703EEFBC8833EFBC8920E5A682E69E9CE68891E4BBACE5A484E79086E4B8AAE4BABAE4BFA1E681AFE79A84E8A18CE4B8BAE8BF9DE58F8DE4BA86E4B88EE682A8E79A84E7BAA6E5AE9AEFBC9B3C2F703E3C703EEFBC8834EFBC8920E5A484E79086E682A8E4BFA1E681AFE79BAEE79A84E5B7B2E7BB8FE5AE9EE78EB0E38081E697A0E6B395E5AE9EE78EB0E68896E88085E4B88DE5868DE5BF85E8A681EFBC9B3C2F703E3C703EEFBC8835EFBC8920E68891E4BBACE5819CE6ADA2E4BA86E59091E682A8E68F90E4BE9BE4BAA7E59381E68896E88085E69C8DE58AA1EFBC9B3C2F703E3C703EEFBC8836EFBC8920E68891E4BBACE5AFB9E4BDBFE794A8E5B9B6E4BF9DE5AD98E682A8E79A84E4BFA1E681AFE79A84E4BF9DE5AD98E69C9FE99990E5B7B2E7BB8FE5B18AE6BBA1EFBC9B3C2F703E3C703EEFBC8837EFBC8920E682A8E692A4E59B9EE682A8E79A84E68E88E69D83E5908CE6848FE8A18CE4B8BAEFBC9B3C2F703E3C703EEFBC8838EFBC8920E6B395E5BE8BE38081E8A18CE694BFE6B395E8A784E8A784E5AE9AE79A84E585B6E4BB96E68385E5BDA2E380823C2F703E3C703E352E20E68F90E587BAE8AFB7E6B182E79A84E696B9E5BC8FE4B88EE6B8A0E981933C2F703E3C703EEFBC8831EFBC8920E682A8E5A682E69E9CE68F90E4BE9BE69CACE6ACBE312D34E9A1B9E58685E5AEB9E79A84E5A484E79086EFBC8CE682A8E5BF85E9A1BBE4BBA5E4B9A6E99DA2E5BDA2E5BC8FE68896E88085E68C89E785A7E5BC80E6BA90E5AD97E88A82E7BD91E7AB99E68896E88085E585B7E4BD93E4BAA7E59381E4B8ADE79A84E68F90E7A4BAE8B7AFE5BE84E8BF9BE8A18CE6898BE58AA8E6938DE4BD9CE38082E5A682E69E9CE682A8E9809AE8BF87E585B6E4BB96E6B8A0E98193E68F90E587BAE79BB8E585B3E8AFB7E6B182EFBC8CE68891E4BBACE4BC9AE5BC95E5AFBCE682A8E9809AE8BF87E79BAEE5898DE58FAFE79599E79795E79A84E5898DE8BFB0E6B8A0E98193E68F90E587BAE6ADA3E5BC8FE8AF89E6B182EFBC8CE4BBA5E4BEBFE4BA8EE4BAA4E6B581E5928CE58F8DE9A688E5A484E79086E8BF9BE5BAA6E58F8AE7BB93E69E9CE380823C2F703E3C703EEFBC8832EFBC8920E682A8E59CA8E68F90E587BAE79BB8E5BA94E79A84E8AF89E6B182E8A681E6B182E697B6EFBC8CE68891E4BBACE99C80E8A681E682A8E68F90E4BE9BE8B6B3E5A49FE79A84E4BFA1E681AFEFBC88E58C85E68BACE4BD86E4B88DE99990E4BA8EE682A8E6B3A8E5868CE697B6E58099E6B3A8E5868CE6898BE69CBAE9AA8CE8AF81E7A081E38081E6B3A8E5868CE982AEE7AEB1E9AA8CE8AF81E7A081EFBC8CE68896E88085E59CA8E5898DE8BFB0E59D87E697A0E79A84E68385E586B5E4B88BEFBC8CE99C80E8A681E682A8E68F90E4BE9BE682A8E79A84E585B6E4BB96E69C89E69588E8BAABE4BBBDE4BFA1E681AFEFBC89E69DA5E9AA8CE8AF81E682A8E79A84E8BAABE4BBBDEFBC8CE7A1AEE4BF9DE79BB8E585B3E8AF89E6B182E7A1AEE794B1E682A8E69CACE4BABAE58F91E587BAE380823C2F703E3C703E362E20E5BD93E682A8E68896E68891E4BBACE58D8FE58AA9E682A8E588A0E999A4E79BB8E585B3E4BFA1E681AFE5908EEFBC8CE59BA0E4B8BAE98082E794A8E79A84E6B395E5BE8BE5928CE5AE89E585A8E68A80E69CAFE99990E588B6EFBC8CE68891E4BBACE58FAFE883BDE697A0E6B395E7AB8BE58DB3E4BB8EE5A487E4BBBDE7B3BBE7BB9FE4B8ADE588A0E999A4E79BB8E5BA94E79A84E4BFA1E681AFEFBC8CE68891E4BBACE5B086E5AE89E585A8E59CB0E5AD98E582A8E682A8E79A84E4B8AAE4BABAE4BFA1E681AFE5B9B6E99990E588B6E5AFB9E585B6E79A84E4BBBBE4BD95E8BF9BE4B880E6ADA5E79A84E5A484E79086EFBC8CE79BB4E588B0E5A487E4BBBDE58FAFE4BBA5E6B885E999A4E68896E5AE9EE78EB0E58CBFE5908DE58C96E380823C2F703E3C703E372E20E6B3A8E994803C2F703E3C703EE59CA8E7ACA6E59088E5BC80E6BA90E5AD97E88A82E58D95E9A1B9E69C8DE58AA1E79A84E69C8DE58AA1E58D8FE8AEAEE7BAA6E5AE9AE69DA1E4BBB6E58F8AE59BBDE5AEB6E79BB8E585B3E6B395E5BE8BE6B395E8A784E8A784E5AE9AE79A84E68385E586B5E4B88BEFBC8CE682A8E79A84E8AFA5E9A1B9E5BC80E6BA90E5AD97E88A82E69C8DE58AA1E5B890E58FB7E58FAFE883BDE8A2ABE6B3A8E99480E68896E588A0E999A4E38082E682A8E58FAFE59CA8E5BC80E6BA90E5AD97E88A82E5AE98E7BD91E799BBE99986E8B4A6E58FB7E5908EEFBC8CE68896E88085E59CA8E79BB8E585B3E8AEBEE5A487E38081E5BA94E794A8E7A88BE5BA8FE4B8ADE799BBE5BD95E5BC80E6BA90E5AD97E88A82E5B890E58FB7E5908EEFBC8CE59CA8E79BB8E5BA94E7958CE99DA2E4B8ADE68F90E4BAA4E6B3A8E99480E794B3E8AFB7E5B9B6E5AE8CE68890E6B3A8E99480E380823C2F703E3C703EE5BD93E5B890E58FB7E6B3A8E99480E68896E8A2ABE588A0E999A4E5908EEFBC8CE68891E4BBACE5B086E5819CE6ADA2E4B8BAE682A8E68F90E4BE9BE4BAA7E59381E58F8AE68896E69C8DE58AA1EFBC8CE999A4E6B395E5BE8BE6B395E8A784E58FA6E69C89E8A784E5AE9AE5A496EFBC8CE68891E4BBACE5B086E588A0E999A4E682A8E79A84E4B8AAE4BABAE4BFA1E681AFE380823C2F703E3C703EE8AFB7E682A8E79FA5E68289EFBC8CE8B4A6E688B7E4B880E697A6E8A2ABE6B3A8E99480E5B086E4B88DE58FAFE681A2E5A48DEFBC8CE8AFB7E682A8E59CA8E6938DE4BD9CE4B98BE5898DE887AAE8A18CE5A487E4BBBDE8B4A6E688B7E79BB8E585B3E79A84E68980E69C89E4BFA1E681AFE5928CE695B0E68DAEE38082E6B3A8E99480E8B4A6E688B7E5908EEFBC8CE682A8E5B086E697A0E6B395E5868DE4BDBFE794A8E69CACE8B4A6E688B7EFBC8CE4B99FE5B086E697A0E6B395E689BEE59B9EE682A8E8B4A6E688B7E4B8ADE58F8AE4B88EE8B4A6E688B7E79BB8E585B3E79A84E4BBBBE4BD95E58685E5AEB9E68896E4BFA1E681AFE38082E88BA5E682A8E683B3E5868DE6ACA1E4BAABE58F97E79BB8E585B3E79A84E4BAA7E59381E4B88E2FE69C8DE58AA1EFBC8CE682A8E99C80E8A681E9878DE696B0E6B3A8E5868CE5B890E58FB7E380823C2F703E3C703E382E20E694B9E58F98E68896E692A4E59B9EE682A8E68E88E69D83E5908CE6848FE79A84E88C83E59BB43C2F703E3C703EE682A8E58FAFE4BBA5E9809AE8BF87E588A0E999A4E4BFA1E681AFE38081E585B3E997ADE8AEBEE5A487E58A9FE883BDE38081E59CA8E5BC80E6BA90E5AD97E88A82E5AE98E7BD91E68896E88085E79BB8E585B3E8AEBEE5A487E8BF9BE8A18CE99A90E7A781E8AEBEE7BDAEE7AD89E696B9E5BC8FE694B9E58F98E682A8E68E88E69D83E68891E4BBACE7BBA7E7BBADE694B6E99B86E4B8AAE4BABA20E4BFA1E681AFE79A84E88C83E59BB4E68896E692A4E59B9EE682A8E79A84E68E88E69D83E38082E59CA8E5BC80E6BA90E5AD97E88A82E8B4A6E58FB7E79BB8E585B3E4B89AE58AA1E4B8ADEFBC8CE682A8E4B99FE58FAFE4BBA5E9809AE8BF87E6B3A8E99480E8B4A6E58FB7E79A84E696B9E5BC8FEFBC8CE692A4E59B9EE68891E4BBACE9809AE8BF87E5BC80E6BA90E5AD97E88A82E8B4A6E58FB7E79BB8E585B3E4B89AE58AA1E7BBA7E7BBADE694B6E99B86E682A8E4B8AAE4BABAE4BFA1E681AFE79A84E585A8E983A8E68E88E69D83E380823C2F703E3C703EE8AFB7E682A8E79086E8A7A3E5B9B6E79FA5E68289EFBC8CE5BC80E6BA90E5AD97E88A82E6AF8FE4B8AAE4B89AE58AA1E58A9FE883BDE68896E88085E4BAA7E59381E58FAFE883BDE4B88DE5908CE7A88BE5BAA6E99C80E8A681E4B880E4BA9BE5BF85E8A681E79A84E4B8AAE4BABAE4BFA1E681AFE6898DE883BDE5BE97E4BBA5E5AE8CE68890EFBC8CE4BD86E5A4A7E5A49AE695B0E585B6E4BB96E4BFA1E681AFE79A84E68F90E4BE9BE794B1E682A8E586B3E5AE9AE38082E5BD93E682A8E692A4E59B9EE5908CE6848FE68896E68E88E69D83E5908EEFBC8CE68891E4BBACE697A0E6B395E7BBA7E7BBADE4B8BAE682A8E68F90E4BE9BE4BE9DE8B596E4BA8EE682A8E5908CE6848FE68896E68E88E69D83E68980E5AFB9E5BA94E79A84E69C8DE58AA1EFBC8CE4B99FE4B88DE5868DE5A484E79086E682A8E79BB8E5BA94E79A84E4B8AAE4BABAE4BFA1E681AFE38082E4BD86E682A8E692A4E59B9EE5908CE6848FE68896E68E88E69D83E79A84E586B3E5AE9AEFBC8CE4B88DE4BC9AE5BDB1E5938DE6ADA4E5898DE59FBAE4BA8EE682A8E79A84E68E88E69D83E8808CE5BC80E5B195E79A84E4B8AAE4BABAE4BFA1E681AFE5A484E79086E380823C2F703E3C703EE5A682E4BD95E59CA8E585B7E4BD93E4BAA7E59381E5928CE69C8DE58AA1E4B8ADE692A4E59B9EE5908CE6848FEFBC8CE794B1E5BC80E6BA90E5AD97E88A82E59CA8E8AFA5E585B7E4BD93E4BAA7E59381E68896E69C8DE58AA1E79A84E4B893E997A8E79A84E99A90E7A781E58D8FE8AEAEE4B8ADE58F91E5B883E380823C2F703E3C703EE585ADE38081E7ACACE4B889E696B9E69C8DE58AA13C2F703E3C703EE5BC80E6BA90E5AD97E88A82E69C8DE58AA1E58FAFE883BDE993BEE68EA5E887B3E7ACACE4B889E696B9E68F90E4BE9BE79A84E7A4BEE4BAA4E5AA92E4BD93E68896E585B6E4BB96E69C8DE58AA1EFBC88E58C85E68BACE7BD91E7AB99E68896E585B6E4BB96E69C8DE58AA1E5BDA2E5BC8FEFBC89E38082E58C85E68BACEFBC9A3C2F703E3C703EEFBC8831EFBC89E682A8E58FAFE588A9E794A8E2809CE58886E4BAABE2809DE994AEE5B086E69F90E4BA9BE58685E5AEB9E58886E4BAABE588B0E7ACACE4B889E696B9E69C8DE58AA1EFBC8CE68896E682A8E58FAFE588A9E794A8E7ACACE4B889E696B9E69C8DE58AA1E799BBE5BD95E5BC80E6BA90E5AD97E88A82E69C8DE58AA1E38082E8BF99E4BA9BE58A9FE883BDE58FAFE883BDE4BC9AE694B6E99B86E682A8E79A84E4BFA1E681AFEFBC88E58C85E68BACE682A8E79A84E697A5E5BF97E4BFA1E681AFEFBC89EFBC8CE5B9B6E58FAFE883BDE59CA8E682A8E79A84E794B5E88491E8A385E7BDAE434F4F4B494553EFBC8CE4BB8EE8808CE6ADA3E5B8B8E8BF90E8A18CE4B88AE8BFB0E58A9FE883BDEFBC9B3C2F703E3C703EEFBC8832EFBC89E68891E4BBACE9809AE8BF87E5B9BFE5918AE68896E68891E4BBACE69C8DE58AA1E79A84E585B6E4BB96E696B9E5BC8FE59091E682A8E68F90E4BE9BE993BEE68EA5EFBC8CE4BDBFE682A8E58FAFE4BBA5E993BEE68EA5E887B3E7ACACE4B889E696B9E79A84E69C8DE58AA1E68896E7BD91E7AB99EFBC9B3C2F703E3C703EEFBC8833EFBC89E585B6E4BB96E68EA5E585A5E7ACACE4B889E696B9E69C8DE58AA1E79A84E68385E5BDA2E38082E4BE8BE5A682EFBC8CE4B8BAE5AE9EE78EB0E69CACE694BFE7AD96E4B8ADE5A3B0E6988EE79A84E79BAEE79A84EFBC8CE68891E4BBACE58FAFE883BDE4BC9AE68EA5E585A5E7ACACE4B889E696B953444BE69C8DE58AA1EFBC8CE5B9B6E5B086E68891E4BBACE4BE9DE785A7E69CACE694BFE7AD96E694B6E99B86E79A84E682A8E79A84E69F90E4BA9BE4B8AAE4BABAE4BFA1E681AFE585B1E4BAABE7BB99E8AFA5E7AD89E7ACACE4B889E696B9EFBC8CE4BBA5E4BEBFE68F90E4BE9BE69BB4E5A5BDE79A84E5AEA2E688B7E69C8DE58AA1E5928CE794A8E688B7E4BD93E9AA8CE380823C2F703E3C703EE8AFA5E7AD89E7ACACE4B889E696B9E7A4BEE4BAA4E5AA92E4BD93E68896E585B6E4BB96E69C8DE58AA1E794B1E79BB8E585B3E79A84E7ACACE4B889E696B9E8B49FE8B4A3E8BF90E890A5E38082E682A8E4BDBFE794A8E8AFA5E7AD89E7ACACE4B889E696B9E79A84E7A4BEE4BAA4E5AA92E4BD93E69C8DE58AA1E68896E585B6E4BB96E69C8DE58AA1EFBC88E58C85E68BACE682A8E59091E8AFA5E7AD89E7ACACE4B889E696B9E68F90E4BE9BE79A84E4BBBBE4BD95E4BFA1E681AFEFBC89EFBC8CE9A1BBE58F97E7ACACE4B889E696B9E887AAE5B7B1E79A84E69C8DE58AA1E69DA1E6ACBEE58F8AE4BFA1E681AFE4BF9DE68AA4E5A3B0E6988EEFBC88E8808CE99D9EE69CACE694BFE7AD96EFBC89E7BAA6E69D9FEFBC8CE682A8E99C80E8A681E4BB94E7BB86E99885E8AFBBE585B6E69DA1E6ACBEE38082E69CACE694BFE7AD96E4BB85E98082E794A8E4BA8EE68891E4BBACE68980E694B6E99B86E79A84E4B8AAE4BABAE4BFA1E681AFEFBC8CE5B9B6E4B88DE98082E794A8E4BA8EE4BBBBE4BD95E7ACACE4B889E696B9E68F90E4BE9BE79A84E69C8DE58AA1E68896E7ACACE4B889E696B9E79A84E4BFA1E681AFE4BDBFE794A8E8A784E58899E38082E5A682E682A8E58F91E78EB0E8BF99E4BA9BE7ACACE4B889E696B9E7A4BEE4BAA4E5AA92E4BD93E68896E585B6E4BB96E69C8DE58AA1E5AD98E59CA8E9A38EE999A9E697B6EFBC8CE5BBBAE8AEAEE682A8E7BB88E6ADA2E79BB8E585B3E6938DE4BD9CE4BBA5E4BF9DE68AA4E682A8E79A84E59088E6B395E69D83E79B8AE380823C2F703E3C703EE4B883E38081E68891E4BBACE5AFB9E69CAAE68890E5B9B4E4BABAE79A84E694BFE7AD963C2F703E3C703EE4B8BAE4BA86E4BF9DE68AA4E69CAAE68890E5B9B4E4BABAE79A84E99A90E7A781E5928CE5AE89E585A8EFBC8CE68891E4BBACE5AFB9E69CAAE68890E5B9B4E4BABAE79A84E4B8AAE4BABAE4BFA1E681AFE68F90E4BE9BE4BA86E585B7E4BD93E79A84E4BF9DE68AA4E38082E68891E4BBACE4B88DE5AFB93134E591A8E5B281E4BBA5E4B88BE79A84E69CAAE68890E5B9B4E4BABAE68F90E4BE9BE4BAA7E59381E68896E69C8DE58AA1EFBC8CE5B9B6E4B894E68891E4BBACE4B88DE4BC9AE69585E6848FE68896E59CA8E6988EE7A1AEE79FA5E98193E79A84E68385E586B5E4B88BE694B6E99B86E69CAAE68890E5B9B4E79A84E4B8AAE4BABAE4BFA1E681AFE38082E5A682E69E9CE682A8E69CAAE6BBA13134E591A8E5B281EFBC8CE999A4E99D9EE682A8E79A84E788B6E6AF8DE68F90E4BE9BE6988EE7A1AEE5908CE6848FE4B894E8AFA5E7AD89E5908CE6848FE58FAFE8A2ABE8AF81E5AE9EEFBC8CE590A6E58899E682A8E5B086E4B88DE8A2ABE58581E8AEB8E4BDBFE794A8E5928CE5AE89E8A385E68891E4BBACE79A84E4BAA7E59381E68896E5889BE5BBBAE5B19EE4BA8EE682A8E79A84E8B4A6E58FB7E380823C2F703E3C703EE4B880E697A63134E591A8E5B281E4BBA5E4B88BE79A84E69CAAE68890E5B9B4E4BABAE585A8E983A8E68896E983A8E58886E4B88BE8BDBDE38081E5AE89E8A385E68896E4BDBFE794A8E68891E4BBACE79A84E4BBBBE4BD95E69C8DE58AA1EFBC8CE585B6E4B88BE8BDBDE38081E5AE89E8A385E68896E4BDBFE794A8E68891E4BBACE79A84E4BBBBE4BD95E69C8DE58AA1E79A84E8A18CE4B8BAE58DB3E8A786E4B8BAE585B6E788B6E6AF8DE5908CE6848FE68891E4BBACE79A84E694BFE7AD96EFBC8CE69DA1E6ACBEE5928CE69DA1E4BBB6EFBC8CE58C85E68BACE4BD86E4B88DE99990E4BA8EE69CACE99A90E7A781E694BFE7AD96E380823C2F703E3C703EE585ABE38081E9809AE79FA5E5928CE4BFAEE8AEA23C2F703E3C703EE4B8BAE4BA86E7BB99E682A8E68F90E4BE9BE69BB4E5A5BDE79A84E69C8DE58AA1EFBC8CE68891E4BBACE58FAFE883BDE4BC9AE6A0B9E68DAEE4BAA7E59381E68896E69C8DE58AA1E79A84E69BB4E696B0E68385E586B5E58F8AE6B395E5BE8BE6B395E8A784E79A84E79BB8E585B3E8A681E6B182E98082E697B6E4BFAEE694B9E69CACE694BFE7AD96E79A84E69DA1E6ACBEEFBC8CE8AFA5E7AD89E4BFAEE694B9E69E84E68890E69CACE694BFE7AD96E79A84E4B880E983A8E58886E38082E5A682E8AFA5E7AD89E69BB4E696B0E980A0E68890E682A8E59CA8E69CACE694BFE7AD96E4B88BE69D83E588A9E79A84E5AE9EE8B4A8E5878FE5B091E68896E9878DE5A4A7E58F98E69BB4EFBC8CE68891E4BBACE5B086E59CA8E69CACE694BFE7AD96E7949FE69588E5898DE9809AE8BF87E7BD91E7AB99E585ACE5918AE38081E68EA8E98081E9809AE79FA5E38081E5BCB9E7AA97E68F90E7A4BAE68896E585B6E4BB96E696B9E5BC8FE69DA5E9809AE79FA5E682A8EFBC8CE682A8E5A682E69E9CE4B88DE5908CE6848FE8AFA5E7AD89E58F98E69BB4EFBC8CE58FAFE4BBA5E98089E68BA9E5819CE6ADA2E4BDBFE794A8E5BC80E6BA90E5AD97E88A82E69C8DE58AA1EFBC9BE5A682E682A8E4BB8DE784B6E7BBA7E7BBADE4BDBFE794A8E5BC80E6BA90E5AD97E88A82E69C8DE58AA1E79A84EFBC8CE58DB3E8A1A8E7A4BAE682A8E5B7B2E58585E58886E99885E8AFBBE38081E79086E8A7A3E5B9B6E5908CE6848FE58F97E7BB8FE4BFAEE8AEA2E79A84E69CACE694BFE7AD96E79A84E7BAA6E69D9FE380823C2F703E3C703EE68891E4BBACE79A84E4BBBBE4BD95E4BFAEE694B9E983BDE4BC9AE5B086E682A8E79A84E6BBA1E6848FE5BAA6E7BDAEE4BA8EE9A696E4BD8DE38082E68891E4BBACE9BC93E58AB1E682A8E59CA8E6AF8FE6ACA1E4BDBFE794A8E5BC80E6BA90E5AD97E88A82E69C8DE58AA1E697B6E983BDE69FA5E99885E68891E4BBACE79A84E99A90E7A781E694BFE7AD96E380823C2F703E3C703EE68891E4BBACE58FAFE883BDE59CA8E5BF85E99C80E697B6EFBC88E4BE8BE5A682E5BD93E68891E4BBACE794B1E4BA8EE7B3BBE7BB9FE7BBB4E68AA4E8808CE69A82E5819CE69F90E4B880E9A1B9E69C8DE58AA1E697B6EFBC89E58F91E587BAE4B88EE69C8DE58AA1E69C89E585B3E79A84E585ACE5918AE38082E682A8E58FAFE883BDE697A0E6B395E58F96E6B688E8BF99E4BA9BE4B88EE69C8DE58AA1E69C89E585B3E38081E680A7E8B4A8E4B88DE5B19EE4BA8EE68EA8E5B9BFE79A84E585ACE5918AE380823C2F703E3C703EE4B99DE38081E98082E794A8E6B395E5BE8BE4B88EE4BA89E8AEAEE8A7A3E586B33C2F703E3C703E312E20E98082E794A8E6B395E5BE8B3C2F703E3C703EE69CACE694BFE7AD96E79A84E689A7E8A18CE38081E8A7A3E9878AE58F8AE4BA89E8AEAEE79A84E8A7A3E586B3E59D87E98082E794A8E4B8ADE58D8EE4BABAE6B091E585B1E5928CE59BBDE6B395E5BE8BEFBC8CE4B894E4B88DE88083E89991E4BBBBE4BD95E586B2E7AA81E6B395E380823C2F703E3C703E322E20E4BA89E8AEAEE8A7A3E586B33C2F703E3C703EE682A8E5928CE68891E4BBACE79A84E4BAA7E59381E4B88E2FE68896E69C8DE58AA1E5B0B1E69CACE694BFE7AD96E58685E5AEB9E68896E585B6E689A7E8A18CE58F91E7949FE4BBBBE4BD95E4BA89E8AEAEE79A84EFBC8CE58F8CE696B9E5BA94E58F8BE5A5BDE58D8FE59586E8A7A3E586B3EFBC9BE5A682E58F8CE696B9E697A0E6B395E58D8FE59586E8A7A3E586B3E4BA89E8AEAEE697B6EFBC8CE58F8CE696B9E5908CE6848FE5BA94E5B086E4BA89E8AEAEE68F90E4BAA4E887B3E8A2ABE5918AE4BD8FE68980E59CB0E4BABAE6B091E6B395E999A2E8A381E586B3E380823C2F703E3C703EE58D81E38081E5A682E4BD95E88194E7B3BBE68891E4BBAC3C2F703E3C703EE5A682E69E9CE682A8E5AFB9E69CACE99A90E7A781E694BFE7AD96E68896E68891E4BBACE79A84E99A90E7A781E68EAAE696BDE69C89E4BBBBE4BD95E79691E997AEEFBC8CE8AFB7E9809AE8BF87E4BBA5E4B88BE696B9E5BC8FE4B88EE68891E4BBACE88194E7B3BBEFBC9A3C2F703E3C703EE585ACE58FB8E585A8E5908DEFBC9AE69DADE5B79EE6BA90E5AD97E88A82E7A791E68A80E69C89E99990E585ACE58FB83C2F703E3C703EE982AEE7AEB1E59CB0E59D80EFBC9A3236313634383934374071712E636F6D3C2F703E3C703EE5A682E69C89E585B3E594AEE5908EE69C8DE58AA1E997AEE9A298E8AFB7E79BB4E68EA5E88194E7B3BBEFBC9A2031383732303938393238313C2F703E3C703EE982AEE5AF84E59CB0E59D80EFBC9AE69DADE5B79EE5B882E68BB1E5A285E58CBAE58C97E983A8E8BDAFE4BBB6E59BAD3C2F703E3C703EE4B880E888ACE68385E586B5E4B88BEFBC8CE68891E4BBACE5B086E59CA8E694B6E588B0E682A8E79A84E997AEE9A298E38081E6848FE8A781E68896E5BBBAE8AEAEEFBC8CE5B9B6E9AA8CE8AF81E682A8E79A84E8BAABE4BBBDE5908EE79A84E58D81E4BA94E5A4A9E58685E4BA88E4BBA5E59B9EE5A48DE380823C2F703E, '0', '', '2022-02-27 16:35:21', '', '2022-03-11 10:52:29', null);
INSERT INTO `cms_service_item` VALUES ('5', '友链申请', '友链申请', 0x3C68323EE694B6E5BD95E6A087E587863C2F68323E3C703EE69CACE58D9AE5AEA2E68EA5E58F97E58F8BE68385E993BEE68EA5E794B3E8AFB7EFBC8CE5A682E69E9CE4BDA0E79A84E58D9AE5AEA22FE7AB99E782B9E8BF90E8A18CE697B6E997B4E5B7B2E7BB8FE8B685E8BF8733E4B8AAE69C88EFBC8CE4B894E883BDE4BF9DE68C81E58685E5AEB9E58F91E5B883E9A291E78E87E59CA8E4B880E69C8834E7AF87E58F8AE4BBA5E4B88AEFBC8CE6ACA2E8BF8EE58BBEE690ADE5B9B6E4BA92E79BB8E4BAA4E68DA2E58F8BE993BEE38082E4BDA0E58FAFE4BBA5E9809AE8BF873C6120687265663D226D61696C746F3A3236313634383934374071712E636F6D222072656C3D226E6F6F70656E6572206E6F726566657272657222207461726765743D225F626C616E6B223E3236313634383934374071712E636F6D3C2F613EE982AEE4BBB6E7BB99E688913C2F703E3C68323EE794B3E8AFB7E5898DE8AFB7E58588E887AAE8A789E58AA0E68891E4B8BAE58F8BE993BE3C2F68323E3C703EE7AB99E782B9E5908DE7A7B0EFBC9AE5BC80E6BA90E5AD97E88A823C2F703E3C703EE68C87E59091E993BEE68EA5EFBC9A68747470733A2F2F736F75726365627974652E636E3C2F703E3C703EE7AB99E782B96C6F676FEFBC9A68747470733A2F2F736F75726365627974652E636E2F6173736574732F6C6F676F5F635F36342E35656233616363352E706E673C2F703E3C703EE794B3E8AFB7E6A0BCE5BC8FEFBC9AE7BD91E7AB99E5908DE7A7B0202B20E4BDA0E79A84E993BEE68EA5202B20E4BDA0E79A84E7AB99E782B96C6F676FE6889669636F6EE59CB0E59D803C2F703E3C703EE69CACE7AB99E58F8BE993BEE5B195E7A4BAE59CB0E59D80EFBC9A68747470733A2F2F736F75726365627974652E636E2F6E6577733C2F703E3C703E203C2F703E, '0', '', '2022-03-07 09:57:28', '', '2022-03-11 10:59:25', null);

-- ----------------------------
-- Table structure for gen_table
-- ----------------------------
DROP TABLE IF EXISTS `gen_table`;
CREATE TABLE `gen_table` (
  `table_id` bigint(20) NOT NULL AUTO_INCREMENT COMMENT '编号',
  `table_name` varchar(200) DEFAULT '' COMMENT '表名称',
  `table_comment` varchar(500) DEFAULT '' COMMENT '表描述',
  `sub_table_name` varchar(64) DEFAULT NULL COMMENT '关联子表的表名',
  `sub_table_fk_name` varchar(64) DEFAULT NULL COMMENT '子表关联的外键名',
  `class_name` varchar(100) DEFAULT '' COMMENT '实体类名称',
  `tpl_category` varchar(200) DEFAULT 'crud' COMMENT '使用的模板（crud单表操作 tree树表操作）',
  `package_name` varchar(100) DEFAULT NULL COMMENT '生成包路径',
  `module_name` varchar(30) DEFAULT NULL COMMENT '生成模块名',
  `business_name` varchar(30) DEFAULT NULL COMMENT '生成业务名',
  `function_name` varchar(50) DEFAULT NULL COMMENT '生成功能名',
  `function_author` varchar(50) DEFAULT NULL COMMENT '生成功能作者',
  `gen_type` char(1) DEFAULT '0' COMMENT '生成代码方式（0zip压缩包 1自定义路径）',
  `gen_path` varchar(200) DEFAULT '/' COMMENT '生成路径（不填默认项目路径）',
  `options` varchar(1000) DEFAULT NULL COMMENT '其它生成选项',
  `create_by` varchar(64) DEFAULT '' COMMENT '创建者',
  `create_time` datetime DEFAULT NULL COMMENT '创建时间',
  `update_by` varchar(64) DEFAULT '' COMMENT '更新者',
  `update_time` datetime DEFAULT NULL COMMENT '更新时间',
  `remark` varchar(500) DEFAULT NULL COMMENT '备注',
  PRIMARY KEY (`table_id`)
) ENGINE=InnoDB AUTO_INCREMENT=10 DEFAULT CHARSET=utf8mb4 COMMENT='代码生成业务表';

-- ----------------------------
-- Records of gen_table
-- ----------------------------
INSERT INTO `gen_table` VALUES ('1', 'cms_article', '内容管理', null, null, 'CmsArticle', 'crud', 'cn.source.system', 'system', 'article', '内容管理', 'ruoyi', '0', '/', '{}', 'admin', '2022-03-03 01:19:25', '', '2022-03-04 18:23:23', null);
INSERT INTO `gen_table` VALUES ('2', 'cms_feedback', '', null, null, 'CmsFeedback', 'crud', 'cn.source.system', 'system', 'feedback', null, 'ruoyi', '0', '/', null, 'admin', '2022-03-04 18:20:52', '', null, null);
INSERT INTO `gen_table` VALUES ('3', 'sys_job_log', '定时任务调度日志表', null, null, 'SysJobLog', 'crud', 'cn.source.system', 'system', 'log', '定时任务调度日志', 'ruoyi', '0', '/', null, 'admin', '2022-03-04 18:21:25', '', null, null);
INSERT INTO `gen_table` VALUES ('4', 'sys_menu', '菜单权限表', null, null, 'SysMenu', 'crud', 'cn.source.system', 'system', 'menu', '菜单权限', 'ruoyi', '0', '/', null, 'admin', '2022-03-04 18:21:25', '', null, null);
INSERT INTO `gen_table` VALUES ('5', 'sys_role_dept', '角色和部门关联表', null, null, 'SysRoleDept', 'crud', 'cn.source.system', 'system', 'dept', '角色和部门关联', 'ruoyi', '0', '/', null, 'admin', '2022-03-04 18:21:25', '', null, null);
INSERT INTO `gen_table` VALUES ('6', 'cms_service_item', '', null, null, 'CmsServiceItem', 'crud', 'cn.source.system', 'system', 'item', null, 'ruoyi', '0', '/', null, 'admin', '2022-03-04 18:21:35', '', null, null);
INSERT INTO `gen_table` VALUES ('7', 'sys_dept', '部门表', null, null, 'SysDept', 'crud', 'cn.source.system', 'system', 'dept', '部门', 'ruoyi', '0', '/', null, 'admin', '2022-03-09 21:51:00', '', null, null);
INSERT INTO `gen_table` VALUES ('8', 'sys_oper_log', '操作日志记录', null, null, 'SysOperLog', 'crud', 'cn.source.system', 'system', 'log', '操作日志记录', 'ruoyi', '0', '/', null, 'admin', '2022-03-14 08:11:12', '', null, null);
INSERT INTO `gen_table` VALUES ('9', 'sys_post', '岗位信息表', null, null, 'SysPost', 'crud', 'cn.source.system', 'system', 'post', '岗位信息', 'ruoyi', '0', '/', null, 'admin', '2022-03-14 14:07:09', '', null, null);

-- ----------------------------
-- Table structure for gen_table_column
-- ----------------------------
DROP TABLE IF EXISTS `gen_table_column`;
CREATE TABLE `gen_table_column` (
  `column_id` bigint(20) NOT NULL AUTO_INCREMENT COMMENT '编号',
  `table_id` varchar(64) DEFAULT NULL COMMENT '归属表编号',
  `column_name` varchar(200) DEFAULT NULL COMMENT '列名称',
  `column_comment` varchar(500) DEFAULT NULL COMMENT '列描述',
  `column_type` varchar(100) DEFAULT NULL COMMENT '列类型',
  `java_type` varchar(500) DEFAULT NULL COMMENT 'JAVA类型',
  `java_field` varchar(200) DEFAULT NULL COMMENT 'JAVA字段名',
  `is_pk` char(1) DEFAULT NULL COMMENT '是否主键（1是）',
  `is_increment` char(1) DEFAULT NULL COMMENT '是否自增（1是）',
  `is_required` char(1) DEFAULT NULL COMMENT '是否必填（1是）',
  `is_insert` char(1) DEFAULT NULL COMMENT '是否为插入字段（1是）',
  `is_edit` char(1) DEFAULT NULL COMMENT '是否编辑字段（1是）',
  `is_list` char(1) DEFAULT NULL COMMENT '是否列表字段（1是）',
  `is_query` char(1) DEFAULT NULL COMMENT '是否查询字段（1是）',
  `query_type` varchar(200) DEFAULT 'EQ' COMMENT '查询方式（等于、不等于、大于、小于、范围）',
  `html_type` varchar(200) DEFAULT NULL COMMENT '显示类型（文本框、文本域、下拉框、复选框、单选框、日期控件）',
  `dict_type` varchar(200) DEFAULT '' COMMENT '字典类型',
  `sort` int(11) DEFAULT NULL COMMENT '排序',
  `create_by` varchar(64) DEFAULT '' COMMENT '创建者',
  `create_time` datetime DEFAULT NULL COMMENT '创建时间',
  `update_by` varchar(64) DEFAULT '' COMMENT '更新者',
  `update_time` datetime DEFAULT NULL COMMENT '更新时间',
  PRIMARY KEY (`column_id`)
) ENGINE=InnoDB AUTO_INCREMENT=104 DEFAULT CHARSET=utf8mb4 COMMENT='代码生成业务表字段';

-- ----------------------------
-- Records of gen_table_column
-- ----------------------------
INSERT INTO `gen_table_column` VALUES ('1', '1', 'id', 'id', 'bigint(20)', 'Long', 'id', '1', '1', null, '1', null, null, null, null, 'input', null, '1', 'admin', '2022-03-03 01:19:25', null, '2022-03-11 18:10:35');
INSERT INTO `gen_table_column` VALUES ('2', '1', 'article_type', '类型', 'varchar(50)', 'String', 'articleType', '0', '0', '1', '1', '1', '1', '1', null, 'select', '', '2', 'admin', '2022-03-03 01:19:25', null, '2022-03-11 18:10:35');
INSERT INTO `gen_table_column` VALUES ('3', '1', 'small_title', '简短标题', 'varchar(50)', 'String', 'smallTitle', '0', '0', '1', '1', '1', '1', '1', null, 'input', '', '3', 'admin', '2022-03-03 01:19:25', null, '2022-03-11 18:10:35');
INSERT INTO `gen_table_column` VALUES ('4', '1', 'big_title', '完整标题', 'varchar(50)', 'String', 'bigTitle', '0', '0', null, '1', '1', '1', '1', null, 'input', '', '4', 'admin', '2022-03-03 01:19:25', null, '2022-03-11 18:10:35');
INSERT INTO `gen_table_column` VALUES ('5', '1', 'face_url', '封面图', 'varchar(200)', 'String', 'faceUrl', '0', '0', null, '1', '1', '1', '1', null, 'input', '', '5', 'admin', '2022-03-03 01:19:25', null, '2022-03-11 18:10:35');
INSERT INTO `gen_table_column` VALUES ('6', '1', 'face_thum', '缩略图', 'varchar(200)', 'String', 'faceThum', '0', '0', null, '1', '1', '1', '1', null, 'input', '', '6', 'admin', '2022-03-03 01:19:25', null, '2022-03-11 18:10:35');
INSERT INTO `gen_table_column` VALUES ('7', '1', 'article_content', '内容', 'mediumtext', 'String', 'articleContent', '0', '0', null, '1', '1', '1', '1', null, 'editor', '', '7', 'admin', '2022-03-03 01:19:25', null, '2022-03-11 18:10:35');
INSERT INTO `gen_table_column` VALUES ('8', '1', 'article_source', '来源', 'varchar(50)', 'String', 'articleSource', '0', '0', null, '1', '1', '1', '1', null, 'input', '', '8', 'admin', '2022-03-03 01:19:25', null, '2022-03-11 18:10:35');
INSERT INTO `gen_table_column` VALUES ('9', '1', 'sort_no', '排序号', 'int(4)', 'Integer', 'sortNo', '0', '0', null, '1', '1', '1', '1', null, 'input', '', '9', 'admin', '2022-03-03 01:19:25', null, '2022-03-11 18:10:35');
INSERT INTO `gen_table_column` VALUES ('10', '1', 'star_Num', '', 'int(10)', 'Integer', 'starNum', '0', '0', null, '1', '1', '1', '1', null, 'input', '', '10', 'admin', '2022-03-03 01:19:25', null, '2022-03-11 18:10:35');
INSERT INTO `gen_table_column` VALUES ('11', '1', 'create_time', '创建时间', 'datetime', 'Date', 'createTime', '0', '0', null, '1', null, null, null, null, 'datetime', null, '11', 'admin', '2022-03-03 01:19:25', null, '2022-03-11 18:10:35');
INSERT INTO `gen_table_column` VALUES ('12', '1', 'create_by', '创建人', 'varchar(50)', 'String', 'createBy', '0', '0', null, '1', null, null, null, null, 'input', null, '12', 'admin', '2022-03-03 01:19:25', null, '2022-03-11 18:10:35');
INSERT INTO `gen_table_column` VALUES ('13', '1', 'update_time', '修改时间', 'datetime', 'Date', 'updateTime', '0', '0', null, '1', '1', null, null, null, 'datetime', null, '13', 'admin', '2022-03-03 01:19:25', null, '2022-03-11 18:10:35');
INSERT INTO `gen_table_column` VALUES ('14', '1', 'update_by', '修改人', 'varchar(50)', 'String', 'updateBy', '0', '0', null, '1', '1', null, null, null, 'input', null, '14', 'admin', '2022-03-03 01:19:25', null, '2022-03-11 18:10:35');
INSERT INTO `gen_table_column` VALUES ('15', '1', 'remark', '备注', 'varchar(100)', 'String', 'remark', '0', '0', null, '1', '1', '1', null, null, 'input', '', '15', 'admin', '2022-03-03 01:19:25', null, '2022-03-11 18:10:35');
INSERT INTO `gen_table_column` VALUES ('16', '2', 'id', 'id', 'bigint(20)', 'Long', 'id', '1', '1', null, '1', null, null, null, 'EQ', 'input', '', '1', 'admin', '2022-03-04 18:20:52', '', null);
INSERT INTO `gen_table_column` VALUES ('17', '2', 'feed_type', '类别', 'varchar(255)', 'String', 'feedType', '0', '0', null, '1', '1', '1', '1', 'EQ', 'select', '', '2', 'admin', '2022-03-04 18:20:52', '', null);
INSERT INTO `gen_table_column` VALUES ('18', '2', 'feed_title', '标题', 'varchar(255)', 'String', 'feedTitle', '0', '0', null, '1', '1', '1', '1', 'EQ', 'input', '', '3', 'admin', '2022-03-04 18:20:52', '', null);
INSERT INTO `gen_table_column` VALUES ('19', '2', 'feed_content', '详情', 'varchar(255)', 'String', 'feedContent', '0', '0', null, '1', '1', '1', '1', 'EQ', 'editor', '', '4', 'admin', '2022-03-04 18:20:52', '', null);
INSERT INTO `gen_table_column` VALUES ('20', '2', 'create_by', null, 'varchar(64)', 'String', 'createBy', '0', '0', null, '1', null, null, null, 'EQ', 'input', '', '5', 'admin', '2022-03-04 18:20:52', '', null);
INSERT INTO `gen_table_column` VALUES ('21', '2', 'create_time', null, 'datetime', 'Date', 'createTime', '0', '0', null, '1', null, null, null, 'EQ', 'datetime', '', '6', 'admin', '2022-03-04 18:20:52', '', null);
INSERT INTO `gen_table_column` VALUES ('22', '2', 'update_by', null, 'varchar(64)', 'String', 'updateBy', '0', '0', null, '1', '1', null, null, 'EQ', 'input', '', '7', 'admin', '2022-03-04 18:20:52', '', null);
INSERT INTO `gen_table_column` VALUES ('23', '2', 'update_time', null, 'datetime', 'Date', 'updateTime', '0', '0', null, '1', '1', null, null, 'EQ', 'datetime', '', '8', 'admin', '2022-03-04 18:20:52', '', null);
INSERT INTO `gen_table_column` VALUES ('24', '2', 'remark', '备注', 'varchar(255)', 'String', 'remark', '0', '0', null, '1', '1', '1', null, 'EQ', 'input', '', '9', 'admin', '2022-03-04 18:20:52', '', null);
INSERT INTO `gen_table_column` VALUES ('25', '3', 'job_log_id', '任务日志ID', 'bigint(20)', 'Long', 'jobLogId', '1', '1', null, '1', null, null, null, 'EQ', 'input', '', '1', 'admin', '2022-03-04 18:21:25', '', null);
INSERT INTO `gen_table_column` VALUES ('26', '3', 'job_name', '任务名称', 'varchar(64)', 'String', 'jobName', '0', '0', '1', '1', '1', '1', '1', 'LIKE', 'input', '', '2', 'admin', '2022-03-04 18:21:25', '', null);
INSERT INTO `gen_table_column` VALUES ('27', '3', 'job_group', '任务组名', 'varchar(64)', 'String', 'jobGroup', '0', '0', '1', '1', '1', '1', '1', 'EQ', 'input', '', '3', 'admin', '2022-03-04 18:21:25', '', null);
INSERT INTO `gen_table_column` VALUES ('28', '3', 'invoke_target', '调用目标字符串', 'varchar(500)', 'String', 'invokeTarget', '0', '0', '1', '1', '1', '1', '1', 'EQ', 'textarea', '', '4', 'admin', '2022-03-04 18:21:25', '', null);
INSERT INTO `gen_table_column` VALUES ('29', '3', 'job_message', '日志信息', 'varchar(500)', 'String', 'jobMessage', '0', '0', null, '1', '1', '1', '1', 'EQ', 'textarea', '', '5', 'admin', '2022-03-04 18:21:25', '', null);
INSERT INTO `gen_table_column` VALUES ('30', '3', 'status', '执行状态（0正常 1失败）', 'char(1)', 'String', 'status', '0', '0', null, '1', '1', '1', '1', 'EQ', 'radio', '', '6', 'admin', '2022-03-04 18:21:25', '', null);
INSERT INTO `gen_table_column` VALUES ('31', '3', 'exception_info', '异常信息', 'varchar(2000)', 'String', 'exceptionInfo', '0', '0', null, '1', '1', '1', '1', 'EQ', 'textarea', '', '7', 'admin', '2022-03-04 18:21:25', '', null);
INSERT INTO `gen_table_column` VALUES ('32', '3', 'create_time', '创建时间', 'datetime', 'Date', 'createTime', '0', '0', null, '1', null, null, null, 'EQ', 'datetime', '', '8', 'admin', '2022-03-04 18:21:25', '', null);
INSERT INTO `gen_table_column` VALUES ('33', '4', 'menu_id', '菜单ID', 'bigint(20)', 'Long', 'menuId', '1', '1', null, '1', null, null, null, 'EQ', 'input', '', '1', 'admin', '2022-03-04 18:21:25', '', null);
INSERT INTO `gen_table_column` VALUES ('34', '4', 'menu_name', '菜单名称', 'varchar(50)', 'String', 'menuName', '0', '0', '1', '1', '1', '1', '1', 'LIKE', 'input', '', '2', 'admin', '2022-03-04 18:21:25', '', null);
INSERT INTO `gen_table_column` VALUES ('35', '4', 'parent_id', '父菜单ID', 'bigint(20)', 'Long', 'parentId', '0', '0', null, '1', '1', '1', '1', 'EQ', 'input', '', '3', 'admin', '2022-03-04 18:21:25', '', null);
INSERT INTO `gen_table_column` VALUES ('36', '4', 'order_num', '显示顺序', 'int(11)', 'Long', 'orderNum', '0', '0', null, '1', '1', '1', '1', 'EQ', 'input', '', '4', 'admin', '2022-03-04 18:21:25', '', null);
INSERT INTO `gen_table_column` VALUES ('37', '4', 'path', '路由地址', 'varchar(200)', 'String', 'path', '0', '0', null, '1', '1', '1', '1', 'EQ', 'input', '', '5', 'admin', '2022-03-04 18:21:25', '', null);
INSERT INTO `gen_table_column` VALUES ('38', '4', 'component', '组件路径', 'varchar(255)', 'String', 'component', '0', '0', null, '1', '1', '1', '1', 'EQ', 'input', '', '6', 'admin', '2022-03-04 18:21:25', '', null);
INSERT INTO `gen_table_column` VALUES ('39', '4', 'query', '路由参数', 'varchar(255)', 'String', 'query', '0', '0', null, '1', '1', '1', '1', 'EQ', 'input', '', '7', 'admin', '2022-03-04 18:21:25', '', null);
INSERT INTO `gen_table_column` VALUES ('40', '4', 'is_frame', '是否为外链（0是 1否）', 'int(11)', 'Long', 'isFrame', '0', '0', null, '1', '1', '1', '1', 'EQ', 'input', '', '8', 'admin', '2022-03-04 18:21:25', '', null);
INSERT INTO `gen_table_column` VALUES ('41', '4', 'is_cache', '是否缓存（0缓存 1不缓存）', 'int(11)', 'Long', 'isCache', '0', '0', null, '1', '1', '1', '1', 'EQ', 'input', '', '9', 'admin', '2022-03-04 18:21:25', '', null);
INSERT INTO `gen_table_column` VALUES ('42', '4', 'menu_type', '菜单类型（M目录 C菜单 F按钮）', 'char(1)', 'String', 'menuType', '0', '0', null, '1', '1', '1', '1', 'EQ', 'select', '', '10', 'admin', '2022-03-04 18:21:25', '', null);
INSERT INTO `gen_table_column` VALUES ('43', '4', 'visible', '菜单状态（0显示 1隐藏）', 'char(1)', 'String', 'visible', '0', '0', null, '1', '1', '1', '1', 'EQ', 'input', '', '11', 'admin', '2022-03-04 18:21:25', '', null);
INSERT INTO `gen_table_column` VALUES ('44', '4', 'status', '菜单状态（0正常 1停用）', 'char(1)', 'String', 'status', '0', '0', null, '1', '1', '1', '1', 'EQ', 'radio', '', '12', 'admin', '2022-03-04 18:21:25', '', null);
INSERT INTO `gen_table_column` VALUES ('45', '4', 'perms', '权限标识', 'varchar(100)', 'String', 'perms', '0', '0', null, '1', '1', '1', '1', 'EQ', 'input', '', '13', 'admin', '2022-03-04 18:21:25', '', null);
INSERT INTO `gen_table_column` VALUES ('46', '4', 'icon', '菜单图标', 'varchar(100)', 'String', 'icon', '0', '0', null, '1', '1', '1', '1', 'EQ', 'input', '', '14', 'admin', '2022-03-04 18:21:25', '', null);
INSERT INTO `gen_table_column` VALUES ('47', '4', 'create_by', '创建者', 'varchar(64)', 'String', 'createBy', '0', '0', null, '1', null, null, null, 'EQ', 'input', '', '15', 'admin', '2022-03-04 18:21:25', '', null);
INSERT INTO `gen_table_column` VALUES ('48', '4', 'create_time', '创建时间', 'datetime', 'Date', 'createTime', '0', '0', null, '1', null, null, null, 'EQ', 'datetime', '', '16', 'admin', '2022-03-04 18:21:25', '', null);
INSERT INTO `gen_table_column` VALUES ('49', '4', 'update_by', '更新者', 'varchar(64)', 'String', 'updateBy', '0', '0', null, '1', '1', null, null, 'EQ', 'input', '', '17', 'admin', '2022-03-04 18:21:25', '', null);
INSERT INTO `gen_table_column` VALUES ('50', '4', 'update_time', '更新时间', 'datetime', 'Date', 'updateTime', '0', '0', null, '1', '1', null, null, 'EQ', 'datetime', '', '18', 'admin', '2022-03-04 18:21:25', '', null);
INSERT INTO `gen_table_column` VALUES ('51', '4', 'remark', '备注', 'varchar(500)', 'String', 'remark', '0', '0', null, '1', '1', '1', null, 'EQ', 'textarea', '', '19', 'admin', '2022-03-04 18:21:25', '', null);
INSERT INTO `gen_table_column` VALUES ('52', '5', 'role_id', '角色ID', 'bigint(20)', 'Long', 'roleId', '1', '0', null, '1', null, null, null, 'EQ', 'input', '', '1', 'admin', '2022-03-04 18:21:25', '', null);
INSERT INTO `gen_table_column` VALUES ('53', '5', 'dept_id', '部门ID', 'bigint(20)', 'Long', 'deptId', '1', '0', null, '1', null, null, null, 'EQ', 'input', '', '2', 'admin', '2022-03-04 18:21:25', '', null);
INSERT INTO `gen_table_column` VALUES ('54', '6', 'id', 'id', 'bigint(20)', 'Long', 'id', '1', '1', null, '1', null, null, null, 'EQ', 'input', '', '1', 'admin', '2022-03-04 18:21:35', '', null);
INSERT INTO `gen_table_column` VALUES ('55', '6', 'type', '类别', 'varchar(20)', 'String', 'type', '0', '0', null, '1', '1', '1', '1', 'EQ', 'select', '', '2', 'admin', '2022-03-04 18:21:35', '', null);
INSERT INTO `gen_table_column` VALUES ('56', '6', 'title', '标题', 'varchar(255)', 'String', 'title', '0', '0', null, '1', '1', '1', '1', 'EQ', 'input', '', '3', 'admin', '2022-03-04 18:21:35', '', null);
INSERT INTO `gen_table_column` VALUES ('57', '6', 'content', '内容', 'mediumblob', 'String', 'content', '0', '0', null, '1', '1', '1', '1', 'EQ', 'editor', '', '4', 'admin', '2022-03-04 18:21:35', '', null);
INSERT INTO `gen_table_column` VALUES ('58', '6', 'state', '启用', 'char(1)', 'String', 'state', '0', '0', null, '1', '1', '1', '1', 'EQ', 'input', '', '5', 'admin', '2022-03-04 18:21:35', '', null);
INSERT INTO `gen_table_column` VALUES ('59', '6', 'create_by', '创建者', 'varchar(64)', 'String', 'createBy', '0', '0', null, '1', null, null, null, 'EQ', 'input', '', '6', 'admin', '2022-03-04 18:21:35', '', null);
INSERT INTO `gen_table_column` VALUES ('60', '6', 'create_time', '创建时间', 'datetime', 'Date', 'createTime', '0', '0', null, '1', null, null, null, 'EQ', 'datetime', '', '7', 'admin', '2022-03-04 18:21:35', '', null);
INSERT INTO `gen_table_column` VALUES ('61', '6', 'update_by', '更新者', 'varchar(64)', 'String', 'updateBy', '0', '0', null, '1', '1', null, null, 'EQ', 'input', '', '8', 'admin', '2022-03-04 18:21:35', '', null);
INSERT INTO `gen_table_column` VALUES ('62', '6', 'update_time', '更新时间', 'datetime', 'Date', 'updateTime', '0', '0', null, '1', '1', null, null, 'EQ', 'datetime', '', '9', 'admin', '2022-03-04 18:21:35', '', null);
INSERT INTO `gen_table_column` VALUES ('63', '6', 'remark', '备注', 'varchar(500)', 'String', 'remark', '0', '0', null, '1', '1', '1', null, 'EQ', 'textarea', '', '10', 'admin', '2022-03-04 18:21:35', '', null);
INSERT INTO `gen_table_column` VALUES ('64', '7', 'dept_id', '部门id', 'bigint(20)', 'Long', 'deptId', '1', '1', null, '1', null, null, null, 'EQ', 'input', '', '1', 'admin', '2022-03-09 21:51:00', '', null);
INSERT INTO `gen_table_column` VALUES ('65', '7', 'parent_id', '父部门id', 'bigint(20)', 'Long', 'parentId', '0', '0', null, '1', '1', '1', '1', 'EQ', 'input', '', '2', 'admin', '2022-03-09 21:51:00', '', null);
INSERT INTO `gen_table_column` VALUES ('66', '7', 'ancestors', '祖级列表', 'varchar(50)', 'String', 'ancestors', '0', '0', null, '1', '1', '1', '1', 'EQ', 'input', '', '3', 'admin', '2022-03-09 21:51:00', '', null);
INSERT INTO `gen_table_column` VALUES ('67', '7', 'dept_name', '部门名称', 'varchar(30)', 'String', 'deptName', '0', '0', null, '1', '1', '1', '1', 'LIKE', 'input', '', '4', 'admin', '2022-03-09 21:51:00', '', null);
INSERT INTO `gen_table_column` VALUES ('68', '7', 'order_num', '显示顺序', 'int(4)', 'Integer', 'orderNum', '0', '0', null, '1', '1', '1', '1', 'EQ', 'input', '', '5', 'admin', '2022-03-09 21:51:00', '', null);
INSERT INTO `gen_table_column` VALUES ('69', '7', 'leader', '负责人', 'varchar(20)', 'String', 'leader', '0', '0', null, '1', '1', '1', '1', 'EQ', 'input', '', '6', 'admin', '2022-03-09 21:51:00', '', null);
INSERT INTO `gen_table_column` VALUES ('70', '7', 'phone', '联系电话', 'varchar(11)', 'String', 'phone', '0', '0', null, '1', '1', '1', '1', 'EQ', 'input', '', '7', 'admin', '2022-03-09 21:51:00', '', null);
INSERT INTO `gen_table_column` VALUES ('71', '7', 'email', '邮箱', 'varchar(50)', 'String', 'email', '0', '0', null, '1', '1', '1', '1', 'EQ', 'input', '', '8', 'admin', '2022-03-09 21:51:00', '', null);
INSERT INTO `gen_table_column` VALUES ('72', '7', 'status', '部门状态（0正常 1停用）', 'char(1)', 'String', 'status', '0', '0', null, '1', '1', '1', '1', 'EQ', 'radio', '', '9', 'admin', '2022-03-09 21:51:00', '', null);
INSERT INTO `gen_table_column` VALUES ('73', '7', 'del_flag', '删除标志（0代表存在 2代表删除）', 'char(1)', 'String', 'delFlag', '0', '0', null, '1', null, null, null, 'EQ', 'input', '', '10', 'admin', '2022-03-09 21:51:00', '', null);
INSERT INTO `gen_table_column` VALUES ('74', '7', 'create_by', '创建者', 'varchar(64)', 'String', 'createBy', '0', '0', null, '1', null, null, null, 'EQ', 'input', '', '11', 'admin', '2022-03-09 21:51:00', '', null);
INSERT INTO `gen_table_column` VALUES ('75', '7', 'create_time', '创建时间', 'datetime', 'Date', 'createTime', '0', '0', null, '1', null, null, null, 'EQ', 'datetime', '', '12', 'admin', '2022-03-09 21:51:00', '', null);
INSERT INTO `gen_table_column` VALUES ('76', '7', 'update_by', '更新者', 'varchar(64)', 'String', 'updateBy', '0', '0', null, '1', '1', null, null, 'EQ', 'input', '', '13', 'admin', '2022-03-09 21:51:00', '', null);
INSERT INTO `gen_table_column` VALUES ('77', '7', 'update_time', '更新时间', 'datetime', 'Date', 'updateTime', '0', '0', null, '1', '1', null, null, 'EQ', 'datetime', '', '14', 'admin', '2022-03-09 21:51:00', '', null);
INSERT INTO `gen_table_column` VALUES ('78', '8', 'oper_id', '日志主键', 'bigint(20)', 'Long', 'operId', '1', '1', null, '1', null, null, null, 'EQ', 'input', '', '1', 'admin', '2022-03-14 08:11:12', '', null);
INSERT INTO `gen_table_column` VALUES ('79', '8', 'title', '模块标题', 'varchar(50)', 'String', 'title', '0', '0', null, '1', '1', '1', '1', 'EQ', 'input', '', '2', 'admin', '2022-03-14 08:11:12', '', null);
INSERT INTO `gen_table_column` VALUES ('80', '8', 'business_type', '业务类型（0其它 1新增 2修改 3删除）', 'int(2)', 'Integer', 'businessType', '0', '0', null, '1', '1', '1', '1', 'EQ', 'select', '', '3', 'admin', '2022-03-14 08:11:12', '', null);
INSERT INTO `gen_table_column` VALUES ('81', '8', 'method', '方法名称', 'varchar(100)', 'String', 'method', '0', '0', null, '1', '1', '1', '1', 'EQ', 'input', '', '4', 'admin', '2022-03-14 08:11:12', '', null);
INSERT INTO `gen_table_column` VALUES ('82', '8', 'request_method', '请求方式', 'varchar(10)', 'String', 'requestMethod', '0', '0', null, '1', '1', '1', '1', 'EQ', 'input', '', '5', 'admin', '2022-03-14 08:11:12', '', null);
INSERT INTO `gen_table_column` VALUES ('83', '8', 'operator_type', '操作类别（0其它 1后台用户 2手机端用户）', 'int(1)', 'Integer', 'operatorType', '0', '0', null, '1', '1', '1', '1', 'EQ', 'select', '', '6', 'admin', '2022-03-14 08:11:12', '', null);
INSERT INTO `gen_table_column` VALUES ('84', '8', 'oper_name', '操作人员', 'varchar(50)', 'String', 'operName', '0', '0', null, '1', '1', '1', '1', 'LIKE', 'input', '', '7', 'admin', '2022-03-14 08:11:12', '', null);
INSERT INTO `gen_table_column` VALUES ('85', '8', 'dept_name', '部门名称', 'varchar(50)', 'String', 'deptName', '0', '0', null, '1', '1', '1', '1', 'LIKE', 'input', '', '8', 'admin', '2022-03-14 08:11:12', '', null);
INSERT INTO `gen_table_column` VALUES ('86', '8', 'oper_url', '请求URL', 'varchar(255)', 'String', 'operUrl', '0', '0', null, '1', '1', '1', '1', 'EQ', 'input', '', '9', 'admin', '2022-03-14 08:11:12', '', null);
INSERT INTO `gen_table_column` VALUES ('87', '8', 'oper_ip', '主机地址', 'varchar(128)', 'String', 'operIp', '0', '0', null, '1', '1', '1', '1', 'EQ', 'input', '', '10', 'admin', '2022-03-14 08:11:12', '', null);
INSERT INTO `gen_table_column` VALUES ('88', '8', 'oper_location', '操作地点', 'varchar(255)', 'String', 'operLocation', '0', '0', null, '1', '1', '1', '1', 'EQ', 'input', '', '11', 'admin', '2022-03-14 08:11:12', '', null);
INSERT INTO `gen_table_column` VALUES ('89', '8', 'oper_param', '请求参数', 'varchar(2000)', 'String', 'operParam', '0', '0', null, '1', '1', '1', '1', 'EQ', 'textarea', '', '12', 'admin', '2022-03-14 08:11:12', '', null);
INSERT INTO `gen_table_column` VALUES ('90', '8', 'json_result', '返回参数', 'varchar(2000)', 'String', 'jsonResult', '0', '0', null, '1', '1', '1', '1', 'EQ', 'textarea', '', '13', 'admin', '2022-03-14 08:11:12', '', null);
INSERT INTO `gen_table_column` VALUES ('91', '8', 'status', '操作状态（0正常 1异常）', 'int(1)', 'Integer', 'status', '0', '0', null, '1', '1', '1', '1', 'EQ', 'radio', '', '14', 'admin', '2022-03-14 08:11:12', '', null);
INSERT INTO `gen_table_column` VALUES ('92', '8', 'error_msg', '错误消息', 'varchar(2000)', 'String', 'errorMsg', '0', '0', null, '1', '1', '1', '1', 'EQ', 'textarea', '', '15', 'admin', '2022-03-14 08:11:12', '', null);
INSERT INTO `gen_table_column` VALUES ('93', '8', 'oper_time', '操作时间', 'datetime', 'Date', 'operTime', '0', '0', null, '1', '1', '1', '1', 'EQ', 'datetime', '', '16', 'admin', '2022-03-14 08:11:12', '', null);
INSERT INTO `gen_table_column` VALUES ('94', '9', 'post_id', '岗位ID', 'bigint(20)', 'Long', 'postId', '1', '1', null, '1', null, null, null, null, 'input', null, '1', 'admin', '2022-03-14 14:07:09', null, '2022-03-14 14:07:36');
INSERT INTO `gen_table_column` VALUES ('95', '9', 'post_code', '岗位编码', 'varchar(64)', 'String', 'postCode', '0', '0', '1', '1', '1', '1', '1', null, 'input', '', '2', 'admin', '2022-03-14 14:07:09', null, '2022-03-14 14:07:36');
INSERT INTO `gen_table_column` VALUES ('96', '9', 'post_name', '岗位名称', 'varchar(50)', 'String', 'postName', '0', '0', '1', '1', '1', '1', '1', 'LIKE', 'input', '', '3', 'admin', '2022-03-14 14:07:09', null, '2022-03-14 14:07:36');
INSERT INTO `gen_table_column` VALUES ('97', '9', 'post_sort', '显示顺序', 'int(4)', 'Integer', 'postSort', '0', '0', '1', '1', '1', '1', '1', null, 'input', '', '4', 'admin', '2022-03-14 14:07:09', null, '2022-03-14 14:07:36');
INSERT INTO `gen_table_column` VALUES ('98', '9', 'status', '状态（0正常 1停用）', 'char(1)', 'String', 'status', '0', '0', '1', '1', '1', '1', '1', null, 'radio', '', '5', 'admin', '2022-03-14 14:07:09', null, '2022-03-14 14:07:36');
INSERT INTO `gen_table_column` VALUES ('99', '9', 'create_by', '创建者', 'varchar(64)', 'String', 'createBy', '0', '0', null, '1', null, null, null, null, 'input', null, '6', 'admin', '2022-03-14 14:07:09', null, '2022-03-14 14:07:36');
INSERT INTO `gen_table_column` VALUES ('100', '9', 'create_time', '创建时间', 'datetime', 'Date', 'createTime', '0', '0', null, '1', null, null, null, null, 'datetime', null, '7', 'admin', '2022-03-14 14:07:09', null, '2022-03-14 14:07:36');
INSERT INTO `gen_table_column` VALUES ('101', '9', 'update_by', '更新者', 'varchar(64)', 'String', 'updateBy', '0', '0', null, '1', '1', null, null, null, 'input', null, '8', 'admin', '2022-03-14 14:07:09', null, '2022-03-14 14:07:36');
INSERT INTO `gen_table_column` VALUES ('102', '9', 'update_time', '更新时间', 'datetime', 'Date', 'updateTime', '0', '0', null, '1', '1', null, null, null, 'datetime', null, '9', 'admin', '2022-03-14 14:07:09', null, '2022-03-14 14:07:36');
INSERT INTO `gen_table_column` VALUES ('103', '9', 'remark', '备注', 'varchar(500)', 'String', 'remark', '0', '0', null, '1', '1', '1', null, null, 'textarea', '', '10', 'admin', '2022-03-14 14:07:09', null, '2022-03-14 14:07:36');

-- ----------------------------
-- Table structure for qrtz_blob_triggers
-- ----------------------------
DROP TABLE IF EXISTS `qrtz_blob_triggers`;
CREATE TABLE `qrtz_blob_triggers` (
  `sched_name` varchar(120) NOT NULL COMMENT '调度名称',
  `trigger_name` varchar(200) NOT NULL COMMENT 'qrtz_triggers表trigger_name的外键',
  `trigger_group` varchar(200) NOT NULL COMMENT 'qrtz_triggers表trigger_group的外键',
  `blob_data` blob COMMENT '存放持久化Trigger对象'
) ENGINE=InnoDB DEFAULT CHARSET=utf8mb4 COMMENT='Blob类型的触发器表';

-- ----------------------------
-- Records of qrtz_blob_triggers
-- ----------------------------

-- ----------------------------
-- Table structure for qrtz_calendars
-- ----------------------------
DROP TABLE IF EXISTS `qrtz_calendars`;
CREATE TABLE `qrtz_calendars` (
  `sched_name` varchar(120) NOT NULL COMMENT '调度名称',
  `calendar_name` varchar(200) NOT NULL COMMENT '日历名称',
  `calendar` blob NOT NULL COMMENT '存放持久化calendar对象'
) ENGINE=InnoDB DEFAULT CHARSET=utf8mb4 COMMENT='日历信息表';

-- ----------------------------
-- Records of qrtz_calendars
-- ----------------------------

-- ----------------------------
-- Table structure for qrtz_cron_triggers
-- ----------------------------
DROP TABLE IF EXISTS `qrtz_cron_triggers`;
CREATE TABLE `qrtz_cron_triggers` (
  `sched_name` varchar(120) NOT NULL COMMENT '调度名称',
  `trigger_name` varchar(200) NOT NULL COMMENT 'qrtz_triggers表trigger_name的外键',
  `trigger_group` varchar(200) NOT NULL COMMENT 'qrtz_triggers表trigger_group的外键',
  `cron_expression` varchar(200) NOT NULL COMMENT 'cron表达式',
  `time_zone_id` varchar(80) DEFAULT NULL COMMENT '时区'
) ENGINE=InnoDB DEFAULT CHARSET=utf8mb4 COMMENT='Cron类型的触发器表';

-- ----------------------------
-- Records of qrtz_cron_triggers
-- ----------------------------
INSERT INTO `qrtz_cron_triggers` VALUES ('RuoyiScheduler', 'TASK_CLASS_NAME1', 'DEFAULT', '0/10 * * * * ?', 'Asia/Shanghai');
INSERT INTO `qrtz_cron_triggers` VALUES ('RuoyiScheduler', 'TASK_CLASS_NAME2', 'DEFAULT', '0/15 * * * * ?', 'Asia/Shanghai');
INSERT INTO `qrtz_cron_triggers` VALUES ('RuoyiScheduler', 'TASK_CLASS_NAME3', 'DEFAULT', '0/20 * * * * ?', 'Asia/Shanghai');

-- ----------------------------
-- Table structure for qrtz_fired_triggers
-- ----------------------------
DROP TABLE IF EXISTS `qrtz_fired_triggers`;
CREATE TABLE `qrtz_fired_triggers` (
  `sched_name` varchar(120) NOT NULL COMMENT '调度名称',
  `entry_id` varchar(95) NOT NULL COMMENT '调度器实例id',
  `trigger_name` varchar(200) NOT NULL COMMENT 'qrtz_triggers表trigger_name的外键',
  `trigger_group` varchar(200) NOT NULL COMMENT 'qrtz_triggers表trigger_group的外键',
  `instance_name` varchar(200) NOT NULL COMMENT '调度器实例名',
  `fired_time` bigint(13) NOT NULL COMMENT '触发的时间',
  `sched_time` bigint(13) NOT NULL COMMENT '定时器制定的时间',
  `priority` int(11) NOT NULL COMMENT '优先级',
  `state` varchar(16) NOT NULL COMMENT '状态',
  `job_name` varchar(200) DEFAULT NULL COMMENT '任务名称',
  `job_group` varchar(200) DEFAULT NULL COMMENT '任务组名',
  `is_nonconcurrent` varchar(1) DEFAULT NULL COMMENT '是否并发',
  `requests_recovery` varchar(1) DEFAULT NULL COMMENT '是否接受恢复执行'
) ENGINE=InnoDB DEFAULT CHARSET=utf8mb4 COMMENT='已触发的触发器表';

-- ----------------------------
-- Records of qrtz_fired_triggers
-- ----------------------------

-- ----------------------------
-- Table structure for qrtz_job_details
-- ----------------------------
DROP TABLE IF EXISTS `qrtz_job_details`;
CREATE TABLE `qrtz_job_details` (
  `sched_name` varchar(120) NOT NULL COMMENT '调度名称',
  `job_name` varchar(200) NOT NULL COMMENT '任务名称',
  `job_group` varchar(200) NOT NULL COMMENT '任务组名',
  `description` varchar(250) DEFAULT NULL COMMENT '相关介绍',
  `job_class_name` varchar(250) NOT NULL COMMENT '执行任务类名称',
  `is_durable` varchar(1) NOT NULL COMMENT '是否持久化',
  `is_nonconcurrent` varchar(1) NOT NULL COMMENT '是否并发',
  `is_update_data` varchar(1) NOT NULL COMMENT '是否更新数据',
  `requests_recovery` varchar(1) NOT NULL COMMENT '是否接受恢复执行',
  `job_data` blob COMMENT '存放持久化job对象'
) ENGINE=InnoDB DEFAULT CHARSET=utf8mb4 COMMENT='任务详细信息表';

-- ----------------------------
-- Records of qrtz_job_details
-- ----------------------------
INSERT INTO `qrtz_job_details` VALUES ('RuoyiScheduler', 'TASK_CLASS_NAME1', 'DEFAULT', null, 'cn.source.quartz.util.QuartzDisallowConcurrentExecution', '0', '1', '0', '0', 0xACED0005737200156F72672E71756172747A2E4A6F62446174614D61709FB083E8BFA9B0CB020000787200266F72672E71756172747A2E7574696C732E537472696E674B65794469727479466C61674D61708208E8C3FBC55D280200015A0013616C6C6F77735472616E7369656E74446174617872001D6F72672E71756172747A2E7574696C732E4469727479466C61674D617013E62EAD28760ACE0200025A000564697274794C00036D617074000F4C6A6176612F7574696C2F4D61703B787001737200116A6176612E7574696C2E486173684D61700507DAC1C31660D103000246000A6C6F6164466163746F724900097468726573686F6C6478703F4000000000000C7708000000100000000174000F5441534B5F50524F504552544945537372001E636E2E736F757263652E71756172747A2E646F6D61696E2E5379734A6F6200000000000000010200084C000A636F6E63757272656E747400124C6A6176612F6C616E672F537472696E673B4C000E63726F6E45787072657373696F6E71007E00094C000C696E766F6B6554617267657471007E00094C00086A6F6247726F757071007E00094C00056A6F6249647400104C6A6176612F6C616E672F4C6F6E673B4C00076A6F624E616D6571007E00094C000D6D697366697265506F6C69637971007E00094C000673746174757371007E000978720027636E2E736F757263652E636F6D6D6F6E2E636F72652E646F6D61696E2E42617365456E7469747900000000000000010200074C0008637265617465427971007E00094C000A63726561746554696D657400104C6A6176612F7574696C2F446174653B4C0006706172616D7371007E00034C000672656D61726B71007E00094C000B73656172636856616C756571007E00094C0008757064617465427971007E00094C000A75706461746554696D6571007E000C787074000561646D696E7372000E6A6176612E7574696C2E44617465686A81014B597419030000787077080000017DAD2E5AA078707400007070707400013174000E302F3130202A202A202A202A203F74001172795461736B2E72794E6F506172616D7374000744454641554C547372000E6A6176612E6C616E672E4C6F6E673B8BE490CC8F23DF0200014A000576616C7565787200106A6176612E6C616E672E4E756D62657286AC951D0B94E08B02000078700000000000000001740018E7B3BBE7BB9FE9BB98E8AEA4EFBC88E697A0E58F82EFBC8974000133740001317800);
INSERT INTO `qrtz_job_details` VALUES ('RuoyiScheduler', 'TASK_CLASS_NAME2', 'DEFAULT', null, 'cn.source.quartz.util.QuartzDisallowConcurrentExecution', '0', '1', '0', '0', 0xACED0005737200156F72672E71756172747A2E4A6F62446174614D61709FB083E8BFA9B0CB020000787200266F72672E71756172747A2E7574696C732E537472696E674B65794469727479466C61674D61708208E8C3FBC55D280200015A0013616C6C6F77735472616E7369656E74446174617872001D6F72672E71756172747A2E7574696C732E4469727479466C61674D617013E62EAD28760ACE0200025A000564697274794C00036D617074000F4C6A6176612F7574696C2F4D61703B787001737200116A6176612E7574696C2E486173684D61700507DAC1C31660D103000246000A6C6F6164466163746F724900097468726573686F6C6478703F4000000000000C7708000000100000000174000F5441534B5F50524F504552544945537372001E636E2E736F757263652E71756172747A2E646F6D61696E2E5379734A6F6200000000000000010200084C000A636F6E63757272656E747400124C6A6176612F6C616E672F537472696E673B4C000E63726F6E45787072657373696F6E71007E00094C000C696E766F6B6554617267657471007E00094C00086A6F6247726F757071007E00094C00056A6F6249647400104C6A6176612F6C616E672F4C6F6E673B4C00076A6F624E616D6571007E00094C000D6D697366697265506F6C69637971007E00094C000673746174757371007E000978720027636E2E736F757263652E636F6D6D6F6E2E636F72652E646F6D61696E2E42617365456E7469747900000000000000010200074C0008637265617465427971007E00094C000A63726561746554696D657400104C6A6176612F7574696C2F446174653B4C0006706172616D7371007E00034C000672656D61726B71007E00094C000B73656172636856616C756571007E00094C0008757064617465427971007E00094C000A75706461746554696D6571007E000C787074000561646D696E7372000E6A6176612E7574696C2E44617465686A81014B597419030000787077080000017DAD2E5AA078707400007070707400013174000E302F3135202A202A202A202A203F74001572795461736B2E7279506172616D7328277279272974000744454641554C547372000E6A6176612E6C616E672E4C6F6E673B8BE490CC8F23DF0200014A000576616C7565787200106A6176612E6C616E672E4E756D62657286AC951D0B94E08B02000078700000000000000002740018E7B3BBE7BB9FE9BB98E8AEA4EFBC88E69C89E58F82EFBC8974000133740001317800);
INSERT INTO `qrtz_job_details` VALUES ('RuoyiScheduler', 'TASK_CLASS_NAME3', 'DEFAULT', null, 'cn.source.quartz.util.QuartzDisallowConcurrentExecution', '0', '1', '0', '0', 0xACED0005737200156F72672E71756172747A2E4A6F62446174614D61709FB083E8BFA9B0CB020000787200266F72672E71756172747A2E7574696C732E537472696E674B65794469727479466C61674D61708208E8C3FBC55D280200015A0013616C6C6F77735472616E7369656E74446174617872001D6F72672E71756172747A2E7574696C732E4469727479466C61674D617013E62EAD28760ACE0200025A000564697274794C00036D617074000F4C6A6176612F7574696C2F4D61703B787001737200116A6176612E7574696C2E486173684D61700507DAC1C31660D103000246000A6C6F6164466163746F724900097468726573686F6C6478703F4000000000000C7708000000100000000174000F5441534B5F50524F504552544945537372001E636E2E736F757263652E71756172747A2E646F6D61696E2E5379734A6F6200000000000000010200084C000A636F6E63757272656E747400124C6A6176612F6C616E672F537472696E673B4C000E63726F6E45787072657373696F6E71007E00094C000C696E766F6B6554617267657471007E00094C00086A6F6247726F757071007E00094C00056A6F6249647400104C6A6176612F6C616E672F4C6F6E673B4C00076A6F624E616D6571007E00094C000D6D697366697265506F6C69637971007E00094C000673746174757371007E000978720027636E2E736F757263652E636F6D6D6F6E2E636F72652E646F6D61696E2E42617365456E7469747900000000000000010200074C0008637265617465427971007E00094C000A63726561746554696D657400104C6A6176612F7574696C2F446174653B4C0006706172616D7371007E00034C000672656D61726B71007E00094C000B73656172636856616C756571007E00094C0008757064617465427971007E00094C000A75706461746554696D6571007E000C787074000561646D696E7372000E6A6176612E7574696C2E44617465686A81014B597419030000787077080000017DAD2E5AA078707400007070707400013174000E302F3230202A202A202A202A203F74003872795461736B2E72794D756C7469706C65506172616D7328277279272C20747275652C20323030304C2C203331362E3530442C203130302974000744454641554C547372000E6A6176612E6C616E672E4C6F6E673B8BE490CC8F23DF0200014A000576616C7565787200106A6176612E6C616E672E4E756D62657286AC951D0B94E08B02000078700000000000000003740018E7B3BBE7BB9FE9BB98E8AEA4EFBC88E5A49AE58F82EFBC8974000133740001317800);

-- ----------------------------
-- Table structure for qrtz_locks
-- ----------------------------
DROP TABLE IF EXISTS `qrtz_locks`;
CREATE TABLE `qrtz_locks` (
  `sched_name` varchar(120) NOT NULL COMMENT '调度名称',
  `lock_name` varchar(40) NOT NULL COMMENT '悲观锁名称'
) ENGINE=InnoDB DEFAULT CHARSET=utf8mb4 COMMENT='存储的悲观锁信息表';

-- ----------------------------
-- Records of qrtz_locks
-- ----------------------------
INSERT INTO `qrtz_locks` VALUES ('RuoyiScheduler', 'TRIGGER_ACCESS');
INSERT INTO `qrtz_locks` VALUES ('RuoyiScheduler', 'STATE_ACCESS');

-- ----------------------------
-- Table structure for qrtz_paused_trigger_grps
-- ----------------------------
DROP TABLE IF EXISTS `qrtz_paused_trigger_grps`;
CREATE TABLE `qrtz_paused_trigger_grps` (
  `sched_name` varchar(120) NOT NULL COMMENT '调度名称',
  `trigger_group` varchar(200) NOT NULL COMMENT 'qrtz_triggers表trigger_group的外键'
) ENGINE=InnoDB DEFAULT CHARSET=utf8mb4 COMMENT='暂停的触发器表';

-- ----------------------------
-- Records of qrtz_paused_trigger_grps
-- ----------------------------

-- ----------------------------
-- Table structure for qrtz_scheduler_state
-- ----------------------------
DROP TABLE IF EXISTS `qrtz_scheduler_state`;
CREATE TABLE `qrtz_scheduler_state` (
  `sched_name` varchar(120) NOT NULL COMMENT '调度名称',
  `instance_name` varchar(200) NOT NULL COMMENT '实例名称',
  `last_checkin_time` bigint(13) NOT NULL COMMENT '上次检查时间',
  `checkin_interval` bigint(13) NOT NULL COMMENT '检查间隔时间'
) ENGINE=InnoDB DEFAULT CHARSET=utf8mb4 COMMENT='调度器状态表';

-- ----------------------------
-- Records of qrtz_scheduler_state
-- ----------------------------
INSERT INTO `qrtz_scheduler_state` VALUES ('RuoyiScheduler', 'iZj6c56yutlhy1rzxo64jeZ1647094651822', '1647257042371', '15000');

-- ----------------------------
-- Table structure for qrtz_simple_triggers
-- ----------------------------
DROP TABLE IF EXISTS `qrtz_simple_triggers`;
CREATE TABLE `qrtz_simple_triggers` (
  `sched_name` varchar(120) NOT NULL COMMENT '调度名称',
  `trigger_name` varchar(200) NOT NULL COMMENT 'qrtz_triggers表trigger_name的外键',
  `trigger_group` varchar(200) NOT NULL COMMENT 'qrtz_triggers表trigger_group的外键',
  `repeat_count` bigint(7) NOT NULL COMMENT '重复的次数统计',
  `repeat_interval` bigint(12) NOT NULL COMMENT '重复的间隔时间',
  `times_triggered` bigint(10) NOT NULL COMMENT '已经触发的次数'
) ENGINE=InnoDB DEFAULT CHARSET=utf8mb4 COMMENT='简单触发器的信息表';

-- ----------------------------
-- Records of qrtz_simple_triggers
-- ----------------------------

-- ----------------------------
-- Table structure for qrtz_simprop_triggers
-- ----------------------------
DROP TABLE IF EXISTS `qrtz_simprop_triggers`;
CREATE TABLE `qrtz_simprop_triggers` (
  `sched_name` varchar(120) NOT NULL COMMENT '调度名称',
  `trigger_name` varchar(200) NOT NULL COMMENT 'qrtz_triggers表trigger_name的外键',
  `trigger_group` varchar(200) NOT NULL COMMENT 'qrtz_triggers表trigger_group的外键',
  `str_prop_1` varchar(512) DEFAULT NULL COMMENT 'String类型的trigger的第一个参数',
  `str_prop_2` varchar(512) DEFAULT NULL COMMENT 'String类型的trigger的第二个参数',
  `str_prop_3` varchar(512) DEFAULT NULL COMMENT 'String类型的trigger的第三个参数',
  `int_prop_1` int(11) DEFAULT NULL COMMENT 'int类型的trigger的第一个参数',
  `int_prop_2` int(11) DEFAULT NULL COMMENT 'int类型的trigger的第二个参数',
  `long_prop_1` bigint(20) DEFAULT NULL COMMENT 'long类型的trigger的第一个参数',
  `long_prop_2` bigint(20) DEFAULT NULL COMMENT 'long类型的trigger的第二个参数',
  `dec_prop_1` decimal(13,4) DEFAULT NULL COMMENT 'decimal类型的trigger的第一个参数',
  `dec_prop_2` decimal(13,4) DEFAULT NULL COMMENT 'decimal类型的trigger的第二个参数',
  `bool_prop_1` varchar(1) DEFAULT NULL COMMENT 'Boolean类型的trigger的第一个参数',
  `bool_prop_2` varchar(1) DEFAULT NULL COMMENT 'Boolean类型的trigger的第二个参数'
) ENGINE=InnoDB DEFAULT CHARSET=utf8mb4 COMMENT='同步机制的行锁表';

-- ----------------------------
-- Records of qrtz_simprop_triggers
-- ----------------------------

-- ----------------------------
-- Table structure for qrtz_triggers
-- ----------------------------
DROP TABLE IF EXISTS `qrtz_triggers`;
CREATE TABLE `qrtz_triggers` (
  `sched_name` varchar(120) NOT NULL COMMENT '调度名称',
  `trigger_name` varchar(200) NOT NULL COMMENT '触发器的名字',
  `trigger_group` varchar(200) NOT NULL COMMENT '触发器所属组的名字',
  `job_name` varchar(200) NOT NULL COMMENT 'qrtz_job_details表job_name的外键',
  `job_group` varchar(200) NOT NULL COMMENT 'qrtz_job_details表job_group的外键',
  `description` varchar(250) DEFAULT NULL COMMENT '相关介绍',
  `next_fire_time` bigint(13) DEFAULT NULL COMMENT '上一次触发时间（毫秒）',
  `prev_fire_time` bigint(13) DEFAULT NULL COMMENT '下一次触发时间（默认为-1表示不触发）',
  `priority` int(11) DEFAULT NULL COMMENT '优先级',
  `trigger_state` varchar(16) NOT NULL COMMENT '触发器状态',
  `trigger_type` varchar(8) NOT NULL COMMENT '触发器的类型',
  `start_time` bigint(13) NOT NULL COMMENT '开始时间',
  `end_time` bigint(13) DEFAULT NULL COMMENT '结束时间',
  `calendar_name` varchar(200) DEFAULT NULL COMMENT '日程表名称',
  `misfire_instr` smallint(2) DEFAULT NULL COMMENT '补偿执行的策略',
  `job_data` blob COMMENT '存放持久化job对象'
) ENGINE=InnoDB DEFAULT CHARSET=utf8mb4 COMMENT='触发器详细信息表';

-- ----------------------------
-- Records of qrtz_triggers
-- ----------------------------
INSERT INTO `qrtz_triggers` VALUES ('RuoyiScheduler', 'TASK_CLASS_NAME1', 'DEFAULT', 'TASK_CLASS_NAME1', 'DEFAULT', null, '1647094660000', '-1', '5', 'PAUSED', 'CRON', '1647094651000', '0', null, '2', '');
INSERT INTO `qrtz_triggers` VALUES ('RuoyiScheduler', 'TASK_CLASS_NAME2', 'DEFAULT', 'TASK_CLASS_NAME2', 'DEFAULT', null, '1647094665000', '-1', '5', 'PAUSED', 'CRON', '1647094652000', '0', null, '2', '');
INSERT INTO `qrtz_triggers` VALUES ('RuoyiScheduler', 'TASK_CLASS_NAME3', 'DEFAULT', 'TASK_CLASS_NAME3', 'DEFAULT', null, '1647094660000', '-1', '5', 'PAUSED', 'CRON', '1647094652000', '0', null, '2', '');

-- ----------------------------
-- Table structure for sys_config
-- ----------------------------
DROP TABLE IF EXISTS `sys_config`;
CREATE TABLE `sys_config` (
  `config_id` int(5) NOT NULL AUTO_INCREMENT COMMENT '参数主键',
  `config_name` varchar(100) DEFAULT '' COMMENT '参数名称',
  `config_key` varchar(100) DEFAULT '' COMMENT '参数键名',
  `config_value` varchar(500) DEFAULT '' COMMENT '参数键值',
  `config_type` char(1) DEFAULT 'N' COMMENT '系统内置（Y是 N否）',
  `create_by` varchar(64) DEFAULT '' COMMENT '创建者',
  `create_time` datetime DEFAULT NULL COMMENT '创建时间',
  `update_by` varchar(64) DEFAULT '' COMMENT '更新者',
  `update_time` datetime DEFAULT NULL COMMENT '更新时间',
  `remark` varchar(500) DEFAULT NULL COMMENT '备注',
  PRIMARY KEY (`config_id`)
) ENGINE=InnoDB AUTO_INCREMENT=6 DEFAULT CHARSET=utf8mb4 COMMENT='参数配置表';

-- ----------------------------
-- Records of sys_config
-- ----------------------------
INSERT INTO `sys_config` VALUES ('1', '主框架页-默认皮肤样式名称', 'sys.index.skinName', 'skin-blue', 'Y', 'admin', '2021-12-12 13:47:15', 'admin', '2022-03-01 10:42:46', '蓝色 skin-blue、绿色 skin-green、紫色 skin-purple、红色 skin-red、黄色 skin-yellow');
INSERT INTO `sys_config` VALUES ('2', '用户管理-账号初始密码', 'sys.user.initPassword', '123456', 'Y', 'admin', '2021-12-12 13:47:16', '', null, '初始化密码 123456');
INSERT INTO `sys_config` VALUES ('3', '主框架页-侧边栏主题', 'sys.index.sideTheme', 'theme-dark', 'Y', 'admin', '2021-12-12 13:47:16', 'admin', '2022-02-15 16:55:53', '深色主题theme-dark，浅色主题theme-light');
INSERT INTO `sys_config` VALUES ('4', '账号自助-验证码开关', 'sys.account.captchaOnOff', 'true', 'Y', 'admin', '2021-12-12 13:47:16', '', null, '是否开启验证码功能（true开启，false关闭）');
INSERT INTO `sys_config` VALUES ('5', '账号自助-是否开启用户注册功能', 'sys.account.registerUser', 'false', 'Y', 'admin', '2021-12-12 13:47:16', 'admin', '2022-02-12 20:13:42', '是否开启注册用户功能（true开启，false关闭）');

-- ----------------------------
-- Table structure for sys_dept
-- ----------------------------
DROP TABLE IF EXISTS `sys_dept`;
CREATE TABLE `sys_dept` (
  `dept_id` bigint(20) NOT NULL AUTO_INCREMENT COMMENT '部门id',
  `parent_id` bigint(20) DEFAULT '0' COMMENT '父部门id',
  `ancestors` varchar(50) DEFAULT '' COMMENT '祖级列表',
  `dept_name` varchar(30) DEFAULT '' COMMENT '部门名称',
  `order_num` int(4) DEFAULT '0' COMMENT '显示顺序',
  `leader` varchar(20) DEFAULT NULL COMMENT '负责人',
  `phone` varchar(11) DEFAULT NULL COMMENT '联系电话',
  `email` varchar(50) DEFAULT NULL COMMENT '邮箱',
  `status` char(1) DEFAULT '0' COMMENT '部门状态（0正常 1停用）',
  `del_flag` char(1) DEFAULT '0' COMMENT '删除标志（0代表存在 2代表删除）',
  `create_by` varchar(64) DEFAULT '' COMMENT '创建者',
  `create_time` datetime DEFAULT NULL COMMENT '创建时间',
  `update_by` varchar(64) DEFAULT '' COMMENT '更新者',
  `update_time` datetime DEFAULT NULL COMMENT '更新时间',
  PRIMARY KEY (`dept_id`)
) ENGINE=InnoDB AUTO_INCREMENT=113 DEFAULT CHARSET=utf8mb4 COMMENT='部门表';

-- ----------------------------
-- Records of sys_dept
-- ----------------------------
INSERT INTO `sys_dept` VALUES ('100', '0', '0', '杭州源字节科技有限公司', '0', '詹Sir', '18720989281', '261648947@qq.com', '0', '0', 'admin', '2021-12-12 13:47:05', 'admin', '2022-02-23 15:23:24');
INSERT INTO `sys_dept` VALUES ('101', '100', '0,100', '杭州总公司', '1', '詹Sir', '18720989281', '261648947@qq.com', '0', '0', 'admin', '2021-12-12 13:47:05', 'admin', '2022-02-12 20:10:08');
INSERT INTO `sys_dept` VALUES ('102', '100', '0,100', '长沙分公司', '2', '若依', '15888888888', 'ry@qq.com', '0', '2', 'admin', '2021-12-12 13:47:05', '', null);
INSERT INTO `sys_dept` VALUES ('103', '101', '0,100,101', '研发部', '1', '若依', '15888888888', 'ry@qq.com', '0', '0', 'admin', '2021-12-12 13:47:05', 'admin', '2022-02-23 15:37:56');
INSERT INTO `sys_dept` VALUES ('104', '101', '0,100,101', '市场部门', '2', '若依', '15888888888', 'ry@qq.com', '0', '2', 'admin', '2021-12-12 13:47:05', '', null);
INSERT INTO `sys_dept` VALUES ('105', '101', '0,100,101', '测试部门', '3', '若依', '15888888888', 'ry@qq.com', '0', '2', 'admin', '2021-12-12 13:47:05', '', null);
INSERT INTO `sys_dept` VALUES ('106', '101', '0,100,101', '财务部门', '4', '若依', '15888888888', 'ry@qq.com', '0', '2', 'admin', '2021-12-12 13:47:05', '', null);
INSERT INTO `sys_dept` VALUES ('107', '101', '0,100,101', '运维部门', '5', '若依', '15888888888', 'ry@qq.com', '0', '2', 'admin', '2021-12-12 13:47:05', '', null);
INSERT INTO `sys_dept` VALUES ('108', '102', '0,100,102', '市场部门', '1', '若依', '15888888888', 'ry@qq.com', '0', '2', 'admin', '2021-12-12 13:47:05', '', null);
INSERT INTO `sys_dept` VALUES ('109', '102', '0,100,102', '财务部门', '2', '若依', '15888888888', 'ry@qq.com', '0', '2', 'admin', '2021-12-12 13:47:05', '', null);
INSERT INTO `sys_dept` VALUES ('110', '101', '0,100,101', '运营部', '2', null, null, null, '0', '0', 'admin', '2022-02-15 17:00:54', '', null);
INSERT INTO `sys_dept` VALUES ('111', '101', '0,100,101', '财务部', '2', null, null, null, '0', '0', 'admin', '2022-02-15 17:01:03', '', null);
INSERT INTO `sys_dept` VALUES ('112', '101', '0,100,101', '产品部', '4', '詹Sir', '18720989281', '261648947@qq.com', '0', '0', 'admin', '2022-02-23 15:24:35', 'admin', '2022-02-23 15:27:29');

-- ----------------------------
-- Table structure for sys_dict_data
-- ----------------------------
DROP TABLE IF EXISTS `sys_dict_data`;
CREATE TABLE `sys_dict_data` (
  `dict_code` bigint(20) NOT NULL AUTO_INCREMENT COMMENT '字典编码',
  `dict_sort` int(4) DEFAULT '0' COMMENT '字典排序',
  `dict_label` varchar(100) DEFAULT '' COMMENT '字典标签',
  `dict_value` varchar(100) DEFAULT '' COMMENT '字典键值',
  `dict_type` varchar(100) DEFAULT '' COMMENT '字典类型',
  `css_class` varchar(100) DEFAULT NULL COMMENT '样式属性（其他样式扩展）',
  `list_class` varchar(100) DEFAULT NULL COMMENT '表格回显样式',
  `is_default` char(1) DEFAULT 'N' COMMENT '是否默认（Y是 N否）',
  `status` char(1) DEFAULT '0' COMMENT '状态（0正常 1停用）',
  `create_by` varchar(64) DEFAULT '' COMMENT '创建者',
  `create_time` datetime DEFAULT NULL COMMENT '创建时间',
  `update_by` varchar(64) DEFAULT '' COMMENT '更新者',
  `update_time` datetime DEFAULT NULL COMMENT '更新时间',
  `remark` varchar(500) DEFAULT NULL COMMENT '备注',
  PRIMARY KEY (`dict_code`)
) ENGINE=InnoDB AUTO_INCREMENT=57 DEFAULT CHARSET=utf8mb4 COMMENT='字典数据表';

-- ----------------------------
-- Records of sys_dict_data
-- ----------------------------
INSERT INTO `sys_dict_data` VALUES ('1', '1', '男', '0', 'sys_user_sex', '', '', 'Y', '0', 'admin', '2021-12-12 13:47:14', '', null, '性别男');
INSERT INTO `sys_dict_data` VALUES ('2', '2', '女', '1', 'sys_user_sex', '', '', 'N', '0', 'admin', '2021-12-12 13:47:14', '', null, '性别女');
INSERT INTO `sys_dict_data` VALUES ('3', '3', '未知', '2', 'sys_user_sex', '', '', 'N', '0', 'admin', '2021-12-12 13:47:14', '', null, '性别未知');
INSERT INTO `sys_dict_data` VALUES ('4', '1', '显示', '0', 'sys_show_hide', '', 'primary', 'Y', '0', 'admin', '2021-12-12 13:47:15', '', null, '显示菜单');
INSERT INTO `sys_dict_data` VALUES ('5', '2', '隐藏', '1', 'sys_show_hide', '', 'danger', 'N', '0', 'admin', '2021-12-12 13:47:15', '', null, '隐藏菜单');
INSERT INTO `sys_dict_data` VALUES ('6', '1', '正常', '0', 'sys_normal_disable', '', 'primary', 'Y', '0', 'admin', '2021-12-12 13:47:15', '', null, '正常状态');
INSERT INTO `sys_dict_data` VALUES ('7', '2', '停用', '1', 'sys_normal_disable', '', 'danger', 'N', '0', 'admin', '2021-12-12 13:47:15', '', null, '停用状态');
INSERT INTO `sys_dict_data` VALUES ('8', '1', '正常', '0', 'sys_job_status', '', 'primary', 'Y', '0', 'admin', '2021-12-12 13:47:15', '', null, '正常状态');
INSERT INTO `sys_dict_data` VALUES ('9', '2', '暂停', '1', 'sys_job_status', '', 'danger', 'N', '0', 'admin', '2021-12-12 13:47:15', '', null, '停用状态');
INSERT INTO `sys_dict_data` VALUES ('10', '1', '默认', 'DEFAULT', 'sys_job_group', '', '', 'Y', '0', 'admin', '2021-12-12 13:47:15', '', null, '默认分组');
INSERT INTO `sys_dict_data` VALUES ('11', '2', '系统', 'SYSTEM', 'sys_job_group', '', '', 'N', '0', 'admin', '2021-12-12 13:47:15', '', null, '系统分组');
INSERT INTO `sys_dict_data` VALUES ('12', '1', '是', 'Y', 'sys_yes_no', '', 'primary', 'Y', '0', 'admin', '2021-12-12 13:47:15', '', null, '系统默认是');
INSERT INTO `sys_dict_data` VALUES ('13', '2', '否', 'N', 'sys_yes_no', '', 'danger', 'N', '0', 'admin', '2021-12-12 13:47:15', '', null, '系统默认否');
INSERT INTO `sys_dict_data` VALUES ('14', '1', '通知', '1', 'sys_notice_type', '', 'warning', 'Y', '0', 'admin', '2021-12-12 13:47:15', '', null, '通知');
INSERT INTO `sys_dict_data` VALUES ('15', '2', '公告', '2', 'sys_notice_type', '', 'success', 'N', '0', 'admin', '2021-12-12 13:47:15', '', null, '公告');
INSERT INTO `sys_dict_data` VALUES ('16', '1', '正常', '0', 'sys_notice_status', '', 'primary', 'Y', '0', 'admin', '2021-12-12 13:47:15', '', null, '正常状态');
INSERT INTO `sys_dict_data` VALUES ('17', '2', '关闭', '1', 'sys_notice_status', '', 'danger', 'N', '0', 'admin', '2021-12-12 13:47:15', '', null, '关闭状态');
INSERT INTO `sys_dict_data` VALUES ('18', '1', '新增', '1', 'sys_oper_type', '', 'info', 'N', '0', 'admin', '2021-12-12 13:47:15', '', null, '新增操作');
INSERT INTO `sys_dict_data` VALUES ('19', '2', '修改', '2', 'sys_oper_type', '', 'info', 'N', '0', 'admin', '2021-12-12 13:47:15', '', null, '修改操作');
INSERT INTO `sys_dict_data` VALUES ('20', '3', '删除', '3', 'sys_oper_type', '', 'danger', 'N', '0', 'admin', '2021-12-12 13:47:15', '', null, '删除操作');
INSERT INTO `sys_dict_data` VALUES ('21', '4', '授权', '4', 'sys_oper_type', '', 'primary', 'N', '0', 'admin', '2021-12-12 13:47:15', '', null, '授权操作');
INSERT INTO `sys_dict_data` VALUES ('22', '5', '导出', '5', 'sys_oper_type', '', 'warning', 'N', '0', 'admin', '2021-12-12 13:47:15', '', null, '导出操作');
INSERT INTO `sys_dict_data` VALUES ('23', '6', '导入', '6', 'sys_oper_type', '', 'warning', 'N', '0', 'admin', '2021-12-12 13:47:15', '', null, '导入操作');
INSERT INTO `sys_dict_data` VALUES ('24', '7', '强退', '7', 'sys_oper_type', '', 'danger', 'N', '0', 'admin', '2021-12-12 13:47:15', '', null, '强退操作');
INSERT INTO `sys_dict_data` VALUES ('25', '8', '生成代码', '8', 'sys_oper_type', '', 'warning', 'N', '0', 'admin', '2021-12-12 13:47:15', '', null, '生成操作');
INSERT INTO `sys_dict_data` VALUES ('26', '9', '清空数据', '9', 'sys_oper_type', '', 'danger', 'N', '0', 'admin', '2021-12-12 13:47:15', '', null, '清空操作');
INSERT INTO `sys_dict_data` VALUES ('27', '1', '成功', '0', 'sys_common_status', '', 'primary', 'N', '0', 'admin', '2021-12-12 13:47:15', '', null, '正常状态');
INSERT INTO `sys_dict_data` VALUES ('28', '2', '失败', '1', 'sys_common_status', '', 'danger', 'N', '0', 'admin', '2021-12-12 13:47:15', '', null, '停用状态');
INSERT INTO `sys_dict_data` VALUES ('29', '1', '开源项目', '开源项目', 'sys_article_type', null, 'default', 'N', '0', 'admin', '2022-02-15 17:28:57', 'admin', '2022-03-01 10:37:36', null);
INSERT INTO `sys_dict_data` VALUES ('30', '11', '程序人生', '程序人生', 'sys_article_type', null, 'default', 'N', '0', 'admin', '2022-02-15 17:29:08', 'admin', '2022-03-01 10:37:05', null);
INSERT INTO `sys_dict_data` VALUES ('36', '0', '开源字节', '开源字节', 'sys_article_source', null, 'default', 'N', '0', 'admin', '2022-02-15 17:33:45', 'admin', '2022-02-28 17:04:32', null);
INSERT INTO `sys_dict_data` VALUES ('38', '1', '免责声明', '免责声明', 'sys_service_type', null, 'default', 'N', '0', 'admin', '2022-02-15 17:35:37', 'admin', '2022-03-08 09:45:00', null);
INSERT INTO `sys_dict_data` VALUES ('39', '3', '代理合作', '代理合作', 'sys_service_type', null, 'default', 'N', '0', 'admin', '2022-02-15 17:35:51', 'admin', '2022-03-08 09:45:06', null);
INSERT INTO `sys_dict_data` VALUES ('40', '2', '隐私协议', '隐私协议', 'sys_service_type', null, 'default', 'N', '0', 'admin', '2022-02-23 16:00:14', 'admin', '2022-03-08 09:45:02', null);
INSERT INTO `sys_dict_data` VALUES ('42', '12', '技术博客', '技术博客', 'sys_article_type', null, 'default', 'N', '0', 'admin', '2022-02-24 09:44:28', 'admin', '2022-03-01 10:37:09', null);
INSERT INTO `sys_dict_data` VALUES ('45', '2', '小程序开发', '小程序开发', 'sys_article_type', null, 'default', 'N', '0', 'admin', '2022-02-28 17:08:12', 'admin', '2022-03-01 13:56:59', null);
INSERT INTO `sys_dict_data` VALUES ('46', '3', 'App开发', 'App开发', 'sys_article_type', null, 'default', 'N', '0', 'admin', '2022-02-28 17:08:31', 'admin', '2022-03-01 13:57:04', null);
INSERT INTO `sys_dict_data` VALUES ('47', '4', '网站开发', '网站开发', 'sys_article_type', null, 'default', 'N', '0', 'admin', '2022-02-28 17:08:41', 'admin', '2022-03-01 13:57:09', null);
INSERT INTO `sys_dict_data` VALUES ('48', '1', '方案', '方案', 'sys_feedback_type', null, 'default', 'N', '0', 'admin', '2022-02-28 17:09:35', '', null, null);
INSERT INTO `sys_dict_data` VALUES ('50', '3', '需求', '需求', 'sys_feedback_type', null, 'default', 'N', '0', 'admin', '2022-02-28 17:10:08', '', null, null);
INSERT INTO `sys_dict_data` VALUES ('51', '4', '缺陷', '缺陷', 'sys_feedback_type', null, 'default', 'N', '0', 'admin', '2022-02-28 17:10:21', '', null, null);
INSERT INTO `sys_dict_data` VALUES ('52', '10', '职场攻略', '职场攻略', 'sys_article_type', null, 'default', 'N', '0', 'admin', '2022-03-01 10:36:17', 'admin', '2022-03-03 16:13:51', null);
INSERT INTO `sys_dict_data` VALUES ('53', '5', 'SEO优化', 'SEO优化', 'sys_article_type', '', 'default', 'N', '0', 'admin', '2022-03-03 16:14:28', 'admin', '2022-03-03 16:14:38', null);
INSERT INTO `sys_dict_data` VALUES ('54', '6', '解决方案', '解决方案', 'sys_article_type', null, 'default', 'N', '0', 'admin', '2022-03-03 16:15:44', '', null, null);
INSERT INTO `sys_dict_data` VALUES ('55', '4', '友链申请', '友链申请', 'sys_service_type', null, 'default', 'N', '0', 'admin', '2022-03-07 09:57:06', 'admin', '2022-03-08 09:44:56', null);
INSERT INTO `sys_dict_data` VALUES ('56', '2', '反馈', '反馈', 'sys_feedback_type', null, 'default', 'N', '0', 'admin', '2022-03-12 22:22:42', 'admin', '2022-03-12 22:22:50', null);

-- ----------------------------
-- Table structure for sys_dict_type
-- ----------------------------
DROP TABLE IF EXISTS `sys_dict_type`;
CREATE TABLE `sys_dict_type` (
  `dict_id` bigint(20) NOT NULL AUTO_INCREMENT COMMENT '字典主键',
  `dict_name` varchar(100) DEFAULT '' COMMENT '字典名称',
  `dict_type` varchar(100) DEFAULT '' COMMENT '字典类型',
  `status` char(1) DEFAULT '0' COMMENT '状态（0正常 1停用）',
  `create_by` varchar(64) DEFAULT '' COMMENT '创建者',
  `create_time` datetime DEFAULT NULL COMMENT '创建时间',
  `update_by` varchar(64) DEFAULT '' COMMENT '更新者',
  `update_time` datetime DEFAULT NULL COMMENT '更新时间',
  `remark` varchar(500) DEFAULT NULL COMMENT '备注',
  PRIMARY KEY (`dict_id`),
  UNIQUE KEY `dict_type` (`dict_type`)
) ENGINE=InnoDB AUTO_INCREMENT=15 DEFAULT CHARSET=utf8mb4 COMMENT='字典类型表';

-- ----------------------------
-- Records of sys_dict_type
-- ----------------------------
INSERT INTO `sys_dict_type` VALUES ('1', '用户性别', 'sys_user_sex', '0', 'admin', '2021-12-12 13:47:14', '', null, '用户性别列表');
INSERT INTO `sys_dict_type` VALUES ('2', '菜单状态', 'sys_show_hide', '0', 'admin', '2021-12-12 13:47:14', '', null, '菜单状态列表');
INSERT INTO `sys_dict_type` VALUES ('3', '系统开关', 'sys_normal_disable', '0', 'admin', '2021-12-12 13:47:14', '', null, '系统开关列表');
INSERT INTO `sys_dict_type` VALUES ('4', '任务状态', 'sys_job_status', '0', 'admin', '2021-12-12 13:47:14', '', null, '任务状态列表');
INSERT INTO `sys_dict_type` VALUES ('5', '任务分组', 'sys_job_group', '0', 'admin', '2021-12-12 13:47:14', '', null, '任务分组列表');
INSERT INTO `sys_dict_type` VALUES ('6', '系统是否', 'sys_yes_no', '0', 'admin', '2021-12-12 13:47:14', '', null, '系统是否列表');
INSERT INTO `sys_dict_type` VALUES ('7', '通知类型', 'sys_notice_type', '0', 'admin', '2021-12-12 13:47:14', '', null, '通知类型列表');
INSERT INTO `sys_dict_type` VALUES ('8', '通知状态', 'sys_notice_status', '0', 'admin', '2021-12-12 13:47:14', '', null, '通知状态列表');
INSERT INTO `sys_dict_type` VALUES ('9', '操作类型', 'sys_oper_type', '0', 'admin', '2021-12-12 13:47:14', '', null, '操作类型列表');
INSERT INTO `sys_dict_type` VALUES ('10', '系统状态', 'sys_common_status', '0', 'admin', '2021-12-12 13:47:14', '', null, '登录状态列表');
INSERT INTO `sys_dict_type` VALUES ('11', '文章来源', 'sys_article_source', '0', 'admin', '2022-02-15 17:26:13', '', null, null);
INSERT INTO `sys_dict_type` VALUES ('12', '文章类型', 'sys_article_type', '0', 'admin', '2022-02-15 17:26:28', '', null, null);
INSERT INTO `sys_dict_type` VALUES ('13', '服务条目', 'sys_service_type', '0', 'admin', '2022-02-15 17:27:22', '', null, null);
INSERT INTO `sys_dict_type` VALUES ('14', '反馈类型', 'sys_feedback_type', '0', 'admin', '2022-02-28 17:09:24', '', null, null);

-- ----------------------------
-- Table structure for sys_job
-- ----------------------------
DROP TABLE IF EXISTS `sys_job`;
CREATE TABLE `sys_job` (
  `job_id` bigint(20) NOT NULL AUTO_INCREMENT COMMENT '任务ID',
  `job_name` varchar(64) NOT NULL DEFAULT '' COMMENT '任务名称',
  `job_group` varchar(64) NOT NULL DEFAULT 'DEFAULT' COMMENT '任务组名',
  `invoke_target` varchar(500) NOT NULL COMMENT '调用目标字符串',
  `cron_expression` varchar(255) DEFAULT '' COMMENT 'cron执行表达式',
  `misfire_policy` varchar(20) DEFAULT '3' COMMENT '计划执行错误策略（1立即执行 2执行一次 3放弃执行）',
  `concurrent` char(1) DEFAULT '1' COMMENT '是否并发执行（0允许 1禁止）',
  `status` char(1) DEFAULT '0' COMMENT '状态（0正常 1暂停）',
  `create_by` varchar(64) DEFAULT '' COMMENT '创建者',
  `create_time` datetime DEFAULT NULL COMMENT '创建时间',
  `update_by` varchar(64) DEFAULT '' COMMENT '更新者',
  `update_time` datetime DEFAULT NULL COMMENT '更新时间',
  `remark` varchar(500) DEFAULT '' COMMENT '备注信息',
  PRIMARY KEY (`job_id`,`job_name`,`job_group`)
) ENGINE=InnoDB AUTO_INCREMENT=4 DEFAULT CHARSET=utf8mb4 COMMENT='定时任务调度表';

-- ----------------------------
-- Records of sys_job
-- ----------------------------
INSERT INTO `sys_job` VALUES ('1', '系统默认（无参）', 'DEFAULT', 'ryTask.ryNoParams', '0/10 * * * * ?', '3', '1', '1', 'admin', '2021-12-12 13:47:16', '', null, '');
INSERT INTO `sys_job` VALUES ('2', '系统默认（有参）', 'DEFAULT', 'ryTask.ryParams(\'ry\')', '0/15 * * * * ?', '3', '1', '1', 'admin', '2021-12-12 13:47:16', '', null, '');
INSERT INTO `sys_job` VALUES ('3', '系统默认（多参）', 'DEFAULT', 'ryTask.ryMultipleParams(\'ry\', true, 2000L, 316.50D, 100)', '0/20 * * * * ?', '3', '1', '1', 'admin', '2021-12-12 13:47:16', '', null, '');

-- ----------------------------
-- Table structure for sys_job_log
-- ----------------------------
DROP TABLE IF EXISTS `sys_job_log`;
CREATE TABLE `sys_job_log` (
  `job_log_id` bigint(20) NOT NULL AUTO_INCREMENT COMMENT '任务日志ID',
  `job_name` varchar(64) NOT NULL COMMENT '任务名称',
  `job_group` varchar(64) NOT NULL COMMENT '任务组名',
  `invoke_target` varchar(500) NOT NULL COMMENT '调用目标字符串',
  `job_message` varchar(500) DEFAULT NULL COMMENT '日志信息',
  `status` char(1) DEFAULT '0' COMMENT '执行状态（0正常 1失败）',
  `exception_info` varchar(2000) DEFAULT '' COMMENT '异常信息',
  `create_time` datetime DEFAULT NULL COMMENT '创建时间',
  PRIMARY KEY (`job_log_id`)
) ENGINE=InnoDB DEFAULT CHARSET=utf8mb4 COMMENT='定时任务调度日志表';

-- ----------------------------
-- Records of sys_job_log
-- ----------------------------

-- ----------------------------
-- Table structure for sys_logininfor
-- ----------------------------
DROP TABLE IF EXISTS `sys_logininfor`;
CREATE TABLE `sys_logininfor` (
  `info_id` bigint(20) NOT NULL AUTO_INCREMENT COMMENT '访问ID',
  `user_name` varchar(50) DEFAULT '' COMMENT '用户账号',
  `ipaddr` varchar(128) DEFAULT '' COMMENT '登录IP地址',
  `login_location` varchar(255) DEFAULT '' COMMENT '登录地点',
  `browser` varchar(50) DEFAULT '' COMMENT '浏览器类型',
  `os` varchar(50) DEFAULT '' COMMENT '操作系统',
  `status` char(1) DEFAULT '0' COMMENT '登录状态（0成功 1失败）',
  `msg` varchar(255) DEFAULT '' COMMENT '提示消息',
  `login_time` datetime DEFAULT NULL COMMENT '访问时间',
  PRIMARY KEY (`info_id`)
) ENGINE=InnoDB AUTO_INCREMENT=102 DEFAULT CHARSET=utf8mb4 COMMENT='系统访问记录';

-- ----------------------------
-- Records of sys_logininfor
-- ----------------------------
INSERT INTO `sys_logininfor` VALUES ('1', 'admin', '115.194.177.68', '浙江省 杭州市', 'Firefox 9', 'Windows 7', '0', '登录成功', '2022-03-11 14:26:18');
INSERT INTO `sys_logininfor` VALUES ('2', 'admin', '171.113.65.70', '湖北省 武汉市', 'Chrome 9', 'Windows 10', '0', '登录成功', '2022-03-11 14:34:39');
INSERT INTO `sys_logininfor` VALUES ('3', 'admin', '115.194.177.68', '浙江省 杭州市', 'Firefox 9', 'Windows 7', '0', '登录成功', '2022-03-11 14:41:04');
INSERT INTO `sys_logininfor` VALUES ('4', 'admin', '113.119.109.10', '广东省 广州市', 'Chrome 9', 'Windows 10', '0', '登录成功', '2022-03-11 14:52:54');
INSERT INTO `sys_logininfor` VALUES ('5', 'admin', '101.236.65.145', '北京市 北京市', 'Chrome 8', 'Mac OS X', '0', '登录成功', '2022-03-11 15:17:17');
INSERT INTO `sys_logininfor` VALUES ('6', 'admin', '223.144.226.207', '湖南省 岳阳市', 'Chrome 9', 'Mac OS X', '0', '登录成功', '2022-03-11 15:44:08');
INSERT INTO `sys_logininfor` VALUES ('7', 'admin', '113.67.156.166', '广东省 广州市', 'Chrome 9', 'Mac OS X', '0', '登录成功', '2022-03-11 16:03:57');
INSERT INTO `sys_logininfor` VALUES ('8', 'admin', '115.194.177.68', '浙江省 杭州市', 'Firefox 9', 'Windows 7', '0', '登录成功', '2022-03-11 17:13:27');
INSERT INTO `sys_logininfor` VALUES ('9', 'admin', '122.224.161.254', '浙江省 杭州市', 'Chrome 9', 'Windows 10', '0', '登录成功', '2022-03-11 17:28:13');
INSERT INTO `sys_logininfor` VALUES ('10', 'admin', '115.194.177.68', '浙江省 杭州市', 'Firefox 9', 'Windows 7', '0', '登录成功', '2022-03-11 17:35:21');
INSERT INTO `sys_logininfor` VALUES ('11', 'admin', '110.191.221.73', '四川省 成都市', 'Firefox 9', 'Windows 10', '0', '登录成功', '2022-03-11 17:44:59');
INSERT INTO `sys_logininfor` VALUES ('12', 'admin', '116.233.91.48', '上海市 上海市', 'Chrome 9', 'Windows 10', '0', '登录成功', '2022-03-11 18:09:42');
INSERT INTO `sys_logininfor` VALUES ('13', 'admin', '117.147.119.38', '浙江省 温州市', 'Firefox 9', 'Windows 10', '0', '登录成功', '2022-03-11 20:59:13');
INSERT INTO `sys_logininfor` VALUES ('14', 'admin', '115.192.85.251', '浙江省 杭州市', 'Chrome 9', 'Windows 10', '0', '登录成功', '2022-03-11 22:05:23');
INSERT INTO `sys_logininfor` VALUES ('15', 'admin', '117.147.119.38', '浙江省 温州市', 'Firefox 9', 'Windows 10', '0', '登录成功', '2022-03-11 22:06:13');
INSERT INTO `sys_logininfor` VALUES ('16', 'admin', '116.22.163.81', '广东省 广州市', 'Chrome 9', 'Windows 10', '0', '登录成功', '2022-03-11 23:14:05');
INSERT INTO `sys_logininfor` VALUES ('17', 'admin', '14.126.221.129', '广东省 江门市', 'Chrome 9', 'Windows 10', '0', '登录成功', '2022-03-12 00:16:50');
INSERT INTO `sys_logininfor` VALUES ('18', 'admin', '117.147.119.38', '浙江省 温州市', 'Firefox 9', 'Windows 10', '0', '登录成功', '2022-03-12 09:53:29');
INSERT INTO `sys_logininfor` VALUES ('19', 'admin', '117.147.119.38', '浙江省 温州市', 'Firefox 9', 'Windows 10', '0', '登录成功', '2022-03-12 09:58:15');
INSERT INTO `sys_logininfor` VALUES ('20', 'admin', '113.116.30.180', '广东省 深圳市', 'Chrome 8', 'Windows 10', '1', '验证码错误', '2022-03-12 11:32:14');
INSERT INTO `sys_logininfor` VALUES ('21', 'admin', '113.116.30.180', '广东省 深圳市', 'Chrome 8', 'Windows 10', '0', '登录成功', '2022-03-12 11:32:19');
INSERT INTO `sys_logininfor` VALUES ('22', 'admin', '117.147.119.38', '浙江省 温州市', 'Firefox 9', 'Windows 10', '0', '登录成功', '2022-03-12 11:38:54');
INSERT INTO `sys_logininfor` VALUES ('23', 'admin', '117.147.119.38', '浙江省 温州市', 'Firefox 9', 'Windows 10', '0', '登录成功', '2022-03-12 13:12:09');
INSERT INTO `sys_logininfor` VALUES ('24', 'admin', '27.151.72.34', '福建省 福州市', 'Chrome 9', 'Windows 10', '0', '登录成功', '2022-03-12 14:48:11');
INSERT INTO `sys_logininfor` VALUES ('25', 'admin', '111.200.255.49', '北京市 北京市', 'Chrome 9', 'Windows 10', '0', '登录成功', '2022-03-12 16:47:34');
INSERT INTO `sys_logininfor` VALUES ('26', 'admin', '116.30.108.88', '广东省 深圳市', 'Chrome 9', 'Windows 10', '0', '登录成功', '2022-03-12 17:04:29');
INSERT INTO `sys_logininfor` VALUES ('27', 'admin', '112.233.240.20', '山东省 临沂市', 'Chrome 8', 'Windows 7', '0', '登录成功', '2022-03-12 17:24:48');
INSERT INTO `sys_logininfor` VALUES ('28', 'admin', '125.77.51.27', '福建省 福州市', 'Chrome 9', 'Windows 10', '0', '登录成功', '2022-03-12 18:10:26');
INSERT INTO `sys_logininfor` VALUES ('29', 'admin', '47.57.136.111', '香港 ', 'Chrome 9', 'Windows 10', '0', '登录成功', '2022-03-12 18:15:21');
INSERT INTO `sys_logininfor` VALUES ('30', 'admin', '117.147.119.38', '浙江省 温州市', 'Firefox 9', 'Windows 10', '0', '登录成功', '2022-03-12 19:59:28');
INSERT INTO `sys_logininfor` VALUES ('31', 'admin', '114.92.195.145', '上海市 上海市', 'Chrome 9', 'Windows 10', '0', '登录成功', '2022-03-12 20:08:13');
INSERT INTO `sys_logininfor` VALUES ('32', 'admin', '117.147.119.38', '浙江省 温州市', 'Firefox 9', 'Windows 10', '0', '登录成功', '2022-03-12 20:37:42');
INSERT INTO `sys_logininfor` VALUES ('33', 'admin', '114.82.50.224', '上海市 上海市', 'Chrome 9', 'Windows 10', '0', '登录成功', '2022-03-12 21:12:19');
INSERT INTO `sys_logininfor` VALUES ('34', 'admin', '223.79.244.68', '山东省 潍坊市', 'Chrome 9', 'Windows 7', '0', '登录成功', '2022-03-12 21:35:40');
INSERT INTO `sys_logininfor` VALUES ('35', 'admin', '117.147.119.38', '浙江省 温州市', 'Chrome 9', 'Windows 10', '0', '登录成功', '2022-03-12 21:49:43');
INSERT INTO `sys_logininfor` VALUES ('36', 'admin', '124.224.58.93', '宁夏 银川市', 'Chrome 9', 'Windows 10', '0', '登录成功', '2022-03-12 21:55:36');
INSERT INTO `sys_logininfor` VALUES ('37', 'admin', '117.147.119.38', '浙江省 温州市', 'Firefox 9', 'Windows 10', '0', '登录成功', '2022-03-12 22:17:53');
INSERT INTO `sys_logininfor` VALUES ('38', 'admin', '119.141.26.189', '广东省 东莞市', 'Chrome 8', 'Windows 10', '0', '登录成功', '2022-03-12 22:17:58');
INSERT INTO `sys_logininfor` VALUES ('39', 'admin', '117.147.119.38', '浙江省 温州市', 'Firefox 9', 'Windows 10', '0', '登录成功', '2022-03-12 22:59:28');
INSERT INTO `sys_logininfor` VALUES ('40', 'admin', '120.231.136.116', '广东省 ', 'Chrome 9', 'Windows 10', '0', '登录成功', '2022-03-12 23:10:13');
INSERT INTO `sys_logininfor` VALUES ('41', 'admin', '117.147.119.38', '浙江省 温州市', 'Firefox 9', 'Windows 10', '0', '登录成功', '2022-03-12 23:40:08');
INSERT INTO `sys_logininfor` VALUES ('42', 'admin', '125.33.204.20', '北京市 北京市', 'Safari', 'Mac OS X', '0', '登录成功', '2022-03-13 01:30:53');
INSERT INTO `sys_logininfor` VALUES ('43', 'admin', '123.169.47.51', '山东省 烟台市', 'Chrome 9', 'Windows 10', '0', '登录成功', '2022-03-13 03:09:23');
INSERT INTO `sys_logininfor` VALUES ('44', 'admin', '112.22.91.153', '江苏省 无锡市', 'Chrome Mobile', 'Android 1.x', '0', '登录成功', '2022-03-13 07:20:16');
INSERT INTO `sys_logininfor` VALUES ('45', 'admin', '112.10.178.51', '浙江省 杭州市', 'Chrome Mobile', 'Android 1.x', '0', '登录成功', '2022-03-13 07:42:05');
INSERT INTO `sys_logininfor` VALUES ('46', 'admin', '106.33.180.178', '河南省 郑州市', 'Chrome 8', 'Windows 10', '0', '登录成功', '2022-03-13 10:02:51');
INSERT INTO `sys_logininfor` VALUES ('47', 'admin', '117.147.119.38', '浙江省 温州市', 'Firefox 9', 'Windows 10', '0', '登录成功', '2022-03-13 10:36:03');
INSERT INTO `sys_logininfor` VALUES ('48', 'admin', '117.147.119.38', '浙江省 温州市', 'Chrome 9', 'Windows 10', '0', '登录成功', '2022-03-13 11:28:03');
INSERT INTO `sys_logininfor` VALUES ('49', 'admin', '117.147.119.38', '浙江省 温州市', 'Firefox 9', 'Windows 10', '0', '登录成功', '2022-03-13 12:20:50');
INSERT INTO `sys_logininfor` VALUES ('50', 'admin', '120.230.90.110', '广东省 广州市', 'Chrome 9', 'Windows 7', '0', '登录成功', '2022-03-13 12:32:36');
INSERT INTO `sys_logininfor` VALUES ('51', 'admin', '117.147.119.38', '浙江省 温州市', 'Firefox 9', 'Windows 10', '0', '登录成功', '2022-03-13 13:15:38');
INSERT INTO `sys_logininfor` VALUES ('52', 'admin', '117.147.119.38', '浙江省 温州市', 'Chrome 8', 'Windows 7', '0', '登录成功', '2022-03-13 13:41:40');
INSERT INTO `sys_logininfor` VALUES ('53', 'admin', '171.223.95.56', '四川省 成都市', 'Chrome 9', 'Windows 10', '0', '登录成功', '2022-03-13 15:00:14');
INSERT INTO `sys_logininfor` VALUES ('54', 'admin', '117.147.119.38', '浙江省 温州市', 'Firefox 9', 'Windows 10', '0', '登录成功', '2022-03-13 15:32:38');
INSERT INTO `sys_logininfor` VALUES ('55', 'admin', '36.24.149.84', '浙江省 杭州市', 'Chrome 9', 'Mac OS X', '0', '登录成功', '2022-03-13 15:34:08');
INSERT INTO `sys_logininfor` VALUES ('56', 'admin', '36.24.149.84', '浙江省 杭州市', 'Chrome 9', 'Mac OS X', '0', '登录成功', '2022-03-13 16:39:33');
INSERT INTO `sys_logininfor` VALUES ('57', 'admin', '117.147.119.38', '浙江省 温州市', 'Firefox 9', 'Windows 10', '0', '登录成功', '2022-03-13 16:56:13');
INSERT INTO `sys_logininfor` VALUES ('58', 'admin', '117.147.119.38', '浙江省 温州市', 'Firefox 9', 'Windows 10', '0', '退出成功', '2022-03-13 16:56:26');
INSERT INTO `sys_logininfor` VALUES ('59', 'admin', '117.147.119.38', '浙江省 温州市', 'Firefox 9', 'Windows 10', '0', '登录成功', '2022-03-13 17:32:50');
INSERT INTO `sys_logininfor` VALUES ('60', 'admin', '101.88.207.244', '上海市 上海市', 'Chrome 9', 'Windows 10', '0', '登录成功', '2022-03-13 18:58:00');
INSERT INTO `sys_logininfor` VALUES ('61', 'admin', '117.147.119.38', '浙江省 温州市', 'Firefox 9', 'Windows 10', '0', '登录成功', '2022-03-13 20:04:42');
INSERT INTO `sys_logininfor` VALUES ('62', 'admin', '27.154.47.146', '福建省 厦门市', 'Chrome', 'Windows 10', '0', '登录成功', '2022-03-13 20:25:19');
INSERT INTO `sys_logininfor` VALUES ('63', 'admin', '61.142.129.130', '广东省 佛山市', 'Chrome 9', 'Windows 10', '0', '登录成功', '2022-03-13 22:23:58');
INSERT INTO `sys_logininfor` VALUES ('64', 'admin', '112.224.143.24', '山东省 济南市', 'Chrome 8', 'Windows 10', '0', '登录成功', '2022-03-13 22:29:58');
INSERT INTO `sys_logininfor` VALUES ('65', 'admin', '183.192.85.125', '上海市 上海市', 'Chrome 9', 'Windows 10', '0', '登录成功', '2022-03-13 22:49:22');
INSERT INTO `sys_logininfor` VALUES ('66', 'admin', '59.37.162.5', '广东省 江门市', 'Chrome 9', 'Windows 10', '0', '登录成功', '2022-03-14 08:03:26');
INSERT INTO `sys_logininfor` VALUES ('67', 'admin', '59.37.162.5', '广东省 江门市', 'Chrome 9', 'Windows 10', '1', '验证码错误', '2022-03-14 08:46:28');
INSERT INTO `sys_logininfor` VALUES ('68', 'admin', '59.37.162.5', '广东省 江门市', 'Chrome 9', 'Windows 10', '0', '登录成功', '2022-03-14 08:46:31');
INSERT INTO `sys_logininfor` VALUES ('69', 'admin', '59.37.162.5', '广东省 江门市', 'Apple WebKit', 'Mac OS X (iPhone)', '0', '登录成功', '2022-03-14 08:51:13');
INSERT INTO `sys_logininfor` VALUES ('70', 'admin', '115.236.95.186', '浙江省 杭州市', 'Chrome 9', 'Windows 10', '0', '登录成功', '2022-03-14 09:06:38');
INSERT INTO `sys_logininfor` VALUES ('71', 'admin', '171.43.246.197', '湖北省 武汉市', 'Chrome 8', 'Windows 10', '0', '登录成功', '2022-03-14 09:15:09');
INSERT INTO `sys_logininfor` VALUES ('72', 'admin', '183.134.149.35', '浙江省 杭州市', 'Firefox 9', 'Windows 7', '0', '登录成功', '2022-03-14 09:20:14');
INSERT INTO `sys_logininfor` VALUES ('73', 'admin', '58.57.117.135', '山东省 淄博市', 'Chrome 9', 'Windows 10', '0', '登录成功', '2022-03-14 09:22:40');
INSERT INTO `sys_logininfor` VALUES ('74', 'admin', '59.52.24.75', '江西省 南昌市', 'Chrome 9', 'Windows 10', '0', '登录成功', '2022-03-14 09:47:53');
INSERT INTO `sys_logininfor` VALUES ('75', 'admin', '58.210.38.83', '江苏省 苏州市', 'Chrome 9', 'Windows 10', '0', '登录成功', '2022-03-14 09:50:48');
INSERT INTO `sys_logininfor` VALUES ('76', 'admin', '61.164.33.138', '浙江省 杭州市', 'Chrome 9', 'Windows 10', '1', '验证码错误', '2022-03-14 10:13:01');
INSERT INTO `sys_logininfor` VALUES ('77', 'admin', '61.164.33.138', '浙江省 杭州市', 'Chrome 9', 'Windows 10', '0', '登录成功', '2022-03-14 10:13:13');
INSERT INTO `sys_logininfor` VALUES ('78', 'admin', '183.134.149.35', '浙江省 杭州市', 'Firefox 9', 'Windows 7', '0', '登录成功', '2022-03-14 10:30:41');
INSERT INTO `sys_logininfor` VALUES ('79', 'admin', '39.144.205.132', ' ', 'Chrome 8', 'Windows 10', '0', '登录成功', '2022-03-14 11:03:53');
INSERT INTO `sys_logininfor` VALUES ('80', 'admin', '183.134.149.35', '浙江省 杭州市', 'Firefox 9', 'Windows 7', '1', '验证码错误', '2022-03-14 11:32:36');
INSERT INTO `sys_logininfor` VALUES ('81', 'admin', '183.134.149.35', '浙江省 杭州市', 'Firefox 9', 'Windows 7', '0', '登录成功', '2022-03-14 11:32:38');
INSERT INTO `sys_logininfor` VALUES ('82', 'admin', '114.95.224.112', '上海市 上海市', 'Chrome 9', 'Windows 10', '0', '登录成功', '2022-03-14 13:44:02');
INSERT INTO `sys_logininfor` VALUES ('83', 'admin', '101.85.2.28', '上海市 上海市', 'Chrome 9', 'Mac OS X', '0', '登录成功', '2022-03-14 14:03:14');
INSERT INTO `sys_logininfor` VALUES ('84', 'admin', '124.202.240.162', '北京市 北京市', 'Chrome 9', 'Windows 10', '0', '登录成功', '2022-03-14 14:04:10');
INSERT INTO `sys_logininfor` VALUES ('85', 'admin', '106.37.160.16', '北京市 北京市', 'Chrome 8', 'Windows 10', '0', '登录成功', '2022-03-14 14:22:32');
INSERT INTO `sys_logininfor` VALUES ('86', 'admin', '124.202.240.162', '北京市 北京市', 'Chrome 9', 'Windows 10', '0', '退出成功', '2022-03-14 14:34:22');
INSERT INTO `sys_logininfor` VALUES ('87', 'admin', '124.202.240.162', '北京市 北京市', 'Chrome 9', 'Windows 10', '0', '登录成功', '2022-03-14 14:34:28');
INSERT INTO `sys_logininfor` VALUES ('88', 'admin', '101.85.2.28', '上海市 上海市', 'Chrome 9', 'Mac OS X', '0', '登录成功', '2022-03-14 14:37:13');
INSERT INTO `sys_logininfor` VALUES ('89', 'admin', '124.202.240.162', '北京市 北京市', 'Chrome 9', 'Windows 10', '0', '登录成功', '2022-03-14 15:08:06');
INSERT INTO `sys_logininfor` VALUES ('90', 'admin', '117.136.27.135', '甘肃省 兰州市', 'Chrome 9', 'Windows 10', '0', '登录成功', '2022-03-14 15:17:22');
INSERT INTO `sys_logininfor` VALUES ('91', 'admin', '183.134.149.35', '浙江省 杭州市', 'Firefox 9', 'Windows 7', '0', '登录成功', '2022-03-14 15:19:52');
INSERT INTO `sys_logininfor` VALUES ('92', 'admin', '183.134.149.35', '浙江省 杭州市', 'Firefox 9', 'Windows 7', '0', '登录成功', '2022-03-14 15:44:20');
INSERT INTO `sys_logininfor` VALUES ('93', 'admin', '125.69.82.54', '四川省 成都市', 'Chrome 9', 'Windows 10', '0', '登录成功', '2022-03-14 15:59:45');
INSERT INTO `sys_logininfor` VALUES ('94', 'admin', '183.134.149.35', '浙江省 杭州市', 'Firefox 9', 'Windows 7', '0', '登录成功', '2022-03-14 16:47:52');
INSERT INTO `sys_logininfor` VALUES ('95', 'admin', '183.134.149.35', '浙江省 杭州市', 'Firefox 9', 'Windows 7', '0', '退出成功', '2022-03-14 16:49:38');
INSERT INTO `sys_logininfor` VALUES ('96', 'admin', '223.71.3.50', '北京市 北京市', 'Chrome 8', 'Mac OS X', '0', '登录成功', '2022-03-14 17:15:58');
INSERT INTO `sys_logininfor` VALUES ('97', 'admin', '27.17.113.30', '湖北省 武汉市', 'Chrome 9', 'Windows 10', '0', '登录成功', '2022-03-14 17:18:42');
INSERT INTO `sys_logininfor` VALUES ('98', 'admin', '183.134.149.35', '浙江省 杭州市', 'Firefox 9', 'Windows 7', '0', '登录成功', '2022-03-14 17:34:36');
INSERT INTO `sys_logininfor` VALUES ('99', 'admin', '61.140.161.2', '广东省 广州市', 'Chrome 9', 'Windows 10', '0', '登录成功', '2022-03-14 17:51:08');
INSERT INTO `sys_logininfor` VALUES ('100', 'admin', '60.191.98.74', '浙江省 杭州市', 'Chrome 9', 'Mac OS X', '0', '登录成功', '2022-03-14 18:14:49');
INSERT INTO `sys_logininfor` VALUES ('101', 'admin', '117.147.119.38', '浙江省 温州市', 'Firefox 9', 'Windows 10', '0', '登录成功', '2022-03-14 19:01:02');

-- ----------------------------
-- Table structure for sys_menu
-- ----------------------------
DROP TABLE IF EXISTS `sys_menu`;
CREATE TABLE `sys_menu` (
  `menu_id` bigint(20) NOT NULL AUTO_INCREMENT COMMENT '菜单ID',
  `menu_name` varchar(50) NOT NULL COMMENT '菜单名称',
  `parent_id` bigint(20) DEFAULT '0' COMMENT '父菜单ID',
  `order_num` int(11) DEFAULT '0' COMMENT '显示顺序',
  `path` varchar(200) DEFAULT '' COMMENT '路由地址',
  `component` varchar(255) DEFAULT NULL COMMENT '组件路径',
  `query` varchar(255) DEFAULT NULL COMMENT '路由参数',
  `is_frame` int(11) DEFAULT '1' COMMENT '是否为外链（0是 1否）',
  `is_cache` int(11) DEFAULT '0' COMMENT '是否缓存（0缓存 1不缓存）',
  `menu_type` char(1) DEFAULT '' COMMENT '菜单类型（M目录 C菜单 F按钮）',
  `visible` char(1) DEFAULT '0' COMMENT '菜单状态（0显示 1隐藏）',
  `status` char(1) DEFAULT '0' COMMENT '菜单状态（0正常 1停用）',
  `perms` varchar(100) DEFAULT NULL COMMENT '权限标识',
  `icon` varchar(100) DEFAULT '#' COMMENT '菜单图标',
  `create_by` varchar(64) DEFAULT '' COMMENT '创建者',
  `create_time` datetime DEFAULT NULL COMMENT '创建时间',
  `update_by` varchar(64) DEFAULT '' COMMENT '更新者',
  `update_time` datetime DEFAULT NULL COMMENT '更新时间',
  `remark` varchar(500) DEFAULT '' COMMENT '备注',
  PRIMARY KEY (`menu_id`)
) ENGINE=InnoDB AUTO_INCREMENT=1150 DEFAULT CHARSET=utf8mb4 COMMENT='菜单权限表';

-- ----------------------------
-- Records of sys_menu
-- ----------------------------
INSERT INTO `sys_menu` VALUES ('1', '系统管理', '0', '997', 'system', null, '', '1', '0', 'M', '0', '0', '', 'system', 'admin', '2021-12-12 13:47:07', 'admin', '2022-02-15 17:08:08', '系统管理目录');
INSERT INTO `sys_menu` VALUES ('2', '系统监控', '0', '997', 'monitor', null, '', '1', '0', 'M', '0', '0', '', 'monitor', 'admin', '2021-12-12 13:47:07', 'admin', '2022-02-15 17:01:51', '系统监控目录');
INSERT INTO `sys_menu` VALUES ('3', '系统工具', '0', '998', 'tool', null, '', '1', '0', 'M', '0', '0', '', 'tool', 'admin', '2021-12-12 13:47:07', 'admin', '2022-02-15 17:01:45', '系统工具目录');
INSERT INTO `sys_menu` VALUES ('4', '开源官网', '0', '999', 'http://8.136.213.245', null, '', '0', '0', 'M', '0', '0', '', 'guide', 'admin', '2021-12-12 13:47:07', 'admin', '2022-02-15 17:01:26', '若依官网地址');
INSERT INTO `sys_menu` VALUES ('100', '用户管理', '1', '1', 'user', 'system/user/index', '', '1', '0', 'C', '0', '0', 'system:user:list', 'user', 'admin', '2021-12-12 13:47:07', '', null, '用户管理菜单');
INSERT INTO `sys_menu` VALUES ('101', '角色管理', '1', '2', 'role', 'system/role/index', '', '1', '0', 'C', '0', '0', 'system:role:list', 'peoples', 'admin', '2021-12-12 13:47:07', '', null, '角色管理菜单');
INSERT INTO `sys_menu` VALUES ('102', '菜单管理', '1', '3', 'menu', 'system/menu/index', '', '1', '0', 'C', '0', '0', 'system:menu:list', 'tree-table', 'admin', '2021-12-12 13:47:07', '', null, '菜单管理菜单');
INSERT INTO `sys_menu` VALUES ('103', '部门管理', '1', '4', 'dept', 'system/dept/index', '', '1', '0', 'C', '0', '0', 'system:dept:list', 'tree', 'admin', '2021-12-12 13:47:07', '', null, '部门管理菜单');
INSERT INTO `sys_menu` VALUES ('104', '岗位管理', '1', '5', 'post', 'system/post/index', '', '1', '0', 'C', '0', '0', 'system:post:list', 'post', 'admin', '2021-12-12 13:47:07', '', null, '岗位管理菜单');
INSERT INTO `sys_menu` VALUES ('105', '字典管理', '1', '6', 'dict', 'system/dict/index', '', '1', '0', 'C', '0', '0', 'system:dict:list', 'dict', 'admin', '2021-12-12 13:47:07', '', null, '字典管理菜单');
INSERT INTO `sys_menu` VALUES ('106', '参数设置', '1', '7', 'config', 'system/config/index', '', '1', '0', 'C', '0', '0', 'system:config:list', 'edit', 'admin', '2021-12-12 13:47:07', '', null, '参数设置菜单');
INSERT INTO `sys_menu` VALUES ('107', '通知公告', '1', '8', 'notice', 'system/notice/index', '', '1', '0', 'C', '0', '0', 'system:notice:list', 'message', 'admin', '2021-12-12 13:47:07', 'admin', '2022-02-23 15:21:23', '通知公告菜单');
INSERT INTO `sys_menu` VALUES ('108', '日志管理', '1', '9', 'log', '', '', '1', '0', 'M', '0', '0', '', 'log', 'admin', '2021-12-12 13:47:07', '', null, '日志管理菜单');
INSERT INTO `sys_menu` VALUES ('109', '在线用户', '2', '1', 'online', 'monitor/online/index', '', '1', '0', 'C', '0', '0', 'monitor:online:list', 'online', 'admin', '2021-12-12 13:47:07', '', null, '在线用户菜单');
INSERT INTO `sys_menu` VALUES ('110', '定时任务', '2', '2', 'job', 'monitor/job/index', '', '1', '0', 'C', '0', '0', 'monitor:job:list', 'job', 'admin', '2021-12-12 13:47:07', '', null, '定时任务菜单');
INSERT INTO `sys_menu` VALUES ('111', '数据监控', '2', '3', 'druid', 'monitor/druid/index', '', '1', '0', 'C', '0', '0', 'monitor:druid:list', 'druid', 'admin', '2021-12-12 13:47:07', '', null, '数据监控菜单');
INSERT INTO `sys_menu` VALUES ('112', '服务监控', '2', '4', 'server', 'monitor/server/index', '', '1', '0', 'C', '0', '0', 'monitor:server:list', 'server', 'admin', '2021-12-12 13:47:07', '', null, '服务监控菜单');
INSERT INTO `sys_menu` VALUES ('113', '缓存监控', '2', '5', 'cache', 'monitor/cache/index', '', '1', '0', 'C', '0', '0', 'monitor:cache:list', 'redis', 'admin', '2021-12-12 13:47:07', '', null, '缓存监控菜单');
INSERT INTO `sys_menu` VALUES ('114', '表单构建', '3', '1', 'build', 'tool/build/index', '', '1', '0', 'C', '0', '0', 'tool:build:list', 'build', 'admin', '2021-12-12 13:47:08', '', null, '表单构建菜单');
INSERT INTO `sys_menu` VALUES ('115', '代码生成', '3', '2', 'gen', 'tool/gen/index', '', '1', '0', 'C', '0', '0', 'tool:gen:list', 'code', 'admin', '2021-12-12 13:47:08', '', null, '代码生成菜单');
INSERT INTO `sys_menu` VALUES ('116', '系统接口', '3', '3', 'swagger', 'tool/swagger/index', '', '1', '0', 'C', '1', '1', 'tool:swagger:list', 'swagger', 'admin', '2021-12-12 13:47:08', 'admin', '2022-02-15 16:58:37', '系统接口菜单');
INSERT INTO `sys_menu` VALUES ('500', '操作日志', '108', '1', 'operlog', 'monitor/operlog/index', '', '1', '0', 'C', '0', '0', 'monitor:operlog:list', 'form', 'admin', '2021-12-12 13:47:08', '', null, '操作日志菜单');
INSERT INTO `sys_menu` VALUES ('501', '登录日志', '108', '2', 'logininfor', 'monitor/logininfor/index', '', '1', '0', 'C', '0', '0', 'monitor:logininfor:list', 'logininfor', 'admin', '2021-12-12 13:47:08', '', null, '登录日志菜单');
INSERT INTO `sys_menu` VALUES ('1001', '用户查询', '100', '1', '', '', '', '1', '0', 'F', '0', '0', 'system:user:query', '#', 'admin', '2021-12-12 13:47:08', '', null, '');
INSERT INTO `sys_menu` VALUES ('1002', '用户新增', '100', '2', '', '', '', '1', '0', 'F', '0', '0', 'system:user:add', '#', 'admin', '2021-12-12 13:47:08', '', null, '');
INSERT INTO `sys_menu` VALUES ('1003', '用户修改', '100', '3', '', '', '', '1', '0', 'F', '0', '0', 'system:user:edit', '#', 'admin', '2021-12-12 13:47:08', '', null, '');
INSERT INTO `sys_menu` VALUES ('1004', '用户删除', '100', '4', '', '', '', '1', '0', 'F', '0', '0', 'system:user:remove', '#', 'admin', '2021-12-12 13:47:08', '', null, '');
INSERT INTO `sys_menu` VALUES ('1005', '用户导出', '100', '5', '', '', '', '1', '0', 'F', '0', '0', 'system:user:export', '#', 'admin', '2021-12-12 13:47:08', '', null, '');
INSERT INTO `sys_menu` VALUES ('1006', '用户导入', '100', '6', '', '', '', '1', '0', 'F', '0', '0', 'system:user:import', '#', 'admin', '2021-12-12 13:47:08', '', null, '');
INSERT INTO `sys_menu` VALUES ('1007', '重置密码', '100', '7', '', '', '', '1', '0', 'F', '0', '0', 'system:user:resetPwd', '#', 'admin', '2021-12-12 13:47:08', '', null, '');
INSERT INTO `sys_menu` VALUES ('1008', '角色查询', '101', '1', '', '', '', '1', '0', 'F', '0', '0', 'system:role:query', '#', 'admin', '2021-12-12 13:47:08', '', null, '');
INSERT INTO `sys_menu` VALUES ('1009', '角色新增', '101', '2', '', '', '', '1', '0', 'F', '0', '0', 'system:role:add', '#', 'admin', '2021-12-12 13:47:08', '', null, '');
INSERT INTO `sys_menu` VALUES ('1010', '角色修改', '101', '3', '', '', '', '1', '0', 'F', '0', '0', 'system:role:edit', '#', 'admin', '2021-12-12 13:47:08', '', null, '');
INSERT INTO `sys_menu` VALUES ('1011', '角色删除', '101', '4', '', '', '', '1', '0', 'F', '0', '0', 'system:role:remove', '#', 'admin', '2021-12-12 13:47:08', '', null, '');
INSERT INTO `sys_menu` VALUES ('1012', '角色导出', '101', '5', '', '', '', '1', '0', 'F', '0', '0', 'system:role:export', '#', 'admin', '2021-12-12 13:47:08', '', null, '');
INSERT INTO `sys_menu` VALUES ('1013', '菜单查询', '102', '1', '', '', '', '1', '0', 'F', '0', '0', 'system:menu:query', '#', 'admin', '2021-12-12 13:47:08', '', null, '');
INSERT INTO `sys_menu` VALUES ('1014', '菜单新增', '102', '2', '', '', '', '1', '0', 'F', '0', '0', 'system:menu:add', '#', 'admin', '2021-12-12 13:47:08', '', null, '');
INSERT INTO `sys_menu` VALUES ('1015', '菜单修改', '102', '3', '', '', '', '1', '0', 'F', '0', '0', 'system:menu:edit', '#', 'admin', '2021-12-12 13:47:08', '', null, '');
INSERT INTO `sys_menu` VALUES ('1016', '菜单删除', '102', '4', '', '', '', '1', '0', 'F', '0', '0', 'system:menu:remove', '#', 'admin', '2021-12-12 13:47:08', '', null, '');
INSERT INTO `sys_menu` VALUES ('1017', '部门查询', '103', '1', '', '', '', '1', '0', 'F', '0', '0', 'system:dept:query', '#', 'admin', '2021-12-12 13:47:08', '', null, '');
INSERT INTO `sys_menu` VALUES ('1018', '部门新增', '103', '2', '', '', '', '1', '0', 'F', '0', '0', 'system:dept:add', '#', 'admin', '2021-12-12 13:47:08', '', null, '');
INSERT INTO `sys_menu` VALUES ('1019', '部门修改', '103', '3', '', '', '', '1', '0', 'F', '0', '0', 'system:dept:edit', '#', 'admin', '2021-12-12 13:47:08', '', null, '');
INSERT INTO `sys_menu` VALUES ('1020', '部门删除', '103', '4', '', '', '', '1', '0', 'F', '0', '0', 'system:dept:remove', '#', 'admin', '2021-12-12 13:47:08', '', null, '');
INSERT INTO `sys_menu` VALUES ('1021', '岗位查询', '104', '1', '', '', '', '1', '0', 'F', '0', '0', 'system:post:query', '#', 'admin', '2021-12-12 13:47:08', '', null, '');
INSERT INTO `sys_menu` VALUES ('1022', '岗位新增', '104', '2', '', '', '', '1', '0', 'F', '0', '0', 'system:post:add', '#', 'admin', '2021-12-12 13:47:08', '', null, '');
INSERT INTO `sys_menu` VALUES ('1023', '岗位修改', '104', '3', '', '', '', '1', '0', 'F', '0', '0', 'system:post:edit', '#', 'admin', '2021-12-12 13:47:08', '', null, '');
INSERT INTO `sys_menu` VALUES ('1024', '岗位删除', '104', '4', '', '', '', '1', '0', 'F', '0', '0', 'system:post:remove', '#', 'admin', '2021-12-12 13:47:08', '', null, '');
INSERT INTO `sys_menu` VALUES ('1025', '岗位导出', '104', '5', '', '', '', '1', '0', 'F', '0', '0', 'system:post:export', '#', 'admin', '2021-12-12 13:47:09', '', null, '');
INSERT INTO `sys_menu` VALUES ('1026', '字典查询', '105', '1', '#', '', '', '1', '0', 'F', '0', '0', 'system:dict:query', '#', 'admin', '2021-12-12 13:47:09', '', null, '');
INSERT INTO `sys_menu` VALUES ('1027', '字典新增', '105', '2', '#', '', '', '1', '0', 'F', '0', '0', 'system:dict:add', '#', 'admin', '2021-12-12 13:47:09', '', null, '');
INSERT INTO `sys_menu` VALUES ('1028', '字典修改', '105', '3', '#', '', '', '1', '0', 'F', '0', '0', 'system:dict:edit', '#', 'admin', '2021-12-12 13:47:09', '', null, '');
INSERT INTO `sys_menu` VALUES ('1029', '字典删除', '105', '4', '#', '', '', '1', '0', 'F', '0', '0', 'system:dict:remove', '#', 'admin', '2021-12-12 13:47:09', '', null, '');
INSERT INTO `sys_menu` VALUES ('1030', '字典导出', '105', '5', '#', '', '', '1', '0', 'F', '0', '0', 'system:dict:export', '#', 'admin', '2021-12-12 13:47:09', '', null, '');
INSERT INTO `sys_menu` VALUES ('1031', '参数查询', '106', '1', '#', '', '', '1', '0', 'F', '0', '0', 'system:config:query', '#', 'admin', '2021-12-12 13:47:09', '', null, '');
INSERT INTO `sys_menu` VALUES ('1032', '参数新增', '106', '2', '#', '', '', '1', '0', 'F', '0', '0', 'system:config:add', '#', 'admin', '2021-12-12 13:47:09', '', null, '');
INSERT INTO `sys_menu` VALUES ('1033', '参数修改', '106', '3', '#', '', '', '1', '0', 'F', '0', '0', 'system:config:edit', '#', 'admin', '2021-12-12 13:47:09', '', null, '');
INSERT INTO `sys_menu` VALUES ('1034', '参数删除', '106', '4', '#', '', '', '1', '0', 'F', '0', '0', 'system:config:remove', '#', 'admin', '2021-12-12 13:47:09', '', null, '');
INSERT INTO `sys_menu` VALUES ('1035', '参数导出', '106', '5', '#', '', '', '1', '0', 'F', '0', '0', 'system:config:export', '#', 'admin', '2021-12-12 13:47:09', '', null, '');
INSERT INTO `sys_menu` VALUES ('1036', '公告查询', '107', '1', '#', '', '', '1', '0', 'F', '0', '0', 'system:notice:query', '#', 'admin', '2021-12-12 13:47:09', '', null, '');
INSERT INTO `sys_menu` VALUES ('1037', '公告新增', '107', '2', '#', '', '', '1', '0', 'F', '0', '0', 'system:notice:add', '#', 'admin', '2021-12-12 13:47:09', '', null, '');
INSERT INTO `sys_menu` VALUES ('1038', '公告修改', '107', '3', '#', '', '', '1', '0', 'F', '0', '0', 'system:notice:edit', '#', 'admin', '2021-12-12 13:47:09', '', null, '');
INSERT INTO `sys_menu` VALUES ('1039', '公告删除', '107', '4', '#', '', '', '1', '0', 'F', '0', '0', 'system:notice:remove', '#', 'admin', '2021-12-12 13:47:09', '', null, '');
INSERT INTO `sys_menu` VALUES ('1040', '操作查询', '500', '1', '#', '', '', '1', '0', 'F', '0', '0', 'monitor:operlog:query', '#', 'admin', '2021-12-12 13:47:09', '', null, '');
INSERT INTO `sys_menu` VALUES ('1041', '操作删除', '500', '2', '#', '', '', '1', '0', 'F', '0', '0', 'monitor:operlog:remove', '#', 'admin', '2021-12-12 13:47:09', '', null, '');
INSERT INTO `sys_menu` VALUES ('1042', '日志导出', '500', '4', '#', '', '', '1', '0', 'F', '0', '0', 'monitor:operlog:export', '#', 'admin', '2021-12-12 13:47:09', '', null, '');
INSERT INTO `sys_menu` VALUES ('1043', '登录查询', '501', '1', '#', '', '', '1', '0', 'F', '0', '0', 'monitor:logininfor:query', '#', 'admin', '2021-12-12 13:47:09', '', null, '');
INSERT INTO `sys_menu` VALUES ('1044', '登录删除', '501', '2', '#', '', '', '1', '0', 'F', '0', '0', 'monitor:logininfor:remove', '#', 'admin', '2021-12-12 13:47:09', '', null, '');
INSERT INTO `sys_menu` VALUES ('1045', '日志导出', '501', '3', '#', '', '', '1', '0', 'F', '0', '0', 'monitor:logininfor:export', '#', 'admin', '2021-12-12 13:47:09', '', null, '');
INSERT INTO `sys_menu` VALUES ('1046', '在线查询', '109', '1', '#', '', '', '1', '0', 'F', '0', '0', 'monitor:online:query', '#', 'admin', '2021-12-12 13:47:09', '', null, '');
INSERT INTO `sys_menu` VALUES ('1047', '批量强退', '109', '2', '#', '', '', '1', '0', 'F', '0', '0', 'monitor:online:batchLogout', '#', 'admin', '2021-12-12 13:47:09', '', null, '');
INSERT INTO `sys_menu` VALUES ('1048', '单条强退', '109', '3', '#', '', '', '1', '0', 'F', '0', '0', 'monitor:online:forceLogout', '#', 'admin', '2021-12-12 13:47:09', '', null, '');
INSERT INTO `sys_menu` VALUES ('1049', '任务查询', '110', '1', '#', '', '', '1', '0', 'F', '0', '0', 'monitor:job:query', '#', 'admin', '2021-12-12 13:47:09', '', null, '');
INSERT INTO `sys_menu` VALUES ('1050', '任务新增', '110', '2', '#', '', '', '1', '0', 'F', '0', '0', 'monitor:job:add', '#', 'admin', '2021-12-12 13:47:09', '', null, '');
INSERT INTO `sys_menu` VALUES ('1051', '任务修改', '110', '3', '#', '', '', '1', '0', 'F', '0', '0', 'monitor:job:edit', '#', 'admin', '2021-12-12 13:47:09', '', null, '');
INSERT INTO `sys_menu` VALUES ('1052', '任务删除', '110', '4', '#', '', '', '1', '0', 'F', '0', '0', 'monitor:job:remove', '#', 'admin', '2021-12-12 13:47:09', '', null, '');
INSERT INTO `sys_menu` VALUES ('1053', '状态修改', '110', '5', '#', '', '', '1', '0', 'F', '0', '0', 'monitor:job:changeStatus', '#', 'admin', '2021-12-12 13:47:09', '', null, '');
INSERT INTO `sys_menu` VALUES ('1054', '任务导出', '110', '7', '#', '', '', '1', '0', 'F', '0', '0', 'monitor:job:export', '#', 'admin', '2021-12-12 13:47:09', '', null, '');
INSERT INTO `sys_menu` VALUES ('1055', '生成查询', '115', '1', '#', '', '', '1', '0', 'F', '0', '0', 'tool:gen:query', '#', 'admin', '2021-12-12 13:47:09', '', null, '');
INSERT INTO `sys_menu` VALUES ('1056', '生成修改', '115', '2', '#', '', '', '1', '0', 'F', '0', '0', 'tool:gen:edit', '#', 'admin', '2021-12-12 13:47:09', '', null, '');
INSERT INTO `sys_menu` VALUES ('1057', '生成删除', '115', '3', '#', '', '', '1', '0', 'F', '0', '0', 'tool:gen:remove', '#', 'admin', '2021-12-12 13:47:09', '', null, '');
INSERT INTO `sys_menu` VALUES ('1058', '导入代码', '115', '2', '#', '', '', '1', '0', 'F', '0', '0', 'tool:gen:import', '#', 'admin', '2021-12-12 13:47:09', '', null, '');
INSERT INTO `sys_menu` VALUES ('1059', '预览代码', '115', '4', '#', '', '', '1', '0', 'F', '0', '0', 'tool:gen:preview', '#', 'admin', '2021-12-12 13:47:09', '', null, '');
INSERT INTO `sys_menu` VALUES ('1060', '生成代码', '115', '5', '#', '', '', '1', '0', 'F', '0', '0', 'tool:gen:code', '#', 'admin', '2021-12-12 13:47:10', '', null, '');
INSERT INTO `sys_menu` VALUES ('1061', '内容管理', '0', '2', '/cms', null, null, '1', '0', 'M', '0', '0', null, 'build', 'admin', '2022-02-15 17:03:02', '', null, '');
INSERT INTO `sys_menu` VALUES ('1063', '服务条目', '1061', '2', 'item', 'system/item/index', null, '1', '0', 'C', '0', '0', 'system:item:list', 'server', 'admin', '2022-02-15 17:06:29', 'admin', '2022-02-25 21:38:59', '');
INSERT INTO `sys_menu` VALUES ('1064', '个人办公', '0', '1', '/', null, null, '1', '0', 'M', '0', '0', '', 'user', 'admin', '2022-02-15 17:10:00', 'admin', '2022-02-23 15:32:58', '');
INSERT INTO `sys_menu` VALUES ('1065', '我的任务', '1064', '1', '/', null, null, '1', '0', 'M', '0', '0', null, '#', 'admin', '2022-02-15 17:10:34', '', null, '');
INSERT INTO `sys_menu` VALUES ('1066', '我的流程', '1064', '2', '/1', null, null, '1', '0', 'M', '0', '0', null, '#', 'admin', '2022-02-15 17:11:24', '', null, '');
INSERT INTO `sys_menu` VALUES ('1067', '我的抄送', '1064', '3', '2', null, null, '1', '0', 'M', '0', '0', null, '#', 'admin', '2022-02-15 17:11:37', '', null, '');
INSERT INTO `sys_menu` VALUES ('1068', '流程管理', '0', '996', '1', null, null, '1', '0', 'M', '0', '0', '', 'validCode', 'admin', '2022-02-15 17:13:43', 'admin', '2022-02-23 15:34:37', '');
INSERT INTO `sys_menu` VALUES ('1069', '流程设计', '1068', '1', '1', null, null, '1', '0', 'M', '0', '0', null, '#', 'admin', '2022-02-15 17:14:56', '', null, '');
INSERT INTO `sys_menu` VALUES ('1072', '流程管理', '1068', '2', '2', null, null, '1', '0', 'M', '0', '0', '', '#', 'admin', '2022-02-15 17:18:48', 'admin', '2022-02-23 15:11:17', '');
INSERT INTO `sys_menu` VALUES ('1080', '消息管理', '1061', '995', '3', null, null, '1', '0', 'M', '0', '0', '', 'message', 'admin', '2022-02-16 09:50:37', 'admin', '2022-02-28 21:38:42', '');
INSERT INTO `sys_menu` VALUES ('1081', '历史消息', '1080', '3', '2', null, null, '1', '0', 'M', '0', '0', '', 'time', 'admin', '2022-02-16 09:51:02', 'admin', '2022-03-12 22:25:30', '');
INSERT INTO `sys_menu` VALUES ('1087', '智慧电商', '0', '6', '6', null, null, '1', '0', 'M', '0', '0', '', 'shopping', 'admin', '2022-02-23 14:29:26', 'admin', '2022-02-23 14:29:34', '');
INSERT INTO `sys_menu` VALUES ('1088', '商品管理', '1087', '1', '1', null, null, '1', '0', 'M', '0', '0', '', '#', 'admin', '2022-02-23 14:29:47', 'admin', '2022-02-23 14:45:55', '');
INSERT INTO `sys_menu` VALUES ('1090', '分类管理', '1088', '2', '2', null, null, '1', '0', 'M', '0', '0', '', '#', 'admin', '2022-02-23 14:46:07', 'admin', '2022-02-23 14:47:06', '');
INSERT INTO `sys_menu` VALUES ('1091', '评价管理', '1088', '3', '3', null, null, '1', '0', 'M', '0', '0', '', '#', 'admin', '2022-02-23 14:46:27', 'admin', '2022-02-23 14:47:13', '');
INSERT INTO `sys_menu` VALUES ('1092', '商品管理', '1088', '1', '1', null, null, '1', '0', 'M', '0', '0', null, '#', 'admin', '2022-02-23 14:46:57', '', null, '');
INSERT INTO `sys_menu` VALUES ('1093', '订单管理', '1087', '2', '2', null, null, '1', '0', 'M', '0', '0', null, '#', 'admin', '2022-02-23 14:47:29', '', null, '');
INSERT INTO `sys_menu` VALUES ('1094', '促销管理', '1087', '3', '3', null, null, '1', '0', 'M', '0', '0', null, '#', 'admin', '2022-02-23 14:47:50', '', null, '');
INSERT INTO `sys_menu` VALUES ('1095', '优惠卷', '1094', '1', '1', null, null, '1', '0', 'M', '0', '0', null, '#', 'admin', '2022-02-23 14:48:06', '', null, '');
INSERT INTO `sys_menu` VALUES ('1096', '订单满减', '1094', '2', '2', null, null, '1', '0', 'M', '0', '0', null, '#', 'admin', '2022-02-23 14:48:19', '', null, '');
INSERT INTO `sys_menu` VALUES ('1097', '财务管理', '1087', '4', '4', null, null, '1', '0', 'M', '0', '0', null, '#', 'admin', '2022-02-23 14:51:40', '', null, '');
INSERT INTO `sys_menu` VALUES ('1098', '资金记录', '1097', '1', '1', null, null, '1', '0', 'M', '0', '0', null, '#', 'admin', '2022-02-23 14:51:53', '', null, '');
INSERT INTO `sys_menu` VALUES ('1099', '广告管理', '1087', '5', '5', null, null, '1', '0', 'M', '0', '0', null, '#', 'admin', '2022-02-23 14:52:19', '', null, '');
INSERT INTO `sys_menu` VALUES ('1100', '导航管理', '1099', '1', '1', null, null, '1', '0', 'M', '0', '0', null, '#', 'admin', '2022-02-23 14:52:35', '', null, '');
INSERT INTO `sys_menu` VALUES ('1101', '广告管理', '1099', '2', '2', null, null, '1', '0', 'M', '0', '0', null, '#', 'admin', '2022-02-23 14:52:43', '', null, '');
INSERT INTO `sys_menu` VALUES ('1102', '物流管理', '1087', '6', '6', null, null, '1', '0', 'M', '0', '0', null, '#', 'admin', '2022-02-23 14:55:34', '', null, '');
INSERT INTO `sys_menu` VALUES ('1103', '物流公司', '1102', '1', '1', null, null, '1', '0', 'M', '0', '0', null, '#', 'admin', '2022-02-23 14:56:41', '', null, '');
INSERT INTO `sys_menu` VALUES ('1104', '退货地址', '1102', '2', '2', null, null, '1', '0', 'M', '0', '0', null, '#', 'admin', '2022-02-23 14:57:24', '', null, '');
INSERT INTO `sys_menu` VALUES ('1111', '流程监听', '1069', '2', '2', null, null, '1', '0', 'M', '0', '0', '', '#', 'admin', '2022-02-23 15:09:50', 'admin', '2022-02-23 15:10:52', '');
INSERT INTO `sys_menu` VALUES ('1112', '流程表达式', '1069', '3', '3', null, null, '1', '0', 'M', '0', '0', '', '#', 'admin', '2022-02-23 15:09:57', 'admin', '2022-02-23 15:10:58', '');
INSERT INTO `sys_menu` VALUES ('1113', '流程设计', '1069', '1', '1', null, null, '1', '0', 'M', '0', '0', null, '#', 'admin', '2022-02-23 15:10:41', '', null, '');
INSERT INTO `sys_menu` VALUES ('1114', '流程实例', '1072', '1', '1', null, null, '1', '0', 'M', '0', '0', null, '#', 'admin', '2022-02-23 15:11:26', '', null, '');
INSERT INTO `sys_menu` VALUES ('1115', '历史任务', '1072', '2', '2', null, null, '1', '0', 'M', '0', '0', null, '#', 'admin', '2022-02-23 15:12:11', '', null, '');
INSERT INTO `sys_menu` VALUES ('1116', '历史流程', '1072', '3', '3', null, null, '1', '0', 'M', '0', '0', null, '#', 'admin', '2022-02-23 15:12:19', '', null, '');
INSERT INTO `sys_menu` VALUES ('1117', '我的工单', '1064', '4', '4', null, null, '1', '0', 'M', '0', '0', null, '#', 'admin', '2022-02-23 15:14:10', '', null, '');
INSERT INTO `sys_menu` VALUES ('1119', '查询', '1063', '1', '', null, null, '1', '0', 'F', '0', '0', 'system:item:query', '#', 'admin', '2022-02-25 21:39:57', '', null, '');
INSERT INTO `sys_menu` VALUES ('1120', '新增', '1063', '2', '', null, null, '1', '0', 'F', '0', '0', 'system:item:add', '#', 'admin', '2022-02-25 21:40:27', '', null, '');
INSERT INTO `sys_menu` VALUES ('1121', '修改', '1063', '3', '', null, null, '1', '0', 'F', '0', '0', 'system:item:edit', '#', 'admin', '2022-02-25 21:40:50', '', null, '');
INSERT INTO `sys_menu` VALUES ('1122', '删除', '1063', '4', '', null, null, '1', '0', 'F', '0', '0', 'system:item:remove', '#', 'admin', '2022-02-25 21:41:11', '', null, '');
INSERT INTO `sys_menu` VALUES ('1123', '导出', '1063', '5', '', null, null, '1', '0', 'F', '0', '0', 'system:item:export', '#', 'admin', '2022-02-25 21:41:32', '', null, '');
INSERT INTO `sys_menu` VALUES ('1129', '意见反馈', '1080', '1', 'feedback', 'system/feedback/index', null, '1', '0', 'C', '0', '0', 'system:feedback:list', 'education', 'admin', '2022-03-01 19:53:18', 'admin', '2022-03-01 21:11:19', '意见反馈菜单');
INSERT INTO `sys_menu` VALUES ('1130', '意见反馈查询', '1129', '1', '#', '', null, '1', '0', 'F', '0', '0', 'system:feedback:query', '#', 'admin', '2022-03-01 19:53:18', '', null, '');
INSERT INTO `sys_menu` VALUES ('1131', '意见反馈新增', '1129', '2', '#', '', null, '1', '0', 'F', '0', '0', 'system:feedback:add', '#', 'admin', '2022-03-01 19:53:18', '', null, '');
INSERT INTO `sys_menu` VALUES ('1132', '意见反馈修改', '1129', '3', '#', '', null, '1', '0', 'F', '0', '0', 'system:feedback:edit', '#', 'admin', '2022-03-01 19:53:18', '', null, '');
INSERT INTO `sys_menu` VALUES ('1133', '意见反馈删除', '1129', '4', '#', '', null, '1', '0', 'F', '0', '0', 'system:feedback:remove', '#', 'admin', '2022-03-01 19:53:18', '', null, '');
INSERT INTO `sys_menu` VALUES ('1134', '意见反馈导出', '1129', '5', '#', '', null, '1', '0', 'F', '0', '0', 'system:feedback:export', '#', 'admin', '2022-03-01 19:53:18', '', null, '');
INSERT INTO `sys_menu` VALUES ('1135', '文章管理', '1061', '1', 'article', 'system/article/index', null, '1', '0', 'C', '0', '0', 'system:article:list', 'clipboard', 'admin', '2022-03-01 21:02:47', 'admin', '2022-03-01 21:11:08', '文章管理菜单');
INSERT INTO `sys_menu` VALUES ('1136', '文章管理查询', '1135', '1', '#', '', null, '1', '0', 'F', '0', '0', 'system:article:query', '#', 'admin', '2022-03-01 21:02:47', '', null, '');
INSERT INTO `sys_menu` VALUES ('1137', '文章管理新增', '1135', '2', '#', '', null, '1', '0', 'F', '0', '0', 'system:article:add', '#', 'admin', '2022-03-01 21:02:47', '', null, '');
INSERT INTO `sys_menu` VALUES ('1138', '文章管理修改', '1135', '3', '#', '', null, '1', '0', 'F', '0', '0', 'system:article:edit', '#', 'admin', '2022-03-01 21:02:47', '', null, '');
INSERT INTO `sys_menu` VALUES ('1139', '文章管理删除', '1135', '4', '#', '', null, '1', '0', 'F', '0', '0', 'system:article:remove', '#', 'admin', '2022-03-01 21:02:47', '', null, '');
INSERT INTO `sys_menu` VALUES ('1140', '文章管理导出', '1135', '5', '#', '', null, '1', '0', 'F', '0', '0', 'system:article:export', '#', 'admin', '2022-03-01 21:02:47', '', null, '');
INSERT INTO `sys_menu` VALUES ('1141', '智慧家居', '0', '8', '8', null, null, '1', '0', 'M', '0', '0', '', 'job', 'admin', '2022-03-08 13:55:58', 'admin', '2022-03-13 17:33:23', '');
INSERT INTO `sys_menu` VALUES ('1142', '家装管理', '1141', '1', '1', null, null, '1', '0', 'M', '0', '0', null, '#', 'admin', '2022-03-08 13:56:14', '', null, '');
INSERT INTO `sys_menu` VALUES ('1143', '友情链接', '1061', '1', 'link', 'system/link/index', null, '1', '0', 'C', '0', '0', 'system:link:list', 'link', 'admin', '2022-03-12 22:10:04', 'admin', '2022-03-12 22:18:52', '友情链接菜单');
INSERT INTO `sys_menu` VALUES ('1144', '友情链接查询', '1143', '1', '#', '', null, '1', '0', 'F', '0', '0', 'system:link:query', '#', 'admin', '2022-03-12 22:10:04', '', null, '');
INSERT INTO `sys_menu` VALUES ('1145', '友情链接新增', '1143', '2', '#', '', null, '1', '0', 'F', '0', '0', 'system:link:add', '#', 'admin', '2022-03-12 22:10:04', '', null, '');
INSERT INTO `sys_menu` VALUES ('1146', '友情链接修改', '1143', '3', '#', '', null, '1', '0', 'F', '0', '0', 'system:link:edit', '#', 'admin', '2022-03-12 22:10:05', '', null, '');
INSERT INTO `sys_menu` VALUES ('1147', '友情链接删除', '1143', '4', '#', '', null, '1', '0', 'F', '0', '0', 'system:link:remove', '#', 'admin', '2022-03-12 22:10:05', '', null, '');
INSERT INTO `sys_menu` VALUES ('1148', '友情链接导出', '1143', '5', '#', '', null, '1', '0', 'F', '0', '0', 'system:link:export', '#', 'admin', '2022-03-12 22:10:05', '', null, '');
INSERT INTO `sys_menu` VALUES ('1149', '历史会话', '1080', '2', '2', null, null, '1', '0', 'M', '0', '0', null, 'component', 'admin', '2022-03-12 22:26:08', '', null, '');

-- ----------------------------
-- Table structure for sys_notice
-- ----------------------------
DROP TABLE IF EXISTS `sys_notice`;
CREATE TABLE `sys_notice` (
  `notice_id` int(4) NOT NULL AUTO_INCREMENT COMMENT '公告ID',
  `notice_title` varchar(50) NOT NULL COMMENT '公告标题',
  `notice_type` char(1) NOT NULL COMMENT '公告类型（1通知 2公告）',
  `notice_content` longblob COMMENT '公告内容',
  `status` char(1) DEFAULT '0' COMMENT '公告状态（0正常 1关闭）',
  `create_by` varchar(64) DEFAULT '' COMMENT '创建者',
  `create_time` datetime DEFAULT NULL COMMENT '创建时间',
  `update_by` varchar(64) DEFAULT '' COMMENT '更新者',
  `update_time` datetime DEFAULT NULL COMMENT '更新时间',
  `remark` varchar(255) DEFAULT NULL COMMENT '备注',
  PRIMARY KEY (`notice_id`)
) ENGINE=InnoDB AUTO_INCREMENT=3 DEFAULT CHARSET=utf8mb4 COMMENT='通知公告表';

-- ----------------------------
-- Records of sys_notice
-- ----------------------------
INSERT INTO `sys_notice` VALUES ('1', '温馨提醒：2018-07-01 若依新版本发布啦', '2', 0x3C703EE696B0E78988E69CACE58685E5AEB93C2F703E3C703E266C743B7363726970742667743B616C657274282268656C6F2229266C743B2F7363726970742667743B3C2F703E, '0', 'admin', '2021-12-12 13:47:16', 'admin', '2022-02-08 10:35:45', '管理员');
INSERT INTO `sys_notice` VALUES ('2', '维护通知：2018-07-01 若依系统凌晨维护', '1', 0xE7BBB4E68AA4E58685E5AEB9, '0', 'admin', '2021-12-12 13:47:17', '', null, '管理员');

-- ----------------------------
-- Table structure for sys_oper_log
-- ----------------------------
DROP TABLE IF EXISTS `sys_oper_log`;
CREATE TABLE `sys_oper_log` (
  `oper_id` bigint(20) NOT NULL AUTO_INCREMENT COMMENT '日志主键',
  `title` varchar(50) DEFAULT '' COMMENT '模块标题',
  `business_type` int(2) DEFAULT '0' COMMENT '业务类型（0其它 1新增 2修改 3删除）',
  `method` varchar(100) DEFAULT '' COMMENT '方法名称',
  `request_method` varchar(10) DEFAULT '' COMMENT '请求方式',
  `operator_type` int(1) DEFAULT '0' COMMENT '操作类别（0其它 1后台用户 2手机端用户）',
  `oper_name` varchar(50) DEFAULT '' COMMENT '操作人员',
  `dept_name` varchar(50) DEFAULT '' COMMENT '部门名称',
  `oper_url` varchar(255) DEFAULT '' COMMENT '请求URL',
  `oper_ip` varchar(128) DEFAULT '' COMMENT '主机地址',
  `oper_location` varchar(255) DEFAULT '' COMMENT '操作地点',
  `oper_param` varchar(2000) DEFAULT '' COMMENT '请求参数',
  `json_result` varchar(2000) DEFAULT '' COMMENT '返回参数',
  `status` int(1) DEFAULT '0' COMMENT '操作状态（0正常 1异常）',
  `error_msg` varchar(2000) DEFAULT '' COMMENT '错误消息',
  `oper_time` datetime DEFAULT NULL COMMENT '操作时间',
  PRIMARY KEY (`oper_id`)
) ENGINE=InnoDB AUTO_INCREMENT=54 DEFAULT CHARSET=utf8mb4 COMMENT='操作日志记录';

-- ----------------------------
-- Records of sys_oper_log
-- ----------------------------
INSERT INTO `sys_oper_log` VALUES ('1', '操作日志', '9', 'cn.source.web.controller.monitor.SysOperlogController.clean()', 'DELETE', '1', 'admin', null, '/monitor/operlog/clean', '115.194.177.68', '浙江省 杭州市', '{}', '{\"msg\":\"操作成功\",\"code\":200}', '0', null, '2022-03-11 11:45:12');
INSERT INTO `sys_oper_log` VALUES ('2', '代码生成', '2', 'cn.source.generator.controller.GenController.synchDb()', 'GET', '1', 'admin', null, '/tool/gen/synchDb/cms_article', '116.233.91.48', '上海市 上海市', '{tableName=cms_article}', '{\"msg\":\"操作成功\",\"code\":200}', '0', null, '2022-03-11 18:10:35');
INSERT INTO `sys_oper_log` VALUES ('3', '文章管理', '1', 'cn.source.system.controller.CmsArticleController.add()', 'POST', '1', 'admin', null, '/system/article', '117.147.119.38', '浙江省 温州市', '{\"smallTitle\":\"条码WMS系统与ERP接口实现方法\",\"params\":{},\"bigTitle\":\"仓库管理软件通过ERP接口访问ERP，从ERP同步出入库指示单据，根据指示单据指导与核对出入库作业，最终根据出入扫描记录调用ERP接口自动在ERP生成出入库实际单据，省去在ERP手工录入单据，保证了库存数据准确与及时、提高了作业效率。 \",\"faceUrl\":\"/profile/upload/2022/03/12/caa2e3f5-0737-4729-8337-9deefd3925ed.jpg\",\"articleSource\":\"开源字节\",\"articleType\":\"解决方案\",\"createTime\":1647050418793,\"articleContent\":\"<p>\\t\\t<strong>条码WMS系统与ERP接口实现：</strong></p><p><strong><img src=\\\"http://www.biaoling.net/data/upload/image/201608/42f0d7dda98f6244f0774a104eeefe8d.jpg\\\"></strong></p><p>\\t仓库管理软件通过ERP接口访问ERP，从ERP同步出入库指示单据，根据指示单据指导与核对出入库作业，最终根据出入扫描记录调用ERP接口自动在ERP生成出入库实际单据，省去在ERP手工录入单据，保证了库存数据准确与及时、提高了作业效率。</p><p>\\t因为ERP系统没提供标准业务接口，只能通过读写数据库处理，包括：</p><p>\\t文件方式：以既定格式文件在 ERP 和 WMS 之间进行数据交流;</p><p>\\t数据库临时表：在数据库建立临时表存放 ERP 和 WMS 需要交流的数据;</p><p>\\t业务逻辑 WebService：ERP 实现业务逻辑WebService， WMS调用;</p><p>\\t业务逻辑存储过程：ERP 实现业务逻辑存储过程，WMS调用。</p><p>\\t<strong>系统实施效果</strong> </p><p>\\t实施无线实时仓库管理条码系统(WMS)后，客户实现了精细化的仓库管理，全面提升了仓库管理水平： </p><p>\\t(1) 操作条码化，使作业流程更有效、更准确;</p><p>\\t(2) 库位的运用，使入库、出货效率极大提升;</p><p>\\t(3) 使盘点工作可随时进行，极大的降低了呆滞物料的形成;</p><p>\\t(4) 手持终端的运用，《领料单》、《发料单》、《额外单》等全部电子化，降低的出错率，极大提升了周转速;</p><p>\\t(5) 确保业务、库存等数据的准备、及时，为ERP及决策提供可靠的数据依据。</p><p>\\t(6) 物料标签运用，为日后单品、批次的质量追溯提供了信息化基础;。</p><p>\\t(7) 与ERP集成，提升ERP发挥作用。</p>\",\"id\":71}', '{\"msg\":\"操作成功\",\"code\":200}', '0', null, '2022-03-12 10:00:18');
INSERT INTO `sys_oper_log` VALUES ('4', '文章管理', '1', 'cn.source.system.controller.CmsArticleController.add()', 'POST', '1', 'admin', null, '/system/article', '117.147.119.38', '浙江省 温州市', '{\"smallTitle\":\"大型企业SAP集成WMS系统方案流程\",\"params\":{},\"bigTitle\":\"对于很多大型企业而言，尽管他们已经上线了SAP/ERP系统，但是他们的仓储管理方式仍然采用人工手动记账进行日常仓库作业，包括出入库、盘点、调拨、补货、质检等等。随着仓储业务的运作日益频繁，现有的仓储方式不仅工作量大、繁琐、耗时长，且人工操作导致仓库作业数据不准确，数据无法实时共享，加大管理难度。\",\"faceUrl\":\"/profile/upload/2022/03/12/ce8225f8-9625-4ab2-934e-556af58354d0.jpg\",\"articleSource\":\"开源字节\",\"articleType\":\"解决方案\",\"createTime\":1647050553518,\"articleContent\":\"<p>\\t对于很多大型企业而言，尽管他们已经上线了SAP/ERP系统，但是他们的仓储管理方式仍然采用人工手动记账进行日常仓库作业，包括出入库、盘点、调拨、补货、质检等等。随着仓储业务的运作日益频繁，现有的仓储方式不仅工作量大、繁琐、耗时长，且人工操作导致仓库作业数据不准确，数据无法实时共享，加大管理难度。 \\t</p><p>\\t&nbsp; 仓库管理主要问题点： </p><p>\\t&nbsp; 1、库内管理制度难以落实，库位规划、物料/成品的摆放依旧较为混乱，加大了作业难度； </p><p>\\t&nbsp; 2、对老员工依赖高，且人员流动较大，仓库整体效率低，出错率高； </p><p>\\t&nbsp; 3、业务部门与仓储部门无法有效联动； </p><p>\\t&nbsp; 4、仓库主管无法随时掌握库内实时运作动态，出现问题既不能及时发现，也不能快速解决； </p><p>\\t&nbsp; 5、缺乏准确的实时库存，导致账务库存与实际库存具有较大差异，库存成本高； \\t</p><p>\\t&nbsp; 6、缺乏各类专业报表支撑管理层决策； </p><p>\\t&nbsp; 7、引进的仓储系统，必须要可以与SAP/ERP系统集成，否则容易信息孤岛，影响供应链效率。 </p><p class=\\\"ql-align-center\\\">\\t<img src=\\\"http://www.biaoling.net/data/upload/image/202009/c0f28716377a3713f1b6f8fe15ab0906.jpg\\\"></p><p><br></p><p>\\t&nbsp; 标领高度成熟的<a href=\\\"http://www.biaoling.net/\\\" rel=\\\"noopener noreferrer\\\" target=\\\"_blank\\\"><strong>WMS仓储管理系统</strong></a>可以很好满足大型企业仓储管理需求，产品的灵活可配置性也为公司未来业务的扩展提供便利，同时系统可与公司内部的SAP/ERP、SRM系统和MES系统等无缝集成，实现多系统间数据同步共享，从而建设统一化、标准化、透明化的管理体系。 </p><p>\\t&nbsp; 1、策略管理 </p><p>\\t&nbsp; a、收货策略：部分收货（一单收多次）、合单收货（一人收多单）、并行收货（多人收一单）； </p><p>\\t&nbsp; b、上架策略：系统采用分区存储、近发货口优先、ABC规则优先、货品属性优先（性、重、体）等上架策略； </p><p>\\t&nbsp; c、出库策略：先进先出（按入库自然时间）、保质期优先、库内动线优先、批次优先或指定批次出库； </p><p>\\t&nbsp; 2、精细化管理 </p><p>\\t&nbsp; 系统采用逐号管理方式，管理到每一个库位、每一个货物，平台根据上架、拣货等智能策略，精确提供存放、提取货物的优先方案，提升工作效率。 \\t</p><p>\\t&nbsp; 3、提升各环节作业效率 </p><p>\\t&nbsp; 系统采用条码技术，对仓储业务管理中物料的入库、在库盘点、出库等各个环节进行数据自动化采集，使各个环节运作流畅，信息也能实现共享，确保储管理人员实时准确的掌握库存的真实情况。 </p><p>\\t&nbsp; 4、集成内部信息系统 </p><p>\\t&nbsp; 在很多企业里，往往都会有着多个信息化系统，如SAP/ERP、MES、TMS、SRM等等，而仓储管理系统具有很好的集成性，可与这些系统对接在一起，让数据实时同步，提升公司供应链效率。 </p><p>\\t&nbsp; 完善的仓储管理不仅可以提高公司仓储资产的利用率，减少库存和降低存货管理成本，而且可以缩短商品的交付时间，提高对顾客的快速反应能力和提高公司的经营利润。而标领wms仓储管理系统正好可以帮', '{\"msg\":\"操作成功\",\"code\":200}', '0', null, '2022-03-12 10:02:33');
INSERT INTO `sys_oper_log` VALUES ('5', '文章管理', '2', 'cn.source.system.controller.CmsArticleController.edit()', 'PUT', '1', 'admin', null, '/system/article', '117.147.119.38', '浙江省 温州市', '{\"smallTitle\":\"大型企业SAP集成WMS系统方案流程\",\"updateTime\":1647050720738,\"params\":{},\"bigTitle\":\"对于很多大型企业而言，尽管他们已经上线了SAP/ERP系统，但是他们的仓储管理方式仍然采用人工手动记账进行日常仓库作业，包括出入库、盘点、调拨、补货、质检等等。随着仓储业务的运作日益频繁，现有的仓储方式不仅工作量大、繁琐、耗时长，且人工操作导致仓库作业数据不准确，数据无法实时共享，加大管理难度。\",\"faceUrl\":\"/profile/upload/2022/03/12/ce8225f8-9625-4ab2-934e-556af58354d0.jpg\",\"articleSource\":\"开源字节\",\"articleType\":\"解决方案\",\"createTime\":1647050554000,\"articleContent\":\"<p>对于很多大型企业而言，尽管他们已经上线了SAP/ERP系统，但是他们的仓储管理方式仍然采用人工手动记账进行日常仓库作业，包括出入库、盘点、调拨、补货、质检等等。随着仓储业务的运作日益频繁，现有的仓储方式不仅工作量大、繁琐、耗时长，且人工操作导致仓库作业数据不准确，数据无法实时共享，加大管理难度。 \\t</p><p>&nbsp; 仓库管理主要问题点： </p><p>&nbsp; 1、库内管理制度难以落实，库位规划、物料/成品的摆放依旧较为混乱，加大了作业难度； </p><p>&nbsp; 2、对老员工依赖高，且人员流动较大，仓库整体效率低，出错率高； </p><p>&nbsp; 3、业务部门与仓储部门无法有效联动； </p><p>&nbsp; 4、仓库主管无法随时掌握库内实时运作动态，出现问题既不能及时发现，也不能快速解决； </p><p>&nbsp; 5、缺乏准确的实时库存，导致账务库存与实际库存具有较大差异，库存成本高； \\t</p><p>&nbsp; 6、缺乏各类专业报表支撑管理层决策； </p><p>&nbsp; 7、引进的仓储系统，必须要可以与SAP/ERP系统集成，否则容易信息孤岛，影响供应链效率。 </p><p class=\\\"ql-align-center\\\">\\t<img src=\\\"http://www.biaoling.net/data/upload/image/202009/c0f28716377a3713f1b6f8fe15ab0906.jpg\\\"></p><p>&nbsp; 开源字节高度成熟的<strong>WMS仓储管理系统</strong>可以很好满足大型企业仓储管理需求，产品的灵活可配置性也为公司未来业务的扩展提供便利，同时系统可与公司内部的SAP/ERP、SRM系统和MES系统等无缝集成，实现多系统间数据同步共享，从而建设统一化、标准化、透明化的管理体系。 </p><p>  1、策略管理 </p><p>&nbsp; a、收货策略：部分收货（一单收多次）、合单收货（一人收多单）、并行收货（多人收一单）； </p><p>&nbsp; b、上架策略：系统采用分区存储、近发货口优先、ABC规则优先、货品属性优先（性、重、体）等上架策略； </p><p>&nbsp; c、出库策略：先进先出（按入库自然时间）、保质期优先、库内动线优先、批次优先或指定批次出库； </p><p>&nbsp; 2、精细化管理 </p><p>&nbsp; 系统采用逐号管理方式，管理到每一个库位、每一个货物，平台根据上架、拣货等智能策略，精确提供存放、提取货物的优先方案，提升工作效率。 \\t</p><p>&nbsp; 3、提升各环节作业效率 </p><p> 系统采用条码技术，对仓储业务管理中物料的入库、在库盘点、出库等各个环节进行数据自动化采集，使各个环节运作流畅，信息也能实现共享，确保储管理人员实时准确的掌握库存的真实情况。 </p><p>&nbsp; 4、集成内部信息系统 </p><p>&nbsp; 在很多企业里，往往都会有着多个信息化系统，如SAP/ERP、MES、TMS、SRM等等，而仓储管理系统具有很好的集成性，可与这些系统对接在一起，让数据实时同步，提升公司供应链效率。 </p><p>&nbsp; 完善的仓储管理不仅可以提高公司仓储资产的利用率，减少库存和降低存货管理成本，而且可以缩短商品的交付时间，提高对顾客的快速反应能力和提高公司的经营利润。而开源字节wms仓储管理系统正好可以帮助企业实现这一点。     </p>\",\"id\":72}', '{\"msg\":\"操作成功\",\"code\":200}', '0', null, '2022-03-12 10:05:20');
INSERT INTO `sys_oper_log` VALUES ('6', '文章管理', '2', 'cn.source.system.controller.CmsArticleController.edit()', 'PUT', '1', 'admin', null, '/system/article', '117.147.119.38', '浙江省 温州市', '{\"smallTitle\":\"大型企业SAP集成WMS系统方案流程\",\"updateTime\":1647050877083,\"params\":{},\"bigTitle\":\"对于很多大型企业而言，尽管他们已经上线了SAP/ERP系统，但是他们的仓储管理方式仍然采用人工手动记账进行日常仓库作业，包括出入库、盘点、调拨、补货、质检等等。随着仓储业务的运作日益频繁，现有的仓储方式不仅工作量大、繁琐、耗时长，且人工操作导致仓库作业数据不准确，数据无法实时共享，加大管理难度。\",\"faceUrl\":\"/profile/upload/2022/03/12/ce8225f8-9625-4ab2-934e-556af58354d0.jpg\",\"articleSource\":\"开源字节\",\"articleType\":\"解决方案\",\"createTime\":1647050554000,\"articleContent\":\"<p>\\t对于很多大型企业而言，尽管他们已经上线了SAP/ERP系统，但是他们的仓储管理方式仍然采用人工手动记账进行日常仓库作业，包括出入库、盘点、调拨、补货、质检等等。随着仓储业务的运作日益频繁，现有的仓储方式不仅工作量大、繁琐、耗时长，且人工操作导致仓库作业数据不准确，数据无法实时共享，加大管理难度。 \\t</p><p>&nbsp; 仓库管理主要问题点： </p><p>&nbsp; 1、库内管理制度难以落实，库位规划、物料/成品的摆放依旧较为混乱，加大了作业难度； </p><p>&nbsp; 2、对老员工依赖高，且人员流动较大，仓库整体效率低，出错率高； </p><p>&nbsp; 3、业务部门与仓储部门无法有效联动； </p><p>&nbsp; 4、仓库主管无法随时掌握库内实时运作动态，出现问题既不能及时发现，也不能快速解决； </p><p>&nbsp; 5、缺乏准确的实时库存，导致账务库存与实际库存具有较大差异，库存成本高； \\t</p><p>&nbsp; 6、缺乏各类专业报表支撑管理层决策； </p><p>&nbsp; 7、引进的仓储系统，必须要可以与SAP/ERP系统集成，否则容易信息孤岛，影响供应链效率。 </p><p class=\\\"ql-align-center\\\">\\t<img src=\\\"http://www.biaoling.net/data/upload/image/202009/c0f28716377a3713f1b6f8fe15ab0906.jpg\\\"></p><p>&nbsp; 开源字节高度成熟的<strong>WMS仓储管理系统</strong>可以很好满足大型企业仓储管理需求，产品的灵活可配置性也为公司未来业务的扩展提供便利，同时系统可与公司内部的SAP/ERP、SRM系统和MES系统等无缝集成，实现多系统间数据同步共享，从而建设统一化、标准化、透明化的管理体系。 </p><p>  1、策略管理 </p><p>&nbsp; a、收货策略：部分收货（一单收多次）、合单收货（一人收多单）、并行收货（多人收一单）； </p><p>&nbsp; b、上架策略：系统采用分区存储、近发货口优先、ABC规则优先、货品属性优先（性、重、体）等上架策略； </p><p>&nbsp; c、出库策略：先进先出（按入库自然时间）、保质期优先、库内动线优先、批次优先或指定批次出库； </p><p>&nbsp; 2、精细化管理 </p><p>&nbsp; 系统采用逐号管理方式，管理到每一个库位、每一个货物，平台根据上架、拣货等智能策略，精确提供存放、提取货物的优先方案，提升工作效率。 \\t</p><p>&nbsp; 3、提升各环节作业效率 </p><p> 系统采用条码技术，对仓储业务管理中物料的入库、在库盘点、出库等各个环节进行数据自动化采集，使各个环节运作流畅，信息也能实现共享，确保储管理人员实时准确的掌握库存的真实情况。 </p><p>&nbsp; 4、集成内部信息系统 </p><p>&nbsp; 在很多企业里，往往都会有着多个信息化系统，如SAP/ERP、MES、TMS、SRM等等，而仓储管理系统具有很好的集成性，可与这些系统对接在一起，让数据实时同步，提升公司供应链效率。 </p><p>&nbsp; 完善的仓储管理不仅可以提高公司仓储资产的利用率，减少库存和降低存货管理成本，而且可以缩短商品的交付时间，提高对顾客的快速反应能力和提高公司的经营利润。而开源字节wms仓储管理系统正好可以帮助企业实现这一点。     </p>\",\"id\":72}', '{\"msg\":\"操作成功\",\"code\":200}', '0', null, '2022-03-12 10:07:57');
INSERT INTO `sys_oper_log` VALUES ('7', '文章管理', '2', 'cn.source.system.controller.CmsArticleController.edit()', 'PUT', '1', 'admin', null, '/system/article', '117.147.119.38', '浙江省 温州市', '{\"smallTitle\":\"大型企业SAP集成WMS系统方案流程\",\"updateTime\":1647050954243,\"params\":{},\"bigTitle\":\"对于很多大型企业而言，尽管他们已经上线了SAP/ERP系统，但是他们的仓储管理方式仍然采用人工手动记账进行日常仓库作业，包括出入库、盘点、调拨、补货、质检等等。随着仓储业务的运作日益频繁，现有的仓储方式不仅工作量大、繁琐、耗时长，且人工操作导致仓库作业数据不准确，数据无法实时共享，加大管理难度。\",\"faceUrl\":\"/profile/upload/2022/03/12/ce8225f8-9625-4ab2-934e-556af58354d0.jpg\",\"articleSource\":\"开源字节\",\"articleType\":\"解决方案\",\"createTime\":1647050554000,\"articleContent\":\"<p>\\t对于很多大型企业而言，尽管他们已经上线了SAP/ERP系统，但是他们的仓储管理方式仍然采用人工手动记账进行日常仓库作业，包括出入库、盘点、调拨、补货、质检等等。随着仓储业务的运作日益频繁，现有的仓储方式不仅工作量大、繁琐、耗时长，且人工操作导致仓库作业数据不准确，数据无法实时共享，加大管理难度。 \\t</p><p>\\t仓库管理主要问题点： </p><p>&nbsp;\\t1、库内管理制度难以落实，库位规划、物料/成品的摆放依旧较为混乱，加大了作业难度； </p><p>&nbsp; \\t2、对老员工依赖高，且人员流动较大，仓库整体效率低，出错率高； </p><p>&nbsp; \\t3、业务部门与仓储部门无法有效联动； </p><p>&nbsp; \\t4、仓库主管无法随时掌握库内实时运作动态，出现问题既不能及时发现，也不能快速解决； </p><p>&nbsp; \\t5、缺乏准确的实时库存，导致账务库存与实际库存具有较大差异，库存成本高； \\t</p><p>&nbsp; \\t6、缺乏各类专业报表支撑管理层决策； </p><p>&nbsp; \\t7、引进的仓储系统，必须要可以与SAP/ERP系统集成，否则容易信息孤岛，影响供应链效率。 </p><p class=\\\"ql-align-center\\\">\\t<img src=\\\"http://www.biaoling.net/data/upload/image/202009/c0f28716377a3713f1b6f8fe15ab0906.jpg\\\"></p><p class=\\\"ql-align-center\\\">\\t 开源字节高度成熟的<strong>WMS仓储管理系统</strong>可以很好满足大型企业仓储管理需求，产品的灵活可配置性也为公司未来业务的扩展提供便利，同时系统 可与公司内部的SAP/ERP、SRM系统和MES系统等无缝集成，实现多系统间数据同步共享，从而建设统一化、标准化、透明化的管理体系。 </p><p>  \\t1、策略管理 </p><p>&nbsp; \\ta、收货策略：部分收货（一单收多次）、合单收货（一人收多单）、并行收货（多人收一单）； </p><p>&nbsp; \\tb、上架策略：系统采用分区存储、近发货口优先、ABC规则优先、货品属性优先（性、重、体）等上架策略； </p><p>&nbsp; \\tc、出库策略：先进先出（按入库自然时间）、保质期优先、库内动线优先、批次优先或指定批次出库； </p><p>&nbsp; \\t2、精细化管理 </p><p>&nbsp; \\t 系统采用逐号管理方式，管理到每一个库位、每一个货物，平台根据上架、拣货等智能策略，精确提供存放、提取货物的优先方案，提升工作效率。 \\t</p><p>&nbsp; \\t3、提升各环节作业效率 </p><p>\\t 系统采用条码技术，对仓储业务管理中物料的入库、在库盘点、出库等各个环节进行数据自动化采集，使各个环节运作流畅，信息也能实现共享，确保储管理人员实时准确的掌握库存的真实情况。 </p><p>&nbsp;\\t4、集成内部信息系统 </p><p>\\t 在很多企业里，往往都会有着多个信息化系统，如SAP/ERP、MES、TMS、SRM等等，而仓储管理系统具有很好的集成性，可与这些系统对接在一起，让数据实时同步，提升公司供应链效率。 </p><p>&nbsp;\\t 完善的仓储管理不仅可以提高公司仓储资产的利用率，减少库存和降低存货管理成本，而且可以缩短商品的交付时间，提高对顾客的快速反应能力和提高公司的经营利润。而开源字节wms仓储管理系统正好可以帮助企业实现这一点。     </p>\",\"id\":72}', '{\"msg\":\"操作成功\",\"code\":200}', '0', null, '2022-03-12 10:09:14');
INSERT INTO `sys_oper_log` VALUES ('8', '文章管理', '2', 'cn.source.system.controller.CmsArticleController.edit()', 'PUT', '1', 'admin', null, '/system/article', '117.147.119.38', '浙江省 温州市', '{\"smallTitle\":\"大型企业SAP集成WMS系统方案流程\",\"updateTime\":1647050968457,\"params\":{},\"bigTitle\":\"对于很多大型企业而言，尽管他们已经上线了SAP/ERP系统，但是他们的仓储管理方式仍然采用人工手动记账进行日常仓库作业，包括出入库、盘点、调拨、补货、质检等等。随着仓储业务的运作日益频繁，现有的仓储方式不仅工作量大、繁琐、耗时长，且人工操作导致仓库作业数据不准确，数据无法实时共享，加大管理难度。\",\"faceUrl\":\"/profile/upload/2022/03/12/ce8225f8-9625-4ab2-934e-556af58354d0.jpg\",\"articleSource\":\"开源字节\",\"articleType\":\"解决方案\",\"createTime\":1647050554000,\"articleContent\":\"<p>\\t对于很多大型企业而言，尽管他们已经上线了SAP/ERP系统，但是他们的仓储管理方式仍然采用人工手动记账进行日常仓库作业，包括出入库、盘点、调拨、补货、质检等等。随着仓储业务的运作日益频繁，现有的仓储方式不仅工作量大、繁琐、耗时长，且人工操作导致仓库作业数据不准确，数据无法实时共享，加大管理难度。 \\t</p><p>\\t仓库管理主要问题点： </p><p>&nbsp;\\t1、库内管理制度难以落实，库位规划、物料/成品的摆放依旧较为混乱，加大了作业难度； </p><p>&nbsp; \\t2、对老员工依赖高，且人员流动较大，仓库整体效率低，出错率高； </p><p>&nbsp; \\t3、业务部门与仓储部门无法有效联动； </p><p>&nbsp; \\t4、仓库主管无法随时掌握库内实时运作动态，出现问题既不能及时发现，也不能快速解决； </p><p>&nbsp; \\t5、缺乏准确的实时库存，导致账务库存与实际库存具有较大差异，库存成本高； \\t</p><p>&nbsp; \\t6、缺乏各类专业报表支撑管理层决策； </p><p>&nbsp; \\t7、引进的仓储系统，必须要可以与SAP/ERP系统集成，否则容易信息孤岛，影响供应链效率。 </p><p class=\\\"ql-align-center\\\">\\t<img src=\\\"http://www.biaoling.net/data/upload/image/202009/c0f28716377a3713f1b6f8fe15ab0906.jpg\\\"></p><p class=\\\"ql-align-center\\\">\\t 开源字节高度成熟的<strong>WMS仓储管理系统</strong>可以很好满足大型企业仓储管理需求，产品的灵活可配置性也为公司未来业务的扩展提供便利，同时系统 可与公司内部的SAP/ERP、SRM系统和MES系统等无缝集成，实现多系统间数据同步共享，从而建设统一化、标准化、透明化的管理体系。 </p><p>  \\t1、策略管理 </p><p>&nbsp; \\ta、收货策略：部分收货（一单收多次）、合单收货（一人收多单）、并行收货（多人收一单）； </p><p>&nbsp; \\tb、上架策略：系统采用分区存储、近发货口优先、ABC规则优先、货品属性优先（性、重、体）等上架策略； </p><p>&nbsp; \\tc、出库策略：先进先出（按入库自然时间）、保质期优先、库内动线优先、批次优先或指定批次出库； </p><p>&nbsp; \\t2、精细化管理 </p><p>&nbsp; \\t 系统采用逐号管理方式，管理到每一个库位、每一个货物，平台根据上架、拣货等智能策略，精确提供存放、提取货物的优先方案，提升工作效率。 \\t</p><p>&nbsp; \\t3、提升各环节作业效率 </p><p>\\t 系统采用条码技术，对仓储业务管理中物料的入库、在库盘点、出库等各个环节进行数据自动化采集，使各个环节运作流畅，信息也能实现共享，确保储管理人员实时准确的掌握库存的真实情况。 </p><p>&nbsp;\\t4、集成内部信息系统 </p><p>\\t 在很多企业里，往往都会有着多个信息化系统，如SAP/ERP、MES、TMS、SRM等等，而仓储管理系统具有很好的集成性，可与这些系统对接在一起，让数据实时同步，提升公司供应链效率。 </p><p>&nbsp;\\t 完善的仓储管理不仅可以提高公司仓储资产的利用率，减少库存和降低存货管理成本，而且可以缩短商品的交付时间，提高对顾客的快速反应能力和提高公司的经营利润。而开源字节wms仓储管理系统正好可以帮助企业实现这一点。     </p>\",\"id\":72}', '{\"msg\":\"操作成功\",\"code\":200}', '0', null, '2022-03-12 10:09:28');
INSERT INTO `sys_oper_log` VALUES ('9', '菜单管理', '3', 'cn.source.web.controller.system.SysMenuController.remove()', 'DELETE', '1', 'admin', null, '/system/menu/1073', '117.147.119.38', '浙江省 温州市', '{menuId=1073}', '{\"msg\":\"操作成功\",\"code\":200}', '0', null, '2022-03-12 22:18:31');
INSERT INTO `sys_oper_log` VALUES ('10', '菜单管理', '2', 'cn.source.web.controller.system.SysMenuController.edit()', 'PUT', '1', 'admin', null, '/system/menu', '117.147.119.38', '浙江省 温州市', '{\"visible\":\"0\",\"icon\":\"link\",\"orderNum\":1,\"menuName\":\"友情链接\",\"params\":{},\"parentId\":1061,\"isCache\":\"0\",\"path\":\"link\",\"component\":\"system/link/index\",\"children\":[],\"createTime\":1647094204000,\"updateBy\":\"admin\",\"isFrame\":\"1\",\"menuId\":1143,\"menuType\":\"C\",\"perms\":\"system:link:list\",\"status\":\"0\"}', '{\"msg\":\"操作成功\",\"code\":200}', '0', null, '2022-03-12 22:18:52');
INSERT INTO `sys_oper_log` VALUES ('11', '友情链接', '1', 'cn.source.system.controller.CmsLinkController.add()', 'POST', '1', 'admin', null, '/system/link', '117.147.119.38', '浙江省 温州市', '{\"params\":{},\"linkName\":\"CSDN\",\"linkLogo\":\"https://blog.csdn.net/qq_35634154\",\"createTime\":1647094782180,\"linkUrl\":\"https://blog.csdn.net/qq_35634154\",\"linkWay\":\"https://blog.csdn.net/qq_35634154\",\"linkShow\":\"https://blog.csdn.net/qq_35634154\",\"id\":9}', '{\"msg\":\"操作成功\",\"code\":200}', '0', null, '2022-03-12 22:19:42');
INSERT INTO `sys_oper_log` VALUES ('12', '友情链接', '1', 'cn.source.system.controller.CmsLinkController.add()', 'POST', '1', 'admin', null, '/system/link', '117.147.119.38', '浙江省 温州市', '{\"params\":{},\"linkName\":\"码云\",\"linkLogo\":\"https://gitee.com/open-source-byte\",\"createTime\":1647094854232,\"linkUrl\":\"https://gitee.com/open-source-byte\",\"linkWay\":\"https://gitee.com/open-source-byte\",\"linkShow\":\"https://gitee.com/open-source-byte\",\"id\":10}', '{\"msg\":\"操作成功\",\"code\":200}', '0', null, '2022-03-12 22:20:54');
INSERT INTO `sys_oper_log` VALUES ('13', '字典数据', '1', 'cn.source.web.controller.system.SysDictDataController.add()', 'POST', '1', 'admin', null, '/system/dict/data', '117.147.119.38', '浙江省 温州市', '{\"dictValue\":\"反馈\",\"listClass\":\"default\",\"dictSort\":0,\"params\":{},\"dictType\":\"sys_feedback_type\",\"dictLabel\":\"反馈\",\"createBy\":\"admin\",\"default\":false,\"status\":\"0\"}', '{\"msg\":\"操作成功\",\"code\":200}', '0', null, '2022-03-12 22:22:42');
INSERT INTO `sys_oper_log` VALUES ('14', '字典类型', '3', 'cn.source.web.controller.system.SysDictDataController.remove()', 'DELETE', '1', 'admin', null, '/system/dict/data/49', '117.147.119.38', '浙江省 温州市', '{dictCodes=49}', '{\"msg\":\"操作成功\",\"code\":200}', '0', null, '2022-03-12 22:22:46');
INSERT INTO `sys_oper_log` VALUES ('15', '字典数据', '2', 'cn.source.web.controller.system.SysDictDataController.edit()', 'PUT', '1', 'admin', null, '/system/dict/data', '117.147.119.38', '浙江省 温州市', '{\"dictValue\":\"反馈\",\"listClass\":\"default\",\"dictSort\":2,\"params\":{},\"dictType\":\"sys_feedback_type\",\"dictLabel\":\"反馈\",\"createBy\":\"admin\",\"default\":false,\"isDefault\":\"N\",\"createTime\":1647094962000,\"dictCode\":56,\"updateBy\":\"admin\",\"status\":\"0\"}', '{\"msg\":\"操作成功\",\"code\":200}', '0', null, '2022-03-12 22:22:50');
INSERT INTO `sys_oper_log` VALUES ('16', '意见反馈', '3', 'cn.source.system.controller.CmsFeedbackController.remove()', 'DELETE', '1', 'admin', null, '/system/feedback/1', '117.147.119.38', '浙江省 温州市', '{ids=1}', '{\"msg\":\"操作成功\",\"code\":200}', '0', null, '2022-03-12 22:22:57');
INSERT INTO `sys_oper_log` VALUES ('17', '意见反馈', '3', 'cn.source.system.controller.CmsFeedbackController.remove()', 'DELETE', '1', 'admin', null, '/system/feedback/2', '117.147.119.38', '浙江省 温州市', '{ids=2}', '{\"msg\":\"操作成功\",\"code\":200}', '0', null, '2022-03-12 22:23:54');
INSERT INTO `sys_oper_log` VALUES ('18', '菜单管理', '2', 'cn.source.web.controller.system.SysMenuController.edit()', 'PUT', '1', 'admin', null, '/system/menu', '117.147.119.38', '浙江省 温州市', '{\"visible\":\"0\",\"icon\":\"time\",\"orderNum\":3,\"menuName\":\"历史消息\",\"params\":{},\"parentId\":1080,\"isCache\":\"0\",\"path\":\"2\",\"children\":[],\"createTime\":1644976262000,\"updateBy\":\"admin\",\"isFrame\":\"1\",\"menuId\":1081,\"menuType\":\"M\",\"perms\":\"\",\"status\":\"0\"}', '{\"msg\":\"操作成功\",\"code\":200}', '0', null, '2022-03-12 22:25:30');
INSERT INTO `sys_oper_log` VALUES ('19', '菜单管理', '1', 'cn.source.web.controller.system.SysMenuController.add()', 'POST', '1', 'admin', null, '/system/menu', '117.147.119.38', '浙江省 温州市', '{\"visible\":\"0\",\"icon\":\"component\",\"orderNum\":2,\"menuName\":\"历史会话\",\"params\":{},\"parentId\":1080,\"isCache\":\"0\",\"path\":\"2\",\"createBy\":\"admin\",\"children\":[],\"isFrame\":\"1\",\"menuType\":\"M\",\"status\":\"0\"}', '{\"msg\":\"操作成功\",\"code\":200}', '0', null, '2022-03-12 22:26:09');
INSERT INTO `sys_oper_log` VALUES ('20', '代码生成', '8', 'cn.source.generator.controller.GenController.batchGenCode()', 'GET', '1', 'admin', null, '/tool/gen/batchGenCode', '120.231.136.116', '广东省 ', '{}', null, '0', null, '2022-03-12 23:11:08');
INSERT INTO `sys_oper_log` VALUES ('21', '服务条目', '2', 'cn.source.system.controller.CmsServiceItemController.edit()', 'PUT', '1', 'admin', null, '/system/item', '117.147.119.38', '浙江省 温州市', '{\"createBy\":\"\",\"createTime\":1645950911000,\"updateBy\":\"\",\"updateTime\":1647142874759,\"id\":2,\"state\":\"0\",\"params\":{},\"title\":\"合作\",\"type\":\"代理合作\",\"content\":\"<h1 class=\\\"ql-align-center\\\">商务合作请联系我们</h1><p>联系电话： 187-2098-9281（詹经理）</p><p>售前联系： 8487023952@qq.com</p><p>售后联系： 261648947@qq.com</p>\"}', '{\"msg\":\"操作成功\",\"code\":200}', '0', null, '2022-03-13 11:41:14');
INSERT INTO `sys_oper_log` VALUES ('22', '服务条目', '2', 'cn.source.system.controller.CmsServiceItemController.edit()', 'PUT', '1', 'admin', null, '/system/item', '117.147.119.38', '浙江省 温州市', '{\"createBy\":\"\",\"createTime\":1645950911000,\"updateBy\":\"\",\"updateTime\":1647142994131,\"id\":2,\"state\":\"0\",\"params\":{},\"title\":\"合作\",\"type\":\"代理合作\",\"content\":\"<h1 class=\\\"ql-align-center\\\">商务合作请联系我们</h1><p>联系电话： 187-2098-9281（詹经理）</p><p>售前邮箱： 8487023952@qq.com</p><p>售后邮箱： 261648947@qq.com</p>\"}', '{\"msg\":\"操作成功\",\"code\":200}', '0', null, '2022-03-13 11:43:14');
INSERT INTO `sys_oper_log` VALUES ('23', '菜单管理', '2', 'cn.source.web.controller.system.SysMenuController.edit()', 'PUT', '1', 'admin', null, '/system/menu', '117.147.119.38', '浙江省 温州市', '{\"visible\":\"0\",\"icon\":\"job\",\"orderNum\":8,\"menuName\":\"智慧家居\",\"params\":{},\"parentId\":0,\"isCache\":\"0\",\"path\":\"8\",\"children\":[],\"createTime\":1646718958000,\"updateBy\":\"admin\",\"isFrame\":\"1\",\"menuId\":1141,\"menuType\":\"M\",\"perms\":\"\",\"status\":\"0\"}', '{\"msg\":\"操作成功\",\"code\":200}', '0', null, '2022-03-13 17:33:23');
INSERT INTO `sys_oper_log` VALUES ('24', '代码生成', '8', 'cn.source.generator.controller.GenController.batchGenCode()', 'GET', '1', 'admin', null, '/tool/gen/batchGenCode', '59.37.162.5', '广东省 江门市', '{}', null, '0', null, '2022-03-14 08:10:30');
INSERT INTO `sys_oper_log` VALUES ('25', '代码生成', '6', 'cn.source.generator.controller.GenController.importTableSave()', 'POST', '1', 'admin', null, '/tool/gen/importTable', '59.37.162.5', '广东省 江门市', 'sys_oper_log', '{\"msg\":\"操作成功\",\"code\":200}', '0', null, '2022-03-14 08:11:13');
INSERT INTO `sys_oper_log` VALUES ('26', '在线用户', '7', 'cn.source.web.controller.monitor.SysUserOnlineController.forceLogout()', 'DELETE', '1', 'admin', null, '/monitor/online/66df08a0-a441-425a-ab11-a7ea0e7859ff', '59.37.162.5', '广东省 江门市', '{tokenId=66df08a0-a441-425a-ab11-a7ea0e7859ff}', '{\"msg\":\"操作成功\",\"code\":200}', '0', null, '2022-03-14 08:46:23');
INSERT INTO `sys_oper_log` VALUES ('27', '代码生成', '8', 'cn.source.generator.controller.GenController.batchGenCode()', 'GET', '1', 'admin', null, '/tool/gen/batchGenCode', '58.210.38.83', '江苏省 苏州市', '{}', null, '0', null, '2022-03-14 09:51:24');
INSERT INTO `sys_oper_log` VALUES ('28', '代码生成', '8', 'cn.source.generator.controller.GenController.batchGenCode()', 'GET', '1', 'admin', null, '/tool/gen/batchGenCode', '124.202.240.162', '北京市 北京市', '{}', null, '0', null, '2022-03-14 14:06:01');
INSERT INTO `sys_oper_log` VALUES ('29', '代码生成', '6', 'cn.source.generator.controller.GenController.importTableSave()', 'POST', '1', 'admin', null, '/tool/gen/importTable', '124.202.240.162', '北京市 北京市', 'sys_post', '{\"msg\":\"操作成功\",\"code\":200}', '0', null, '2022-03-14 14:07:09');
INSERT INTO `sys_oper_log` VALUES ('30', '代码生成', '2', 'cn.source.generator.controller.GenController.synchDb()', 'GET', '1', 'admin', null, '/tool/gen/synchDb/sys_post', '124.202.240.162', '北京市 北京市', '{tableName=sys_post}', '{\"msg\":\"操作成功\",\"code\":200}', '0', null, '2022-03-14 14:07:36');
INSERT INTO `sys_oper_log` VALUES ('31', '代码生成', '8', 'cn.source.generator.controller.GenController.batchGenCode()', 'GET', '1', 'admin', null, '/tool/gen/batchGenCode', '124.202.240.162', '北京市 北京市', '{}', null, '0', null, '2022-03-14 14:08:34');
INSERT INTO `sys_oper_log` VALUES ('32', '代码生成', '8', 'cn.source.generator.controller.GenController.batchGenCode()', 'GET', '1', 'admin', null, '/tool/gen/batchGenCode', '124.202.240.162', '北京市 北京市', '{}', null, '0', null, '2022-03-14 14:35:53');
INSERT INTO `sys_oper_log` VALUES ('33', '代码生成', '8', 'cn.source.generator.controller.GenController.batchGenCode()', 'GET', '1', 'admin', null, '/tool/gen/batchGenCode', '124.202.240.162', '北京市 北京市', '{}', null, '0', null, '2022-03-14 15:08:17');
INSERT INTO `sys_oper_log` VALUES ('34', '菜单管理', '3', 'cn.source.web.controller.system.SysMenuController.remove()', 'DELETE', '1', 'admin', null, '/system/menu/1126', '183.134.149.35', '浙江省 杭州市', '{menuId=1126}', '{\"msg\":\"操作成功\",\"code\":200}', '0', null, '2022-03-14 15:20:54');
INSERT INTO `sys_oper_log` VALUES ('35', '菜单管理', '3', 'cn.source.web.controller.system.SysMenuController.remove()', 'DELETE', '1', 'admin', null, '/system/menu/1127', '183.134.149.35', '浙江省 杭州市', '{menuId=1127}', '{\"msg\":\"操作成功\",\"code\":200}', '0', null, '2022-03-14 15:20:56');
INSERT INTO `sys_oper_log` VALUES ('36', '菜单管理', '3', 'cn.source.web.controller.system.SysMenuController.remove()', 'DELETE', '1', 'admin', null, '/system/menu/1128', '183.134.149.35', '浙江省 杭州市', '{menuId=1128}', '{\"msg\":\"操作成功\",\"code\":200}', '0', null, '2022-03-14 15:20:59');
INSERT INTO `sys_oper_log` VALUES ('37', '菜单管理', '3', 'cn.source.web.controller.system.SysMenuController.remove()', 'DELETE', '1', 'admin', null, '/system/menu/1110', '183.134.149.35', '浙江省 杭州市', '{menuId=1110}', '{\"msg\":\"操作成功\",\"code\":200}', '0', null, '2022-03-14 15:21:01');
INSERT INTO `sys_oper_log` VALUES ('38', '菜单管理', '3', 'cn.source.web.controller.system.SysMenuController.remove()', 'DELETE', '1', 'admin', null, '/system/menu/1108', '183.134.149.35', '浙江省 杭州市', '{menuId=1108}', '{\"msg\":\"操作成功\",\"code\":200}', '0', null, '2022-03-14 15:21:04');
INSERT INTO `sys_oper_log` VALUES ('39', '菜单管理', '3', 'cn.source.web.controller.system.SysMenuController.remove()', 'DELETE', '1', 'admin', null, '/system/menu/1118', '183.134.149.35', '浙江省 杭州市', '{menuId=1118}', '{\"msg\":\"操作成功\",\"code\":200}', '0', null, '2022-03-14 15:21:06');
INSERT INTO `sys_oper_log` VALUES ('40', '菜单管理', '3', 'cn.source.web.controller.system.SysMenuController.remove()', 'DELETE', '1', 'admin', null, '/system/menu/1106', '183.134.149.35', '浙江省 杭州市', '{menuId=1106}', '{\"msg\":\"操作成功\",\"code\":200}', '0', null, '2022-03-14 15:21:10');
INSERT INTO `sys_oper_log` VALUES ('41', '菜单管理', '3', 'cn.source.web.controller.system.SysMenuController.remove()', 'DELETE', '1', 'admin', null, '/system/menu/1107', '183.134.149.35', '浙江省 杭州市', '{menuId=1107}', '{\"msg\":\"操作成功\",\"code\":200}', '0', null, '2022-03-14 15:21:12');
INSERT INTO `sys_oper_log` VALUES ('42', '菜单管理', '3', 'cn.source.web.controller.system.SysMenuController.remove()', 'DELETE', '1', 'admin', null, '/system/menu/1109', '183.134.149.35', '浙江省 杭州市', '{menuId=1109}', '{\"msg\":\"操作成功\",\"code\":200}', '0', null, '2022-03-14 15:21:15');
INSERT INTO `sys_oper_log` VALUES ('43', '菜单管理', '3', 'cn.source.web.controller.system.SysMenuController.remove()', 'DELETE', '1', 'admin', null, '/system/menu/1124', '183.134.149.35', '浙江省 杭州市', '{menuId=1124}', '{\"msg\":\"操作成功\",\"code\":200}', '0', null, '2022-03-14 15:21:22');
INSERT INTO `sys_oper_log` VALUES ('44', '菜单管理', '3', 'cn.source.web.controller.system.SysMenuController.remove()', 'DELETE', '1', 'admin', null, '/system/menu/1125', '183.134.149.35', '浙江省 杭州市', '{menuId=1125}', '{\"msg\":\"操作成功\",\"code\":200}', '0', null, '2022-03-14 15:21:24');
INSERT INTO `sys_oper_log` VALUES ('45', '菜单管理', '3', 'cn.source.web.controller.system.SysMenuController.remove()', 'DELETE', '1', 'admin', null, '/system/menu/1071', '183.134.149.35', '浙江省 杭州市', '{menuId=1071}', '{\"msg\":\"操作成功\",\"code\":200}', '0', null, '2022-03-14 15:21:27');
INSERT INTO `sys_oper_log` VALUES ('46', '菜单管理', '3', 'cn.source.web.controller.system.SysMenuController.remove()', 'DELETE', '1', 'admin', null, '/system/menu/1070', '183.134.149.35', '浙江省 杭州市', '{menuId=1070}', '{\"msg\":\"操作成功\",\"code\":200}', '0', null, '2022-03-14 15:21:31');
INSERT INTO `sys_oper_log` VALUES ('47', '菜单管理', '3', 'cn.source.web.controller.system.SysMenuController.remove()', 'DELETE', '1', 'admin', null, '/system/menu/1089', '183.134.149.35', '浙江省 杭州市', '{menuId=1089}', '{\"msg\":\"操作成功\",\"code\":200}', '0', null, '2022-03-14 15:21:37');
INSERT INTO `sys_oper_log` VALUES ('48', '菜单管理', '3', 'cn.source.web.controller.system.SysMenuController.remove()', 'DELETE', '1', 'admin', null, '/system/menu/1086', '183.134.149.35', '浙江省 杭州市', '{menuId=1086}', '{\"msg\":\"操作成功\",\"code\":200}', '0', null, '2022-03-14 15:21:40');
INSERT INTO `sys_oper_log` VALUES ('49', '菜单管理', '3', 'cn.source.web.controller.system.SysMenuController.remove()', 'DELETE', '1', 'admin', null, '/system/menu/1083', '183.134.149.35', '浙江省 杭州市', '{menuId=1083}', '{\"msg\":\"操作成功\",\"code\":200}', '0', null, '2022-03-14 15:21:46');
INSERT INTO `sys_oper_log` VALUES ('50', '菜单管理', '3', 'cn.source.web.controller.system.SysMenuController.remove()', 'DELETE', '1', 'admin', null, '/system/menu/1105', '183.134.149.35', '浙江省 杭州市', '{menuId=1105}', '{\"msg\":\"操作成功\",\"code\":200}', '0', null, '2022-03-14 15:21:48');
INSERT INTO `sys_oper_log` VALUES ('51', '菜单管理', '3', 'cn.source.web.controller.system.SysMenuController.remove()', 'DELETE', '1', 'admin', null, '/system/menu/1082', '183.134.149.35', '浙江省 杭州市', '{menuId=1082}', '{\"msg\":\"操作成功\",\"code\":200}', '0', null, '2022-03-14 15:21:50');
INSERT INTO `sys_oper_log` VALUES ('52', '菜单管理', '3', 'cn.source.web.controller.system.SysMenuController.remove()', 'DELETE', '1', 'admin', null, '/system/menu/1085', '183.134.149.35', '浙江省 杭州市', '{menuId=1085}', '{\"msg\":\"操作成功\",\"code\":200}', '0', null, '2022-03-14 15:23:27');
INSERT INTO `sys_oper_log` VALUES ('53', '菜单管理', '3', 'cn.source.web.controller.system.SysMenuController.remove()', 'DELETE', '1', 'admin', null, '/system/menu/1084', '183.134.149.35', '浙江省 杭州市', '{menuId=1084}', '{\"msg\":\"操作成功\",\"code\":200}', '0', null, '2022-03-14 15:23:30');

-- ----------------------------
-- Table structure for sys_post
-- ----------------------------
DROP TABLE IF EXISTS `sys_post`;
CREATE TABLE `sys_post` (
  `post_id` bigint(20) NOT NULL AUTO_INCREMENT COMMENT '岗位ID',
  `post_code` varchar(64) NOT NULL COMMENT '岗位编码',
  `post_name` varchar(50) NOT NULL COMMENT '岗位名称',
  `post_sort` int(4) NOT NULL COMMENT '显示顺序',
  `status` char(1) NOT NULL COMMENT '状态（0正常 1停用）',
  `create_by` varchar(64) DEFAULT '' COMMENT '创建者',
  `create_time` datetime DEFAULT NULL COMMENT '创建时间',
  `update_by` varchar(64) DEFAULT '' COMMENT '更新者',
  `update_time` datetime DEFAULT NULL COMMENT '更新时间',
  `remark` varchar(500) DEFAULT NULL COMMENT '备注',
  PRIMARY KEY (`post_id`)
) ENGINE=InnoDB AUTO_INCREMENT=8 DEFAULT CHARSET=utf8mb4 COMMENT='岗位信息表';

-- ----------------------------
-- Records of sys_post
-- ----------------------------
INSERT INTO `sys_post` VALUES ('1', 'ceo', '董事长', '1', '0', 'admin', '2021-12-12 13:47:06', '', null, '');
INSERT INTO `sys_post` VALUES ('2', 'manager', '项目经理', '2', '0', 'admin', '2021-12-12 13:47:06', 'admin', '2022-03-01 10:39:43', '');
INSERT INTO `sys_post` VALUES ('3', 'hr', '人力资源', '3', '0', 'admin', '2021-12-12 13:47:06', '', null, '');
INSERT INTO `sys_post` VALUES ('4', 'user', '普通员工', '4', '0', 'admin', '2021-12-12 13:47:06', '', null, '');
INSERT INTO `sys_post` VALUES ('5', 'dev', '开发工程师', '5', '0', 'admin', '2022-02-15 16:59:52', '', null, null);
INSERT INTO `sys_post` VALUES ('6', 'test', '测试工程师', '6', '0', 'admin', '2022-02-15 17:00:10', '', null, null);
INSERT INTO `sys_post` VALUES ('7', 'producter', '产品经理', '7', '0', 'admin', '2022-02-23 15:25:17', 'admin', '2022-03-01 10:39:28', null);

-- ----------------------------
-- Table structure for sys_role
-- ----------------------------
DROP TABLE IF EXISTS `sys_role`;
CREATE TABLE `sys_role` (
  `role_id` bigint(20) NOT NULL AUTO_INCREMENT COMMENT '角色ID',
  `role_name` varchar(30) NOT NULL COMMENT '角色名称',
  `role_key` varchar(100) NOT NULL COMMENT '角色权限字符串',
  `role_sort` int(4) NOT NULL COMMENT '显示顺序',
  `data_scope` char(1) DEFAULT '1' COMMENT '数据范围（1：全部数据权限 2：自定数据权限 3：本部门数据权限 4：本部门及以下数据权限）',
  `menu_check_strictly` tinyint(1) DEFAULT '1' COMMENT '菜单树选择项是否关联显示',
  `dept_check_strictly` tinyint(1) DEFAULT '1' COMMENT '部门树选择项是否关联显示',
  `status` char(1) NOT NULL COMMENT '角色状态（0正常 1停用）',
  `del_flag` char(1) DEFAULT '0' COMMENT '删除标志（0代表存在 2代表删除）',
  `create_by` varchar(64) DEFAULT '' COMMENT '创建者',
  `create_time` datetime DEFAULT NULL COMMENT '创建时间',
  `update_by` varchar(64) DEFAULT '' COMMENT '更新者',
  `update_time` datetime DEFAULT NULL COMMENT '更新时间',
  `remark` varchar(500) DEFAULT NULL COMMENT '备注',
  PRIMARY KEY (`role_id`)
) ENGINE=InnoDB AUTO_INCREMENT=5 DEFAULT CHARSET=utf8mb4 COMMENT='角色信息表';

-- ----------------------------
-- Records of sys_role
-- ----------------------------
INSERT INTO `sys_role` VALUES ('1', '超级管理员', 'admin', '1', '1', '1', '1', '0', '0', 'admin', '2021-12-12 13:47:06', '', null, '超级管理员');
INSERT INTO `sys_role` VALUES ('2', '普通角色', 'common', '2', '2', '1', '1', '0', '0', 'admin', '2021-12-12 13:47:06', 'admin', '2022-03-01 21:07:07', '普通角色');
INSERT INTO `sys_role` VALUES ('3', '产品经理', 'product', '3', '1', '1', '1', '0', '0', 'admin', '2022-02-23 15:29:08', 'admin', '2022-03-01 21:07:01', '演示账户');
INSERT INTO `sys_role` VALUES ('4', '开发工程师', 'dev', '4', '1', '1', '1', '0', '0', 'admin', '2022-02-23 15:36:30', 'admin', '2022-03-01 21:06:57', null);

-- ----------------------------
-- Table structure for sys_role_dept
-- ----------------------------
DROP TABLE IF EXISTS `sys_role_dept`;
CREATE TABLE `sys_role_dept` (
  `role_id` bigint(20) NOT NULL COMMENT '角色ID',
  `dept_id` bigint(20) NOT NULL COMMENT '部门ID',
  PRIMARY KEY (`role_id`,`dept_id`)
) ENGINE=InnoDB DEFAULT CHARSET=utf8mb4 COMMENT='角色和部门关联表';

-- ----------------------------
-- Records of sys_role_dept
-- ----------------------------
INSERT INTO `sys_role_dept` VALUES ('2', '100');
INSERT INTO `sys_role_dept` VALUES ('2', '101');
INSERT INTO `sys_role_dept` VALUES ('2', '105');

-- ----------------------------
-- Table structure for sys_role_menu
-- ----------------------------
DROP TABLE IF EXISTS `sys_role_menu`;
CREATE TABLE `sys_role_menu` (
  `role_id` bigint(20) NOT NULL COMMENT '角色ID',
  `menu_id` bigint(20) NOT NULL COMMENT '菜单ID',
  PRIMARY KEY (`role_id`,`menu_id`)
) ENGINE=InnoDB DEFAULT CHARSET=utf8mb4 COMMENT='角色和菜单关联表';

-- ----------------------------
-- Records of sys_role_menu
-- ----------------------------

-- ----------------------------
-- Table structure for sys_user
-- ----------------------------
DROP TABLE IF EXISTS `sys_user`;
CREATE TABLE `sys_user` (
  `user_id` bigint(20) NOT NULL AUTO_INCREMENT COMMENT '用户ID',
  `dept_id` bigint(20) DEFAULT NULL COMMENT '部门ID',
  `user_name` varchar(30) NOT NULL COMMENT '用户账号',
  `nick_name` varchar(30) NOT NULL COMMENT '用户昵称',
  `user_type` varchar(2) DEFAULT '00' COMMENT '用户类型（00系统用户）',
  `email` varchar(50) DEFAULT '' COMMENT '用户邮箱',
  `phonenumber` varchar(11) DEFAULT '' COMMENT '手机号码',
  `sex` char(1) DEFAULT '0' COMMENT '用户性别（0男 1女 2未知）',
  `avatar` varchar(100) DEFAULT '' COMMENT '头像地址',
  `password` varchar(100) DEFAULT '' COMMENT '密码',
  `status` char(1) DEFAULT '0' COMMENT '帐号状态（0正常 1停用）',
  `del_flag` char(1) DEFAULT '0' COMMENT '删除标志（0代表存在 2代表删除）',
  `login_ip` varchar(128) DEFAULT '' COMMENT '最后登录IP',
  `login_date` datetime DEFAULT NULL COMMENT '最后登录时间',
  `create_by` varchar(64) DEFAULT '' COMMENT '创建者',
  `create_time` datetime DEFAULT NULL COMMENT '创建时间',
  `update_by` varchar(64) DEFAULT '' COMMENT '更新者',
  `update_time` datetime DEFAULT NULL COMMENT '更新时间',
  `remark` varchar(500) DEFAULT NULL COMMENT '备注',
  PRIMARY KEY (`user_id`)
) ENGINE=InnoDB AUTO_INCREMENT=7 DEFAULT CHARSET=utf8mb4 COMMENT='用户信息表';

-- ----------------------------
-- Records of sys_user
-- ----------------------------
INSERT INTO `sys_user` VALUES ('1', '103', 'admin', '詹Sir', '00', '261648947@qq.com', '18720989281', '0', '', '$2a$10$7JB720yubVSZvUI0rEqK/.VqGOZTH.ulu33dHOiBE8ByOhJIrdAu2', '0', '0', '117.147.119.38', '2022-03-14 19:01:03', 'admin', '2021-12-12 13:47:06', '', '2022-03-14 19:01:02', '管理员');
INSERT INTO `sys_user` VALUES ('2', '105', 'ry', '若依', '00', 'ry@qq.com', '15666666666', '1', '', '$2a$10$7JB720yubVSZvUI0rEqK/.VqGOZTH.ulu33dHOiBE8ByOhJIrdAu2', '0', '2', '127.0.0.1', '2021-12-12 13:47:06', 'admin', '2021-12-12 13:47:06', '', null, '测试员');
INSERT INTO `sys_user` VALUES ('3', null, 'aaa', 'alert(\"helo\")', '00', '', '', '0', '', '$2a$10$W2I9vgl45NMNsi3OiFjUO.K5FMIkls34kOEhUG5ze56SlwOonxHSm', '0', '2', '', null, 'admin', '2022-02-08 10:35:11', '', null, null);
INSERT INTO `sys_user` VALUES ('4', '112', 'customer', '演示账户', '00', '', '18758268181', '2', '', '$2a$10$hT9RKp21WPXsb9MhpuZyCuG1V4L2EIb72nl/481JX/lXtl19voXUG', '0', '0', '125.122.26.38', '2022-02-23 15:31:42', 'admin', '2022-02-23 15:26:44', 'admin', '2022-02-23 15:31:42', null);
INSERT INTO `sys_user` VALUES ('5', '103', 'dev', '研发经理', '00', '', '', '0', '', '$2a$10$HrwcjrrHKAlGT9fdltIbGuJ64nr5Kxe3F2Uw4nQSSO2vW6rDmTTpG', '0', '0', '125.122.26.38', '2022-02-23 15:38:19', 'admin', '2022-02-23 15:37:10', 'admin', '2022-03-04 07:51:50', null);
INSERT INTO `sys_user` VALUES ('6', null, '13900001111', '139', '00', '', '', '0', '', '$2a$10$6VFt.Sp7s1MKfTeX3jcAY.89oCdk7KJzXhOhRS17n1ATZEuY55n7C', '0', '2', '', null, 'admin', '2022-03-04 07:53:05', '', null, null);

-- ----------------------------
-- Table structure for sys_user_post
-- ----------------------------
DROP TABLE IF EXISTS `sys_user_post`;
CREATE TABLE `sys_user_post` (
  `user_id` bigint(20) NOT NULL COMMENT '用户ID',
  `post_id` bigint(20) NOT NULL COMMENT '岗位ID',
  PRIMARY KEY (`user_id`,`post_id`)
) ENGINE=InnoDB DEFAULT CHARSET=utf8mb4 COMMENT='用户与岗位关联表';

-- ----------------------------
-- Records of sys_user_post
-- ----------------------------
INSERT INTO `sys_user_post` VALUES ('1', '1');
INSERT INTO `sys_user_post` VALUES ('4', '7');
INSERT INTO `sys_user_post` VALUES ('5', '5');

-- ----------------------------
-- Table structure for sys_user_role
-- ----------------------------
DROP TABLE IF EXISTS `sys_user_role`;
CREATE TABLE `sys_user_role` (
  `user_id` bigint(20) NOT NULL COMMENT '用户ID',
  `role_id` bigint(20) NOT NULL COMMENT '角色ID',
  PRIMARY KEY (`user_id`,`role_id`)
) ENGINE=InnoDB DEFAULT CHARSET=utf8mb4 COMMENT='用户和角色关联表';

-- ----------------------------
-- Records of sys_user_role
-- ----------------------------
INSERT INTO `sys_user_role` VALUES ('1', '1');
INSERT INTO `sys_user_role` VALUES ('4', '3');
INSERT INTO `sys_user_role` VALUES ('5', '4');
